{"type":"FeatureCollection","features":[{"type":"Feature","geometry":{"type":"Point","coordinates":[-5.841,42.62]},"properties":{"fecha":"2025-02-28","codigo_territorio":"24","nombre_territorio":"Le\u00f3n","longitud":-5.841,"latitud":42.62,"total":6218,"indefinido":2603,"temporal":3615,"provincia":"LE"}},{"type":"Feature","geometry":{"type":"Point","coordinates":[-4.535,42.37]},"properties":{"fecha":"2025-02-28","codigo_territorio":"34","nombre_territorio":"Palencia","longitud":-4.535,"latitud":42.37,"total":5040,"indefinido":883,"temporal":4157,"provincia":"PA"}},{"type":"Feature","geometry":{"type":"Point","coordinates":[-6.066,40.805]},"properties":{"fecha":"2025-02-28","codigo_territorio":"37","nombre_territorio":"Salamanca","longitud":-6.066,"latitud":40.805,"total":5547,"indefinido":2199,"temporal":3348,"provincia":"SA"}},{"type":"Feature","geometry":{"type":"Point","coordinates":[-4.055,41.171]},"properties":{"fecha":"2025-02-28","codigo_territorio":"40","nombre_territorio":"Segovia","longitud":-4.055,"latitud":41.171,"total":3635,"indefinido":1288,"temporal":2347,"provincia":"SE"}},{"type":"Feature","geometry":{"type":"Point","coordinates":[-4.397,41.835]},"properties":{"fecha":"2025-02-28","codigo_territorio":"07","nombre_territorio":"Castilla Le\u00f3n","longitud":-4.397,"latitud":41.835,"total":44851,"indefinido":16613,"temporal":28238,"provincia":"CYL"}},{"type":"Feature","geometry":{"type":"Point","coordinates":[-4.946,40.571]},"properties":{"fecha":"2025-02-28","codigo_territorio":"05","nombre_territorio":"\u00c1vila","longitud":-4.946,"latitud":40.571,"total":2414,"indefinido":943,"temporal":1471,"provincia":"AV"}},{"type":"Feature","geometry":{"type":"Point","coordinates":[-3.586,42.367]},"properties":{"fecha":"2025-02-28","codigo_territorio":"09","nombre_territorio":"Burgos","longitud":-3.586,"latitud":42.367,"total":6506,"indefinido":2674,"temporal":3832,"provincia":"BU"}},{"type":"Feature","geometry":{"type":"Point","coordinates":[-2.589,41.621]},"properties":{"fecha":"2025-02-28","codigo_territorio":"42","nombre_territorio":"Soria","longitud":-2.589,"latitud":41.621,"total":1566,"indefinido":719,"temporal":847,"provincia":"SO"}},{"type":"Feature","geometry":{"type":"Point","coordinates":[-4.847,41.634]},"properties":{"fecha":"2025-02-28","codigo_territorio":"47","nombre_territorio":"Valladolid","longitud":-4.847,"latitud":41.634,"total":10656,"indefinido":4297,"temporal":6359,"provincia":"VA"}},{"type":"Feature","geometry":{"type":"Point","coordinates":[-5.979,41.727]},"properties":{"fecha":"2025-02-28","codigo_territorio":"49","nombre_territorio":"Zamora","longitud":-5.979,"latitud":41.727,"total":3269,"indefinido":1007,"temporal":2262,"provincia":"ZA"}},{"type":"Feature","geometry":{"type":"Point","coordinates":[-6.066,40.805]},"properties":{"fecha":"2025-01-31","codigo_territorio":"37","nombre_territorio":"Salamanca","longitud":-6.066,"latitud":40.805,"total":6248,"indefinido":2271,"temporal":3977,"provincia":"SA"}},{"type":"Feature","geometry":{"type":"Point","coordinates":[-4.847,41.634]},"properties":{"fecha":"2025-01-31","codigo_territorio":"47","nombre_territorio":"Valladolid","longitud":-4.847,"latitud":41.634,"total":11407,"indefinido":4543,"temporal":6864,"provincia":"VA"}},{"type":"Feature","geometry":{"type":"Point","coordinates":[-5.841,42.62]},"properties":{"fecha":"2025-01-31","codigo_territorio":"24","nombre_territorio":"Le\u00f3n","longitud":-5.841,"latitud":42.62,"total":6755,"indefinido":2684,"temporal":4071,"provincia":"LE"}},{"type":"Feature","geometry":{"type":"Point","coordinates":[-4.055,41.171]},"properties":{"fecha":"2025-01-31","codigo_territorio":"40","nombre_territorio":"Segovia","longitud":-4.055,"latitud":41.171,"total":4007,"indefinido":1405,"temporal":2602,"provincia":"SE"}},{"type":"Feature","geometry":{"type":"Point","coordinates":[-2.589,41.621]},"properties":{"fecha":"2025-01-31","codigo_territorio":"42","nombre_territorio":"Soria","longitud":-2.589,"latitud":41.621,"total":1846,"indefinido":739,"temporal":1107,"provincia":"SO"}},{"type":"Feature","geometry":{"type":"Point","coordinates":[-5.979,41.727]},"properties":{"fecha":"2025-01-31","codigo_territorio":"49","nombre_territorio":"Zamora","longitud":-5.979,"latitud":41.727,"total":3394,"indefinido":929,"temporal":2465,"provincia":"ZA"}},{"type":"Feature","geometry":{"type":"Point","coordinates":[-4.397,41.835]},"properties":{"fecha":"2025-01-31","codigo_territorio":"07","nombre_territorio":"Castilla Le\u00f3n","longitud":-4.397,"latitud":41.835,"total":49860,"indefinido":17200,"temporal":32660,"provincia":"CYL"}},{"type":"Feature","geometry":{"type":"Point","coordinates":[-4.946,40.571]},"properties":{"fecha":"2025-01-31","codigo_territorio":"05","nombre_territorio":"\u00c1vila","longitud":-4.946,"latitud":40.571,"total":2406,"indefinido":861,"temporal":1545,"provincia":"AV"}},{"type":"Feature","geometry":{"type":"Point","coordinates":[-3.586,42.367]},"properties":{"fecha":"2025-01-31","codigo_territorio":"09","nombre_territorio":"Burgos","longitud":-3.586,"latitud":42.367,"total":7718,"indefinido":2826,"temporal":4892,"provincia":"BU"}},{"type":"Feature","geometry":{"type":"Point","coordinates":[-4.535,42.37]},"properties":{"fecha":"2025-01-31","codigo_territorio":"34","nombre_territorio":"Palencia","longitud":-4.535,"latitud":42.37,"total":6079,"indefinido":942,"temporal":5137,"provincia":"PA"}},{"type":"Feature","geometry":{"type":"Point","coordinates":[-3.586,42.367]},"properties":{"fecha":"2024-12-31","codigo_territorio":"09","nombre_territorio":"Burgos","longitud":-3.586,"latitud":42.367,"total":6564,"indefinido":2086,"temporal":4478,"provincia":"BU"}},{"type":"Feature","geometry":{"type":"Point","coordinates":[-5.979,41.727]},"properties":{"fecha":"2024-12-31","codigo_territorio":"49","nombre_territorio":"Zamora","longitud":-5.979,"latitud":41.727,"total":3267,"indefinido":758,"temporal":2509,"provincia":"ZA"}},{"type":"Feature","geometry":{"type":"Point","coordinates":[-4.397,41.835]},"properties":{"fecha":"2024-12-31","codigo_territorio":"07","nombre_territorio":"Castilla Le\u00f3n","longitud":-4.397,"latitud":41.835,"total":47657,"indefinido":13632,"temporal":34025,"provincia":"CYL"}},{"type":"Feature","geometry":{"type":"Point","coordinates":[-4.946,40.571]},"properties":{"fecha":"2024-12-31","codigo_territorio":"05","nombre_territorio":"\u00c1vila","longitud":-4.946,"latitud":40.571,"total":2989,"indefinido":766,"temporal":2223,"provincia":"AV"}},{"type":"Feature","geometry":{"type":"Point","coordinates":[-4.535,42.37]},"properties":{"fecha":"2024-12-31","codigo_territorio":"34","nombre_territorio":"Palencia","longitud":-4.535,"latitud":42.37,"total":5440,"indefinido":652,"temporal":4788,"provincia":"PA"}},{"type":"Feature","geometry":{"type":"Point","coordinates":[-6.066,40.805]},"properties":{"fecha":"2024-12-31","codigo_territorio":"37","nombre_territorio":"Salamanca","longitud":-6.066,"latitud":40.805,"total":6247,"indefinido":2037,"temporal":4210,"provincia":"SA"}},{"type":"Feature","geometry":{"type":"Point","coordinates":[-4.055,41.171]},"properties":{"fecha":"2024-12-31","codigo_territorio":"40","nombre_territorio":"Segovia","longitud":-4.055,"latitud":41.171,"total":3492,"indefinido":1045,"temporal":2447,"provincia":"SE"}},{"type":"Feature","geometry":{"type":"Point","coordinates":[-4.847,41.634]},"properties":{"fecha":"2024-12-31","codigo_territorio":"47","nombre_territorio":"Valladolid","longitud":-4.847,"latitud":41.634,"total":11098,"indefinido":3481,"temporal":7617,"provincia":"VA"}},{"type":"Feature","geometry":{"type":"Point","coordinates":[-5.841,42.62]},"properties":{"fecha":"2024-12-31","codigo_territorio":"24","nombre_territorio":"Le\u00f3n","longitud":-5.841,"latitud":42.62,"total":7050,"indefinido":2281,"temporal":4769,"provincia":"LE"}},{"type":"Feature","geometry":{"type":"Point","coordinates":[-2.589,41.621]},"properties":{"fecha":"2024-12-31","codigo_territorio":"42","nombre_territorio":"Soria","longitud":-2.589,"latitud":41.621,"total":1510,"indefinido":526,"temporal":984,"provincia":"SO"}},{"type":"Feature","geometry":{"type":"Point","coordinates":[-4.535,42.37]},"properties":{"fecha":"2024-11-30","codigo_territorio":"34","nombre_territorio":"Palencia","longitud":-4.535,"latitud":42.37,"total":5896,"indefinido":990,"temporal":4906,"provincia":"PA"}},{"type":"Feature","geometry":{"type":"Point","coordinates":[-4.847,41.634]},"properties":{"fecha":"2024-11-30","codigo_territorio":"47","nombre_territorio":"Valladolid","longitud":-4.847,"latitud":41.634,"total":12615,"indefinido":4922,"temporal":7693,"provincia":"VA"}},{"type":"Feature","geometry":{"type":"Point","coordinates":[-4.397,41.835]},"properties":{"fecha":"2024-11-30","codigo_territorio":"07","nombre_territorio":"Castilla Le\u00f3n","longitud":-4.397,"latitud":41.835,"total":52313,"indefinido":18258,"temporal":34055,"provincia":"CYL"}},{"type":"Feature","geometry":{"type":"Point","coordinates":[-4.946,40.571]},"properties":{"fecha":"2024-11-30","codigo_territorio":"05","nombre_territorio":"\u00c1vila","longitud":-4.946,"latitud":40.571,"total":2442,"indefinido":918,"temporal":1524,"provincia":"AV"}},{"type":"Feature","geometry":{"type":"Point","coordinates":[-3.586,42.367]},"properties":{"fecha":"2024-11-30","codigo_territorio":"09","nombre_territorio":"Burgos","longitud":-3.586,"latitud":42.367,"total":7819,"indefinido":2765,"temporal":5054,"provincia":"BU"}},{"type":"Feature","geometry":{"type":"Point","coordinates":[-5.841,42.62]},"properties":{"fecha":"2024-11-30","codigo_territorio":"24","nombre_territorio":"Le\u00f3n","longitud":-5.841,"latitud":42.62,"total":7480,"indefinido":3049,"temporal":4431,"provincia":"LE"}},{"type":"Feature","geometry":{"type":"Point","coordinates":[-6.066,40.805]},"properties":{"fecha":"2024-11-30","codigo_territorio":"37","nombre_territorio":"Salamanca","longitud":-6.066,"latitud":40.805,"total":6766,"indefinido":2548,"temporal":4218,"provincia":"SA"}},{"type":"Feature","geometry":{"type":"Point","coordinates":[-4.055,41.171]},"properties":{"fecha":"2024-11-30","codigo_territorio":"40","nombre_territorio":"Segovia","longitud":-4.055,"latitud":41.171,"total":4083,"indefinido":1344,"temporal":2739,"provincia":"SE"}},{"type":"Feature","geometry":{"type":"Point","coordinates":[-5.979,41.727]},"properties":{"fecha":"2024-11-30","codigo_territorio":"49","nombre_territorio":"Zamora","longitud":-5.979,"latitud":41.727,"total":3415,"indefinido":972,"temporal":2443,"provincia":"ZA"}},{"type":"Feature","geometry":{"type":"Point","coordinates":[-2.589,41.621]},"properties":{"fecha":"2024-11-30","codigo_territorio":"42","nombre_territorio":"Soria","longitud":-2.589,"latitud":41.621,"total":1797,"indefinido":750,"temporal":1047,"provincia":"SO"}},{"type":"Feature","geometry":{"type":"Point","coordinates":[-4.055,41.171]},"properties":{"fecha":"2024-10-31","codigo_territorio":"40","nombre_territorio":"Segovia","longitud":-4.055,"latitud":41.171,"total":6015,"indefinido":2435,"temporal":3580,"provincia":"SE"}},{"type":"Feature","geometry":{"type":"Point","coordinates":[-2.589,41.621]},"properties":{"fecha":"2024-10-31","codigo_territorio":"42","nombre_territorio":"Soria","longitud":-2.589,"latitud":41.621,"total":2634,"indefinido":1011,"temporal":1623,"provincia":"SO"}},{"type":"Feature","geometry":{"type":"Point","coordinates":[-4.946,40.571]},"properties":{"fecha":"2024-10-31","codigo_territorio":"05","nombre_territorio":"\u00c1vila","longitud":-4.946,"latitud":40.571,"total":4594,"indefinido":2166,"temporal":2428,"provincia":"AV"}},{"type":"Feature","geometry":{"type":"Point","coordinates":[-3.586,42.367]},"properties":{"fecha":"2024-10-31","codigo_territorio":"09","nombre_territorio":"Burgos","longitud":-3.586,"latitud":42.367,"total":11001,"indefinido":4588,"temporal":6413,"provincia":"BU"}},{"type":"Feature","geometry":{"type":"Point","coordinates":[-5.841,42.62]},"properties":{"fecha":"2024-10-31","codigo_territorio":"24","nombre_territorio":"Le\u00f3n","longitud":-5.841,"latitud":42.62,"total":10662,"indefinido":4537,"temporal":6125,"provincia":"LE"}},{"type":"Feature","geometry":{"type":"Point","coordinates":[-4.535,42.37]},"properties":{"fecha":"2024-10-31","codigo_territorio":"34","nombre_territorio":"Palencia","longitud":-4.535,"latitud":42.37,"total":7316,"indefinido":1279,"temporal":6037,"provincia":"PA"}},{"type":"Feature","geometry":{"type":"Point","coordinates":[-6.066,40.805]},"properties":{"fecha":"2024-10-31","codigo_territorio":"37","nombre_territorio":"Salamanca","longitud":-6.066,"latitud":40.805,"total":9163,"indefinido":3622,"temporal":5541,"provincia":"SA"}},{"type":"Feature","geometry":{"type":"Point","coordinates":[-4.847,41.634]},"properties":{"fecha":"2024-10-31","codigo_territorio":"47","nombre_territorio":"Valladolid","longitud":-4.847,"latitud":41.634,"total":16514,"indefinido":6859,"temporal":9655,"provincia":"VA"}},{"type":"Feature","geometry":{"type":"Point","coordinates":[-5.979,41.727]},"properties":{"fecha":"2024-10-31","codigo_territorio":"49","nombre_territorio":"Zamora","longitud":-5.979,"latitud":41.727,"total":4646,"indefinido":1441,"temporal":3205,"provincia":"ZA"}},{"type":"Feature","geometry":{"type":"Point","coordinates":[-4.397,41.835]},"properties":{"fecha":"2024-10-31","codigo_territorio":"07","nombre_territorio":"Castilla Le\u00f3n","longitud":-4.397,"latitud":41.835,"total":72545,"indefinido":27938,"temporal":44607,"provincia":"CYL"}},{"type":"Feature","geometry":{"type":"Point","coordinates":[-4.946,40.571]},"properties":{"fecha":"2024-09-30","codigo_territorio":"05","nombre_territorio":"\u00c1vila","longitud":-4.946,"latitud":40.571,"total":3494,"indefinido":1160,"temporal":2334,"provincia":"AV"}},{"type":"Feature","geometry":{"type":"Point","coordinates":[-5.841,42.62]},"properties":{"fecha":"2024-09-30","codigo_territorio":"24","nombre_territorio":"Le\u00f3n","longitud":-5.841,"latitud":42.62,"total":10364,"indefinido":4580,"temporal":5784,"provincia":"LE"}},{"type":"Feature","geometry":{"type":"Point","coordinates":[-4.535,42.37]},"properties":{"fecha":"2024-09-30","codigo_territorio":"34","nombre_territorio":"Palencia","longitud":-4.535,"latitud":42.37,"total":6852,"indefinido":1130,"temporal":5722,"provincia":"PA"}},{"type":"Feature","geometry":{"type":"Point","coordinates":[-4.397,41.835]},"properties":{"fecha":"2024-09-30","codigo_territorio":"07","nombre_territorio":"Castilla Le\u00f3n","longitud":-4.397,"latitud":41.835,"total":68888,"indefinido":24825,"temporal":44063,"provincia":"CYL"}},{"type":"Feature","geometry":{"type":"Point","coordinates":[-3.586,42.367]},"properties":{"fecha":"2024-09-30","codigo_territorio":"09","nombre_territorio":"Burgos","longitud":-3.586,"latitud":42.367,"total":10793,"indefinido":4271,"temporal":6522,"provincia":"BU"}},{"type":"Feature","geometry":{"type":"Point","coordinates":[-6.066,40.805]},"properties":{"fecha":"2024-09-30","codigo_territorio":"37","nombre_territorio":"Salamanca","longitud":-6.066,"latitud":40.805,"total":9013,"indefinido":3331,"temporal":5682,"provincia":"SA"}},{"type":"Feature","geometry":{"type":"Point","coordinates":[-4.055,41.171]},"properties":{"fecha":"2024-09-30","codigo_territorio":"40","nombre_territorio":"Segovia","longitud":-4.055,"latitud":41.171,"total":4736,"indefinido":1748,"temporal":2988,"provincia":"SE"}},{"type":"Feature","geometry":{"type":"Point","coordinates":[-5.979,41.727]},"properties":{"fecha":"2024-09-30","codigo_territorio":"49","nombre_territorio":"Zamora","longitud":-5.979,"latitud":41.727,"total":5029,"indefinido":1546,"temporal":3483,"provincia":"ZA"}},{"type":"Feature","geometry":{"type":"Point","coordinates":[-2.589,41.621]},"properties":{"fecha":"2024-09-30","codigo_territorio":"42","nombre_territorio":"Soria","longitud":-2.589,"latitud":41.621,"total":2794,"indefinido":1012,"temporal":1782,"provincia":"SO"}},{"type":"Feature","geometry":{"type":"Point","coordinates":[-4.847,41.634]},"properties":{"fecha":"2024-09-30","codigo_territorio":"47","nombre_territorio":"Valladolid","longitud":-4.847,"latitud":41.634,"total":15813,"indefinido":6047,"temporal":9766,"provincia":"VA"}},{"type":"Feature","geometry":{"type":"Point","coordinates":[-5.841,42.62]},"properties":{"fecha":"2024-08-31","codigo_territorio":"24","nombre_territorio":"Le\u00f3n","longitud":-5.841,"latitud":42.62,"total":8930,"indefinido":3444,"temporal":5486,"provincia":"LE"}},{"type":"Feature","geometry":{"type":"Point","coordinates":[-6.066,40.805]},"properties":{"fecha":"2024-08-31","codigo_territorio":"37","nombre_territorio":"Salamanca","longitud":-6.066,"latitud":40.805,"total":6267,"indefinido":1950,"temporal":4317,"provincia":"SA"}},{"type":"Feature","geometry":{"type":"Point","coordinates":[-5.979,41.727]},"properties":{"fecha":"2024-08-31","codigo_territorio":"49","nombre_territorio":"Zamora","longitud":-5.979,"latitud":41.727,"total":3882,"indefinido":861,"temporal":3021,"provincia":"ZA"}},{"type":"Feature","geometry":{"type":"Point","coordinates":[-4.946,40.571]},"properties":{"fecha":"2024-08-31","codigo_territorio":"05","nombre_territorio":"\u00c1vila","longitud":-4.946,"latitud":40.571,"total":3131,"indefinido":935,"temporal":2196,"provincia":"AV"}},{"type":"Feature","geometry":{"type":"Point","coordinates":[-2.589,41.621]},"properties":{"fecha":"2024-08-31","codigo_territorio":"42","nombre_territorio":"Soria","longitud":-2.589,"latitud":41.621,"total":2097,"indefinido":723,"temporal":1374,"provincia":"SO"}},{"type":"Feature","geometry":{"type":"Point","coordinates":[-3.586,42.367]},"properties":{"fecha":"2024-08-31","codigo_territorio":"09","nombre_territorio":"Burgos","longitud":-3.586,"latitud":42.367,"total":8017,"indefinido":2158,"temporal":5859,"provincia":"BU"}},{"type":"Feature","geometry":{"type":"Point","coordinates":[-4.535,42.37]},"properties":{"fecha":"2024-08-31","codigo_territorio":"34","nombre_territorio":"Palencia","longitud":-4.535,"latitud":42.37,"total":5769,"indefinido":691,"temporal":5078,"provincia":"PA"}},{"type":"Feature","geometry":{"type":"Point","coordinates":[-4.055,41.171]},"properties":{"fecha":"2024-08-31","codigo_territorio":"40","nombre_territorio":"Segovia","longitud":-4.055,"latitud":41.171,"total":4150,"indefinido":1374,"temporal":2776,"provincia":"SE"}},{"type":"Feature","geometry":{"type":"Point","coordinates":[-4.847,41.634]},"properties":{"fecha":"2024-08-31","codigo_territorio":"47","nombre_territorio":"Valladolid","longitud":-4.847,"latitud":41.634,"total":10668,"indefinido":3649,"temporal":7019,"provincia":"VA"}},{"type":"Feature","geometry":{"type":"Point","coordinates":[-4.397,41.835]},"properties":{"fecha":"2024-08-31","codigo_territorio":"07","nombre_territorio":"Castilla Le\u00f3n","longitud":-4.397,"latitud":41.835,"total":52911,"indefinido":15785,"temporal":37126,"provincia":"CYL"}},{"type":"Feature","geometry":{"type":"Point","coordinates":[-3.586,42.367]},"properties":{"fecha":"2024-07-31","codigo_territorio":"09","nombre_territorio":"Burgos","longitud":-3.586,"latitud":42.367,"total":10614,"indefinido":3486,"temporal":7128,"provincia":"BU"}},{"type":"Feature","geometry":{"type":"Point","coordinates":[-4.535,42.37]},"properties":{"fecha":"2024-07-31","codigo_territorio":"34","nombre_territorio":"Palencia","longitud":-4.535,"latitud":42.37,"total":7913,"indefinido":1024,"temporal":6889,"provincia":"PA"}},{"type":"Feature","geometry":{"type":"Point","coordinates":[-2.589,41.621]},"properties":{"fecha":"2024-07-31","codigo_territorio":"42","nombre_territorio":"Soria","longitud":-2.589,"latitud":41.621,"total":3306,"indefinido":1185,"temporal":2121,"provincia":"SO"}},{"type":"Feature","geometry":{"type":"Point","coordinates":[-4.847,41.634]},"properties":{"fecha":"2024-07-31","codigo_territorio":"47","nombre_territorio":"Valladolid","longitud":-4.847,"latitud":41.634,"total":15891,"indefinido":5559,"temporal":10332,"provincia":"VA"}},{"type":"Feature","geometry":{"type":"Point","coordinates":[-6.066,40.805]},"properties":{"fecha":"2024-07-31","codigo_territorio":"37","nombre_territorio":"Salamanca","longitud":-6.066,"latitud":40.805,"total":9114,"indefinido":2662,"temporal":6452,"provincia":"SA"}},{"type":"Feature","geometry":{"type":"Point","coordinates":[-4.055,41.171]},"properties":{"fecha":"2024-07-31","codigo_territorio":"40","nombre_territorio":"Segovia","longitud":-4.055,"latitud":41.171,"total":6510,"indefinido":2567,"temporal":3943,"provincia":"SE"}},{"type":"Feature","geometry":{"type":"Point","coordinates":[-5.979,41.727]},"properties":{"fecha":"2024-07-31","codigo_territorio":"49","nombre_territorio":"Zamora","longitud":-5.979,"latitud":41.727,"total":5367,"indefinido":1336,"temporal":4031,"provincia":"ZA"}},{"type":"Feature","geometry":{"type":"Point","coordinates":[-4.946,40.571]},"properties":{"fecha":"2024-07-31","codigo_territorio":"05","nombre_territorio":"\u00c1vila","longitud":-4.946,"latitud":40.571,"total":4759,"indefinido":1542,"temporal":3217,"provincia":"AV"}},{"type":"Feature","geometry":{"type":"Point","coordinates":[-5.841,42.62]},"properties":{"fecha":"2024-07-31","codigo_territorio":"24","nombre_territorio":"Le\u00f3n","longitud":-5.841,"latitud":42.62,"total":11479,"indefinido":3813,"temporal":7666,"provincia":"LE"}},{"type":"Feature","geometry":{"type":"Point","coordinates":[-4.397,41.835]},"properties":{"fecha":"2024-07-31","codigo_territorio":"07","nombre_territorio":"Castilla Le\u00f3n","longitud":-4.397,"latitud":41.835,"total":74953,"indefinido":23174,"temporal":51779,"provincia":"CYL"}},{"type":"Feature","geometry":{"type":"Point","coordinates":[-3.586,42.367]},"properties":{"fecha":"2024-06-30","codigo_territorio":"09","nombre_territorio":"Burgos","longitud":-3.586,"latitud":42.367,"total":9606,"indefinido":3202,"temporal":6404,"provincia":"BU"}},{"type":"Feature","geometry":{"type":"Point","coordinates":[-5.841,42.62]},"properties":{"fecha":"2024-06-30","codigo_territorio":"24","nombre_territorio":"Le\u00f3n","longitud":-5.841,"latitud":42.62,"total":9848,"indefinido":3512,"temporal":6336,"provincia":"LE"}},{"type":"Feature","geometry":{"type":"Point","coordinates":[-4.535,42.37]},"properties":{"fecha":"2024-06-30","codigo_territorio":"34","nombre_territorio":"Palencia","longitud":-4.535,"latitud":42.37,"total":6700,"indefinido":934,"temporal":5766,"provincia":"PA"}},{"type":"Feature","geometry":{"type":"Point","coordinates":[-6.066,40.805]},"properties":{"fecha":"2024-06-30","codigo_territorio":"37","nombre_territorio":"Salamanca","longitud":-6.066,"latitud":40.805,"total":7842,"indefinido":2587,"temporal":5255,"provincia":"SA"}},{"type":"Feature","geometry":{"type":"Point","coordinates":[-4.055,41.171]},"properties":{"fecha":"2024-06-30","codigo_territorio":"40","nombre_territorio":"Segovia","longitud":-4.055,"latitud":41.171,"total":5768,"indefinido":2431,"temporal":3337,"provincia":"SE"}},{"type":"Feature","geometry":{"type":"Point","coordinates":[-2.589,41.621]},"properties":{"fecha":"2024-06-30","codigo_territorio":"42","nombre_territorio":"Soria","longitud":-2.589,"latitud":41.621,"total":2547,"indefinido":881,"temporal":1666,"provincia":"SO"}},{"type":"Feature","geometry":{"type":"Point","coordinates":[-4.946,40.571]},"properties":{"fecha":"2024-06-30","codigo_territorio":"05","nombre_territorio":"\u00c1vila","longitud":-4.946,"latitud":40.571,"total":4235,"indefinido":1427,"temporal":2808,"provincia":"AV"}},{"type":"Feature","geometry":{"type":"Point","coordinates":[-4.847,41.634]},"properties":{"fecha":"2024-06-30","codigo_territorio":"47","nombre_territorio":"Valladolid","longitud":-4.847,"latitud":41.634,"total":15517,"indefinido":5505,"temporal":10012,"provincia":"VA"}},{"type":"Feature","geometry":{"type":"Point","coordinates":[-5.979,41.727]},"properties":{"fecha":"2024-06-30","codigo_territorio":"49","nombre_territorio":"Zamora","longitud":-5.979,"latitud":41.727,"total":4539,"indefinido":1265,"temporal":3274,"provincia":"ZA"}},{"type":"Feature","geometry":{"type":"Point","coordinates":[-4.397,41.835]},"properties":{"fecha":"2024-06-30","codigo_territorio":"07","nombre_territorio":"Castilla Le\u00f3n","longitud":-4.397,"latitud":41.835,"total":66602,"indefinido":21744,"temporal":44858,"provincia":"CYL"}},{"type":"Feature","geometry":{"type":"Point","coordinates":[-5.841,42.62]},"properties":{"fecha":"2024-05-31","codigo_territorio":"24","nombre_territorio":"Le\u00f3n","longitud":-5.841,"latitud":42.62,"total":9013,"indefinido":3337,"temporal":5676,"provincia":"LE"}},{"type":"Feature","geometry":{"type":"Point","coordinates":[-4.535,42.37]},"properties":{"fecha":"2024-05-31","codigo_territorio":"34","nombre_territorio":"Palencia","longitud":-4.535,"latitud":42.37,"total":6640,"indefinido":902,"temporal":5738,"provincia":"PA"}},{"type":"Feature","geometry":{"type":"Point","coordinates":[-4.055,41.171]},"properties":{"fecha":"2024-05-31","codigo_territorio":"40","nombre_territorio":"Segovia","longitud":-4.055,"latitud":41.171,"total":4482,"indefinido":1722,"temporal":2760,"provincia":"SE"}},{"type":"Feature","geometry":{"type":"Point","coordinates":[-2.589,41.621]},"properties":{"fecha":"2024-05-31","codigo_territorio":"42","nombre_territorio":"Soria","longitud":-2.589,"latitud":41.621,"total":2222,"indefinido":897,"temporal":1325,"provincia":"SO"}},{"type":"Feature","geometry":{"type":"Point","coordinates":[-4.946,40.571]},"properties":{"fecha":"2024-05-31","codigo_territorio":"05","nombre_territorio":"\u00c1vila","longitud":-4.946,"latitud":40.571,"total":3127,"indefinido":1039,"temporal":2088,"provincia":"AV"}},{"type":"Feature","geometry":{"type":"Point","coordinates":[-5.979,41.727]},"properties":{"fecha":"2024-05-31","codigo_territorio":"49","nombre_territorio":"Zamora","longitud":-5.979,"latitud":41.727,"total":4438,"indefinido":1177,"temporal":3261,"provincia":"ZA"}},{"type":"Feature","geometry":{"type":"Point","coordinates":[-4.397,41.835]},"properties":{"fecha":"2024-05-31","codigo_territorio":"07","nombre_territorio":"Castilla Le\u00f3n","longitud":-4.397,"latitud":41.835,"total":60483,"indefinido":20770,"temporal":39713,"provincia":"CYL"}},{"type":"Feature","geometry":{"type":"Point","coordinates":[-3.586,42.367]},"properties":{"fecha":"2024-05-31","codigo_territorio":"09","nombre_territorio":"Burgos","longitud":-3.586,"latitud":42.367,"total":9484,"indefinido":3692,"temporal":5792,"provincia":"BU"}},{"type":"Feature","geometry":{"type":"Point","coordinates":[-6.066,40.805]},"properties":{"fecha":"2024-05-31","codigo_territorio":"37","nombre_territorio":"Salamanca","longitud":-6.066,"latitud":40.805,"total":7833,"indefinido":2903,"temporal":4930,"provincia":"SA"}},{"type":"Feature","geometry":{"type":"Point","coordinates":[-4.847,41.634]},"properties":{"fecha":"2024-05-31","codigo_territorio":"47","nombre_territorio":"Valladolid","longitud":-4.847,"latitud":41.634,"total":13244,"indefinido":5101,"temporal":8143,"provincia":"VA"}},{"type":"Feature","geometry":{"type":"Point","coordinates":[-5.841,42.62]},"properties":{"fecha":"2024-04-30","codigo_territorio":"24","nombre_territorio":"Le\u00f3n","longitud":-5.841,"latitud":42.62,"total":7612,"indefinido":2992,"temporal":4620,"provincia":"LE"}},{"type":"Feature","geometry":{"type":"Point","coordinates":[-4.847,41.634]},"properties":{"fecha":"2024-04-30","codigo_territorio":"47","nombre_territorio":"Valladolid","longitud":-4.847,"latitud":41.634,"total":11427,"indefinido":4445,"temporal":6982,"provincia":"VA"}},{"type":"Feature","geometry":{"type":"Point","coordinates":[-5.979,41.727]},"properties":{"fecha":"2024-04-30","codigo_territorio":"49","nombre_territorio":"Zamora","longitud":-5.979,"latitud":41.727,"total":3558,"indefinido":969,"temporal":2589,"provincia":"ZA"}},{"type":"Feature","geometry":{"type":"Point","coordinates":[-4.397,41.835]},"properties":{"fecha":"2024-04-30","codigo_territorio":"07","nombre_territorio":"Castilla Le\u00f3n","longitud":-4.397,"latitud":41.835,"total":52185,"indefinido":18100,"temporal":34085,"provincia":"CYL"}},{"type":"Feature","geometry":{"type":"Point","coordinates":[-3.586,42.367]},"properties":{"fecha":"2024-04-30","codigo_territorio":"09","nombre_territorio":"Burgos","longitud":-3.586,"latitud":42.367,"total":7874,"indefinido":2959,"temporal":4915,"provincia":"BU"}},{"type":"Feature","geometry":{"type":"Point","coordinates":[-4.946,40.571]},"properties":{"fecha":"2024-04-30","codigo_territorio":"05","nombre_territorio":"\u00c1vila","longitud":-4.946,"latitud":40.571,"total":3073,"indefinido":1072,"temporal":2001,"provincia":"AV"}},{"type":"Feature","geometry":{"type":"Point","coordinates":[-4.535,42.37]},"properties":{"fecha":"2024-04-30","codigo_territorio":"34","nombre_territorio":"Palencia","longitud":-4.535,"latitud":42.37,"total":6191,"indefinido":987,"temporal":5204,"provincia":"PA"}},{"type":"Feature","geometry":{"type":"Point","coordinates":[-6.066,40.805]},"properties":{"fecha":"2024-04-30","codigo_territorio":"37","nombre_territorio":"Salamanca","longitud":-6.066,"latitud":40.805,"total":6611,"indefinido":2591,"temporal":4020,"provincia":"SA"}},{"type":"Feature","geometry":{"type":"Point","coordinates":[-4.055,41.171]},"properties":{"fecha":"2024-04-30","codigo_territorio":"40","nombre_territorio":"Segovia","longitud":-4.055,"latitud":41.171,"total":3804,"indefinido":1220,"temporal":2584,"provincia":"SE"}},{"type":"Feature","geometry":{"type":"Point","coordinates":[-2.589,41.621]},"properties":{"fecha":"2024-04-30","codigo_territorio":"42","nombre_territorio":"Soria","longitud":-2.589,"latitud":41.621,"total":2035,"indefinido":865,"temporal":1170,"provincia":"SO"}},{"type":"Feature","geometry":{"type":"Point","coordinates":[-4.847,41.634]},"properties":{"fecha":"2024-03-31","codigo_territorio":"47","nombre_territorio":"Valladolid","longitud":-4.847,"latitud":41.634,"total":10154,"indefinido":4040,"temporal":6114,"provincia":"VA"}},{"type":"Feature","geometry":{"type":"Point","coordinates":[-3.586,42.367]},"properties":{"fecha":"2024-03-31","codigo_territorio":"09","nombre_territorio":"Burgos","longitud":-3.586,"latitud":42.367,"total":7297,"indefinido":2793,"temporal":4504,"provincia":"BU"}},{"type":"Feature","geometry":{"type":"Point","coordinates":[-6.066,40.805]},"properties":{"fecha":"2024-03-31","codigo_territorio":"37","nombre_territorio":"Salamanca","longitud":-6.066,"latitud":40.805,"total":5898,"indefinido":2472,"temporal":3426,"provincia":"SA"}},{"type":"Feature","geometry":{"type":"Point","coordinates":[-5.979,41.727]},"properties":{"fecha":"2024-03-31","codigo_territorio":"49","nombre_territorio":"Zamora","longitud":-5.979,"latitud":41.727,"total":3594,"indefinido":1051,"temporal":2543,"provincia":"ZA"}},{"type":"Feature","geometry":{"type":"Point","coordinates":[-4.946,40.571]},"properties":{"fecha":"2024-03-31","codigo_territorio":"05","nombre_territorio":"\u00c1vila","longitud":-4.946,"latitud":40.571,"total":2604,"indefinido":996,"temporal":1608,"provincia":"AV"}},{"type":"Feature","geometry":{"type":"Point","coordinates":[-5.841,42.62]},"properties":{"fecha":"2024-03-31","codigo_territorio":"24","nombre_territorio":"Le\u00f3n","longitud":-5.841,"latitud":42.62,"total":7298,"indefinido":3022,"temporal":4276,"provincia":"LE"}},{"type":"Feature","geometry":{"type":"Point","coordinates":[-4.535,42.37]},"properties":{"fecha":"2024-03-31","codigo_territorio":"34","nombre_territorio":"Palencia","longitud":-4.535,"latitud":42.37,"total":5478,"indefinido":850,"temporal":4628,"provincia":"PA"}},{"type":"Feature","geometry":{"type":"Point","coordinates":[-4.055,41.171]},"properties":{"fecha":"2024-03-31","codigo_territorio":"40","nombre_territorio":"Segovia","longitud":-4.055,"latitud":41.171,"total":3430,"indefinido":1107,"temporal":2323,"provincia":"SE"}},{"type":"Feature","geometry":{"type":"Point","coordinates":[-2.589,41.621]},"properties":{"fecha":"2024-03-31","codigo_territorio":"42","nombre_territorio":"Soria","longitud":-2.589,"latitud":41.621,"total":1887,"indefinido":841,"temporal":1046,"provincia":"SO"}},{"type":"Feature","geometry":{"type":"Point","coordinates":[-4.397,41.835]},"properties":{"fecha":"2024-03-31","codigo_territorio":"07","nombre_territorio":"Castilla Le\u00f3n","longitud":-4.397,"latitud":41.835,"total":47640,"indefinido":17172,"temporal":30468,"provincia":"CYL"}},{"type":"Feature","geometry":{"type":"Point","coordinates":[-3.586,42.367]},"properties":{"fecha":"2024-02-29","codigo_territorio":"09","nombre_territorio":"Burgos","longitud":-3.586,"latitud":42.367,"total":7259,"indefinido":3118,"temporal":4141,"provincia":"BU"}},{"type":"Feature","geometry":{"type":"Point","coordinates":[-5.841,42.62]},"properties":{"fecha":"2024-02-29","codigo_territorio":"24","nombre_territorio":"Le\u00f3n","longitud":-5.841,"latitud":42.62,"total":6999,"indefinido":3163,"temporal":3836,"provincia":"LE"}},{"type":"Feature","geometry":{"type":"Point","coordinates":[-4.055,41.171]},"properties":{"fecha":"2024-02-29","codigo_territorio":"40","nombre_territorio":"Segovia","longitud":-4.055,"latitud":41.171,"total":3578,"indefinido":1297,"temporal":2281,"provincia":"SE"}},{"type":"Feature","geometry":{"type":"Point","coordinates":[-5.979,41.727]},"properties":{"fecha":"2024-02-29","codigo_territorio":"49","nombre_territorio":"Zamora","longitud":-5.979,"latitud":41.727,"total":3223,"indefinido":1046,"temporal":2177,"provincia":"ZA"}},{"type":"Feature","geometry":{"type":"Point","coordinates":[-4.397,41.835]},"properties":{"fecha":"2024-02-29","codigo_territorio":"07","nombre_territorio":"Castilla Le\u00f3n","longitud":-4.397,"latitud":41.835,"total":47085,"indefinido":18432,"temporal":28653,"provincia":"CYL"}},{"type":"Feature","geometry":{"type":"Point","coordinates":[-4.946,40.571]},"properties":{"fecha":"2024-02-29","codigo_territorio":"05","nombre_territorio":"\u00c1vila","longitud":-4.946,"latitud":40.571,"total":2519,"indefinido":966,"temporal":1553,"provincia":"AV"}},{"type":"Feature","geometry":{"type":"Point","coordinates":[-4.535,42.37]},"properties":{"fecha":"2024-02-29","codigo_territorio":"34","nombre_territorio":"Palencia","longitud":-4.535,"latitud":42.37,"total":5080,"indefinido":859,"temporal":4221,"provincia":"PA"}},{"type":"Feature","geometry":{"type":"Point","coordinates":[-6.066,40.805]},"properties":{"fecha":"2024-02-29","codigo_territorio":"37","nombre_territorio":"Salamanca","longitud":-6.066,"latitud":40.805,"total":5902,"indefinido":2534,"temporal":3368,"provincia":"SA"}},{"type":"Feature","geometry":{"type":"Point","coordinates":[-2.589,41.621]},"properties":{"fecha":"2024-02-29","codigo_territorio":"42","nombre_territorio":"Soria","longitud":-2.589,"latitud":41.621,"total":1727,"indefinido":902,"temporal":825,"provincia":"SO"}},{"type":"Feature","geometry":{"type":"Point","coordinates":[-4.847,41.634]},"properties":{"fecha":"2024-02-29","codigo_territorio":"47","nombre_territorio":"Valladolid","longitud":-4.847,"latitud":41.634,"total":10798,"indefinido":4547,"temporal":6251,"provincia":"VA"}},{"type":"Feature","geometry":{"type":"Point","coordinates":[-3.586,42.367]},"properties":{"fecha":"2024-01-31","codigo_territorio":"09","nombre_territorio":"Burgos","longitud":-3.586,"latitud":42.367,"total":7608,"indefinido":2960,"temporal":4648,"provincia":"BU"}},{"type":"Feature","geometry":{"type":"Point","coordinates":[-4.535,42.37]},"properties":{"fecha":"2024-01-31","codigo_territorio":"34","nombre_territorio":"Palencia","longitud":-4.535,"latitud":42.37,"total":5534,"indefinido":1032,"temporal":4502,"provincia":"PA"}},{"type":"Feature","geometry":{"type":"Point","coordinates":[-4.847,41.634]},"properties":{"fecha":"2024-01-31","codigo_territorio":"47","nombre_territorio":"Valladolid","longitud":-4.847,"latitud":41.634,"total":10409,"indefinido":3855,"temporal":6554,"provincia":"VA"}},{"type":"Feature","geometry":{"type":"Point","coordinates":[-4.397,41.835]},"properties":{"fecha":"2024-01-31","codigo_territorio":"07","nombre_territorio":"Castilla Le\u00f3n","longitud":-4.397,"latitud":41.835,"total":47141,"indefinido":16613,"temporal":30528,"provincia":"CYL"}},{"type":"Feature","geometry":{"type":"Point","coordinates":[-5.841,42.62]},"properties":{"fecha":"2024-01-31","codigo_territorio":"24","nombre_territorio":"Le\u00f3n","longitud":-5.841,"latitud":42.62,"total":6763,"indefinido":2781,"temporal":3982,"provincia":"LE"}},{"type":"Feature","geometry":{"type":"Point","coordinates":[-6.066,40.805]},"properties":{"fecha":"2024-01-31","codigo_territorio":"37","nombre_territorio":"Salamanca","longitud":-6.066,"latitud":40.805,"total":6128,"indefinido":2381,"temporal":3747,"provincia":"SA"}},{"type":"Feature","geometry":{"type":"Point","coordinates":[-4.055,41.171]},"properties":{"fecha":"2024-01-31","codigo_territorio":"40","nombre_territorio":"Segovia","longitud":-4.055,"latitud":41.171,"total":3561,"indefinido":1181,"temporal":2380,"provincia":"SE"}},{"type":"Feature","geometry":{"type":"Point","coordinates":[-2.589,41.621]},"properties":{"fecha":"2024-01-31","codigo_territorio":"42","nombre_territorio":"Soria","longitud":-2.589,"latitud":41.621,"total":1607,"indefinido":680,"temporal":927,"provincia":"SO"}},{"type":"Feature","geometry":{"type":"Point","coordinates":[-4.946,40.571]},"properties":{"fecha":"2024-01-31","codigo_territorio":"05","nombre_territorio":"\u00c1vila","longitud":-4.946,"latitud":40.571,"total":2405,"indefinido":784,"temporal":1621,"provincia":"AV"}},{"type":"Feature","geometry":{"type":"Point","coordinates":[-5.979,41.727]},"properties":{"fecha":"2024-01-31","codigo_territorio":"49","nombre_territorio":"Zamora","longitud":-5.979,"latitud":41.727,"total":3126,"indefinido":959,"temporal":2167,"provincia":"ZA"}},{"type":"Feature","geometry":{"type":"Point","coordinates":[-4.946,40.571]},"properties":{"fecha":"2023-12-31","codigo_territorio":"05","nombre_territorio":"\u00c1vila","longitud":-4.946,"latitud":40.571,"total":2918,"indefinido":720,"temporal":2198,"provincia":"AV"}},{"type":"Feature","geometry":{"type":"Point","coordinates":[-4.535,42.37]},"properties":{"fecha":"2023-12-31","codigo_territorio":"34","nombre_territorio":"Palencia","longitud":-4.535,"latitud":42.37,"total":4533,"indefinido":617,"temporal":3916,"provincia":"PA"}},{"type":"Feature","geometry":{"type":"Point","coordinates":[-6.066,40.805]},"properties":{"fecha":"2023-12-31","codigo_territorio":"37","nombre_territorio":"Salamanca","longitud":-6.066,"latitud":40.805,"total":6634,"indefinido":2557,"temporal":4077,"provincia":"SA"}},{"type":"Feature","geometry":{"type":"Point","coordinates":[-4.847,41.634]},"properties":{"fecha":"2023-12-31","codigo_territorio":"47","nombre_territorio":"Valladolid","longitud":-4.847,"latitud":41.634,"total":10780,"indefinido":3721,"temporal":7059,"provincia":"VA"}},{"type":"Feature","geometry":{"type":"Point","coordinates":[-4.397,41.835]},"properties":{"fecha":"2023-12-31","codigo_territorio":"07","nombre_territorio":"Castilla Le\u00f3n","longitud":-4.397,"latitud":41.835,"total":46889,"indefinido":14275,"temporal":32614,"provincia":"CYL"}},{"type":"Feature","geometry":{"type":"Point","coordinates":[-3.586,42.367]},"properties":{"fecha":"2023-12-31","codigo_territorio":"09","nombre_territorio":"Burgos","longitud":-3.586,"latitud":42.367,"total":6934,"indefinido":2070,"temporal":4864,"provincia":"BU"}},{"type":"Feature","geometry":{"type":"Point","coordinates":[-5.841,42.62]},"properties":{"fecha":"2023-12-31","codigo_territorio":"24","nombre_territorio":"Le\u00f3n","longitud":-5.841,"latitud":42.62,"total":6993,"indefinido":2359,"temporal":4634,"provincia":"LE"}},{"type":"Feature","geometry":{"type":"Point","coordinates":[-4.055,41.171]},"properties":{"fecha":"2023-12-31","codigo_territorio":"40","nombre_territorio":"Segovia","longitud":-4.055,"latitud":41.171,"total":3413,"indefinido":934,"temporal":2479,"provincia":"SE"}},{"type":"Feature","geometry":{"type":"Point","coordinates":[-2.589,41.621]},"properties":{"fecha":"2023-12-31","codigo_territorio":"42","nombre_territorio":"Soria","longitud":-2.589,"latitud":41.621,"total":1447,"indefinido":544,"temporal":903,"provincia":"SO"}},{"type":"Feature","geometry":{"type":"Point","coordinates":[-5.979,41.727]},"properties":{"fecha":"2023-12-31","codigo_territorio":"49","nombre_territorio":"Zamora","longitud":-5.979,"latitud":41.727,"total":3237,"indefinido":753,"temporal":2484,"provincia":"ZA"}},{"type":"Feature","geometry":{"type":"Point","coordinates":[-6.066,40.805]},"properties":{"fecha":"2023-11-30","codigo_territorio":"37","nombre_territorio":"Salamanca","longitud":-6.066,"latitud":40.805,"total":6920,"indefinido":2884,"temporal":4036,"provincia":"SA"}},{"type":"Feature","geometry":{"type":"Point","coordinates":[-4.055,41.171]},"properties":{"fecha":"2023-11-30","codigo_territorio":"40","nombre_territorio":"Segovia","longitud":-4.055,"latitud":41.171,"total":3805,"indefinido":1261,"temporal":2544,"provincia":"SE"}},{"type":"Feature","geometry":{"type":"Point","coordinates":[-5.841,42.62]},"properties":{"fecha":"2023-11-30","codigo_territorio":"24","nombre_territorio":"Le\u00f3n","longitud":-5.841,"latitud":42.62,"total":7913,"indefinido":3029,"temporal":4884,"provincia":"LE"}},{"type":"Feature","geometry":{"type":"Point","coordinates":[-4.946,40.571]},"properties":{"fecha":"2023-11-30","codigo_territorio":"05","nombre_territorio":"\u00c1vila","longitud":-4.946,"latitud":40.571,"total":2703,"indefinido":985,"temporal":1718,"provincia":"AV"}},{"type":"Feature","geometry":{"type":"Point","coordinates":[-3.586,42.367]},"properties":{"fecha":"2023-11-30","codigo_territorio":"09","nombre_territorio":"Burgos","longitud":-3.586,"latitud":42.367,"total":7851,"indefinido":2844,"temporal":5007,"provincia":"BU"}},{"type":"Feature","geometry":{"type":"Point","coordinates":[-4.535,42.37]},"properties":{"fecha":"2023-11-30","codigo_territorio":"34","nombre_territorio":"Palencia","longitud":-4.535,"latitud":42.37,"total":5498,"indefinido":881,"temporal":4617,"provincia":"PA"}},{"type":"Feature","geometry":{"type":"Point","coordinates":[-2.589,41.621]},"properties":{"fecha":"2023-11-30","codigo_territorio":"42","nombre_territorio":"Soria","longitud":-2.589,"latitud":41.621,"total":1787,"indefinido":790,"temporal":997,"provincia":"SO"}},{"type":"Feature","geometry":{"type":"Point","coordinates":[-4.847,41.634]},"properties":{"fecha":"2023-11-30","codigo_territorio":"47","nombre_territorio":"Valladolid","longitud":-4.847,"latitud":41.634,"total":12575,"indefinido":4560,"temporal":8015,"provincia":"VA"}},{"type":"Feature","geometry":{"type":"Point","coordinates":[-5.979,41.727]},"properties":{"fecha":"2023-11-30","codigo_territorio":"49","nombre_territorio":"Zamora","longitud":-5.979,"latitud":41.727,"total":3344,"indefinido":944,"temporal":2400,"provincia":"ZA"}},{"type":"Feature","geometry":{"type":"Point","coordinates":[-4.397,41.835]},"properties":{"fecha":"2023-11-30","codigo_territorio":"07","nombre_territorio":"Castilla Le\u00f3n","longitud":-4.397,"latitud":41.835,"total":52396,"indefinido":18178,"temporal":34218,"provincia":"CYL"}},{"type":"Feature","geometry":{"type":"Point","coordinates":[-4.397,41.835]},"properties":{"fecha":"2023-10-31","codigo_territorio":"07","nombre_territorio":"Castilla Le\u00f3n","longitud":-4.397,"latitud":41.835,"total":66745,"indefinido":25481,"temporal":41264,"provincia":"CYL"}},{"type":"Feature","geometry":{"type":"Point","coordinates":[-4.946,40.571]},"properties":{"fecha":"2023-10-31","codigo_territorio":"05","nombre_territorio":"\u00c1vila","longitud":-4.946,"latitud":40.571,"total":4628,"indefinido":2337,"temporal":2291,"provincia":"AV"}},{"type":"Feature","geometry":{"type":"Point","coordinates":[-3.586,42.367]},"properties":{"fecha":"2023-10-31","codigo_territorio":"09","nombre_territorio":"Burgos","longitud":-3.586,"latitud":42.367,"total":10101,"indefinido":4013,"temporal":6088,"provincia":"BU"}},{"type":"Feature","geometry":{"type":"Point","coordinates":[-5.841,42.62]},"properties":{"fecha":"2023-10-31","codigo_territorio":"24","nombre_territorio":"Le\u00f3n","longitud":-5.841,"latitud":42.62,"total":9500,"indefinido":3580,"temporal":5920,"provincia":"LE"}},{"type":"Feature","geometry":{"type":"Point","coordinates":[-6.066,40.805]},"properties":{"fecha":"2023-10-31","codigo_territorio":"37","nombre_territorio":"Salamanca","longitud":-6.066,"latitud":40.805,"total":9658,"indefinido":4108,"temporal":5550,"provincia":"SA"}},{"type":"Feature","geometry":{"type":"Point","coordinates":[-4.055,41.171]},"properties":{"fecha":"2023-10-31","codigo_territorio":"40","nombre_territorio":"Segovia","longitud":-4.055,"latitud":41.171,"total":5817,"indefinido":2202,"temporal":3615,"provincia":"SE"}},{"type":"Feature","geometry":{"type":"Point","coordinates":[-2.589,41.621]},"properties":{"fecha":"2023-10-31","codigo_territorio":"42","nombre_territorio":"Soria","longitud":-2.589,"latitud":41.621,"total":2164,"indefinido":976,"temporal":1188,"provincia":"SO"}},{"type":"Feature","geometry":{"type":"Point","coordinates":[-4.535,42.37]},"properties":{"fecha":"2023-10-31","codigo_territorio":"34","nombre_territorio":"Palencia","longitud":-4.535,"latitud":42.37,"total":6043,"indefinido":1131,"temporal":4912,"provincia":"PA"}},{"type":"Feature","geometry":{"type":"Point","coordinates":[-4.847,41.634]},"properties":{"fecha":"2023-10-31","codigo_territorio":"47","nombre_territorio":"Valladolid","longitud":-4.847,"latitud":41.634,"total":14535,"indefinido":5871,"temporal":8664,"provincia":"VA"}},{"type":"Feature","geometry":{"type":"Point","coordinates":[-5.979,41.727]},"properties":{"fecha":"2023-10-31","codigo_territorio":"49","nombre_territorio":"Zamora","longitud":-5.979,"latitud":41.727,"total":4299,"indefinido":1263,"temporal":3036,"provincia":"ZA"}},{"type":"Feature","geometry":{"type":"Point","coordinates":[-4.535,42.37]},"properties":{"fecha":"2023-09-30","codigo_territorio":"34","nombre_territorio":"Palencia","longitud":-4.535,"latitud":42.37,"total":6088,"indefinido":1017,"temporal":5071,"provincia":"PA"}},{"type":"Feature","geometry":{"type":"Point","coordinates":[-4.055,41.171]},"properties":{"fecha":"2023-09-30","codigo_territorio":"40","nombre_territorio":"Segovia","longitud":-4.055,"latitud":41.171,"total":4571,"indefinido":1570,"temporal":3001,"provincia":"SE"}},{"type":"Feature","geometry":{"type":"Point","coordinates":[-4.847,41.634]},"properties":{"fecha":"2023-09-30","codigo_territorio":"47","nombre_territorio":"Valladolid","longitud":-4.847,"latitud":41.634,"total":15391,"indefinido":6375,"temporal":9016,"provincia":"VA"}},{"type":"Feature","geometry":{"type":"Point","coordinates":[-5.979,41.727]},"properties":{"fecha":"2023-09-30","codigo_territorio":"49","nombre_territorio":"Zamora","longitud":-5.979,"latitud":41.727,"total":4832,"indefinido":1379,"temporal":3453,"provincia":"ZA"}},{"type":"Feature","geometry":{"type":"Point","coordinates":[-4.397,41.835]},"properties":{"fecha":"2023-09-30","codigo_territorio":"07","nombre_territorio":"Castilla Le\u00f3n","longitud":-4.397,"latitud":41.835,"total":67264,"indefinido":25031,"temporal":42233,"provincia":"CYL"}},{"type":"Feature","geometry":{"type":"Point","coordinates":[-3.586,42.367]},"properties":{"fecha":"2023-09-30","codigo_territorio":"09","nombre_territorio":"Burgos","longitud":-3.586,"latitud":42.367,"total":11308,"indefinido":4663,"temporal":6645,"provincia":"BU"}},{"type":"Feature","geometry":{"type":"Point","coordinates":[-6.066,40.805]},"properties":{"fecha":"2023-09-30","codigo_territorio":"37","nombre_territorio":"Salamanca","longitud":-6.066,"latitud":40.805,"total":9166,"indefinido":3586,"temporal":5580,"provincia":"SA"}},{"type":"Feature","geometry":{"type":"Point","coordinates":[-2.589,41.621]},"properties":{"fecha":"2023-09-30","codigo_territorio":"42","nombre_territorio":"Soria","longitud":-2.589,"latitud":41.621,"total":2667,"indefinido":1046,"temporal":1621,"provincia":"SO"}},{"type":"Feature","geometry":{"type":"Point","coordinates":[-4.946,40.571]},"properties":{"fecha":"2023-09-30","codigo_territorio":"05","nombre_territorio":"\u00c1vila","longitud":-4.946,"latitud":40.571,"total":3393,"indefinido":1099,"temporal":2294,"provincia":"AV"}},{"type":"Feature","geometry":{"type":"Point","coordinates":[-5.841,42.62]},"properties":{"fecha":"2023-09-30","codigo_territorio":"24","nombre_territorio":"Le\u00f3n","longitud":-5.841,"latitud":42.62,"total":9848,"indefinido":4296,"temporal":5552,"provincia":"LE"}},{"type":"Feature","geometry":{"type":"Point","coordinates":[-3.586,42.367]},"properties":{"fecha":"2023-08-31","codigo_territorio":"09","nombre_territorio":"Burgos","longitud":-3.586,"latitud":42.367,"total":8501,"indefinido":2272,"temporal":6229,"provincia":"BU"}},{"type":"Feature","geometry":{"type":"Point","coordinates":[-4.535,42.37]},"properties":{"fecha":"2023-08-31","codigo_territorio":"34","nombre_territorio":"Palencia","longitud":-4.535,"latitud":42.37,"total":5289,"indefinido":770,"temporal":4519,"provincia":"PA"}},{"type":"Feature","geometry":{"type":"Point","coordinates":[-2.589,41.621]},"properties":{"fecha":"2023-08-31","codigo_territorio":"42","nombre_territorio":"Soria","longitud":-2.589,"latitud":41.621,"total":2326,"indefinido":737,"temporal":1589,"provincia":"SO"}},{"type":"Feature","geometry":{"type":"Point","coordinates":[-5.979,41.727]},"properties":{"fecha":"2023-08-31","codigo_territorio":"49","nombre_territorio":"Zamora","longitud":-5.979,"latitud":41.727,"total":3916,"indefinido":915,"temporal":3001,"provincia":"ZA"}},{"type":"Feature","geometry":{"type":"Point","coordinates":[-4.946,40.571]},"properties":{"fecha":"2023-08-31","codigo_territorio":"05","nombre_territorio":"\u00c1vila","longitud":-4.946,"latitud":40.571,"total":3003,"indefinido":914,"temporal":2089,"provincia":"AV"}},{"type":"Feature","geometry":{"type":"Point","coordinates":[-5.841,42.62]},"properties":{"fecha":"2023-08-31","codigo_territorio":"24","nombre_territorio":"Le\u00f3n","longitud":-5.841,"latitud":42.62,"total":9436,"indefinido":3800,"temporal":5636,"provincia":"LE"}},{"type":"Feature","geometry":{"type":"Point","coordinates":[-6.066,40.805]},"properties":{"fecha":"2023-08-31","codigo_territorio":"37","nombre_territorio":"Salamanca","longitud":-6.066,"latitud":40.805,"total":7287,"indefinido":2002,"temporal":5285,"provincia":"SA"}},{"type":"Feature","geometry":{"type":"Point","coordinates":[-4.397,41.835]},"properties":{"fecha":"2023-08-31","codigo_territorio":"07","nombre_territorio":"Castilla Le\u00f3n","longitud":-4.397,"latitud":41.835,"total":58347,"indefinido":17576,"temporal":40771,"provincia":"CYL"}},{"type":"Feature","geometry":{"type":"Point","coordinates":[-4.055,41.171]},"properties":{"fecha":"2023-08-31","codigo_territorio":"40","nombre_territorio":"Segovia","longitud":-4.055,"latitud":41.171,"total":5736,"indefinido":1659,"temporal":4077,"provincia":"SE"}},{"type":"Feature","geometry":{"type":"Point","coordinates":[-4.847,41.634]},"properties":{"fecha":"2023-08-31","codigo_territorio":"47","nombre_territorio":"Valladolid","longitud":-4.847,"latitud":41.634,"total":12853,"indefinido":4507,"temporal":8346,"provincia":"VA"}},{"type":"Feature","geometry":{"type":"Point","coordinates":[-4.946,40.571]},"properties":{"fecha":"2023-07-31","codigo_territorio":"05","nombre_territorio":"\u00c1vila","longitud":-4.946,"latitud":40.571,"total":4326,"indefinido":1458,"temporal":2868,"provincia":"AV"}},{"type":"Feature","geometry":{"type":"Point","coordinates":[-2.589,41.621]},"properties":{"fecha":"2023-07-31","codigo_territorio":"42","nombre_territorio":"Soria","longitud":-2.589,"latitud":41.621,"total":2976,"indefinido":1097,"temporal":1879,"provincia":"SO"}},{"type":"Feature","geometry":{"type":"Point","coordinates":[-5.979,41.727]},"properties":{"fecha":"2023-07-31","codigo_territorio":"49","nombre_territorio":"Zamora","longitud":-5.979,"latitud":41.727,"total":4999,"indefinido":1510,"temporal":3489,"provincia":"ZA"}},{"type":"Feature","geometry":{"type":"Point","coordinates":[-4.535,42.37]},"properties":{"fecha":"2023-07-31","codigo_territorio":"34","nombre_territorio":"Palencia","longitud":-4.535,"latitud":42.37,"total":6578,"indefinido":1040,"temporal":5538,"provincia":"PA"}},{"type":"Feature","geometry":{"type":"Point","coordinates":[-3.586,42.367]},"properties":{"fecha":"2023-07-31","codigo_territorio":"09","nombre_territorio":"Burgos","longitud":-3.586,"latitud":42.367,"total":10009,"indefinido":3055,"temporal":6954,"provincia":"BU"}},{"type":"Feature","geometry":{"type":"Point","coordinates":[-5.841,42.62]},"properties":{"fecha":"2023-07-31","codigo_territorio":"24","nombre_territorio":"Le\u00f3n","longitud":-5.841,"latitud":42.62,"total":10116,"indefinido":3463,"temporal":6653,"provincia":"LE"}},{"type":"Feature","geometry":{"type":"Point","coordinates":[-6.066,40.805]},"properties":{"fecha":"2023-07-31","codigo_territorio":"37","nombre_territorio":"Salamanca","longitud":-6.066,"latitud":40.805,"total":8507,"indefinido":2356,"temporal":6151,"provincia":"SA"}},{"type":"Feature","geometry":{"type":"Point","coordinates":[-4.055,41.171]},"properties":{"fecha":"2023-07-31","codigo_territorio":"40","nombre_territorio":"Segovia","longitud":-4.055,"latitud":41.171,"total":5861,"indefinido":2417,"temporal":3444,"provincia":"SE"}},{"type":"Feature","geometry":{"type":"Point","coordinates":[-4.847,41.634]},"properties":{"fecha":"2023-07-31","codigo_territorio":"47","nombre_territorio":"Valladolid","longitud":-4.847,"latitud":41.634,"total":16294,"indefinido":6104,"temporal":10190,"provincia":"VA"}},{"type":"Feature","geometry":{"type":"Point","coordinates":[-4.397,41.835]},"properties":{"fecha":"2023-07-31","codigo_territorio":"07","nombre_territorio":"Castilla Le\u00f3n","longitud":-4.397,"latitud":41.835,"total":69666,"indefinido":22500,"temporal":47166,"provincia":"CYL"}},{"type":"Feature","geometry":{"type":"Point","coordinates":[-4.535,42.37]},"properties":{"fecha":"2023-06-30","codigo_territorio":"34","nombre_territorio":"Palencia","longitud":-4.535,"latitud":42.37,"total":6610,"indefinido":1149,"temporal":5461,"provincia":"PA"}},{"type":"Feature","geometry":{"type":"Point","coordinates":[-6.066,40.805]},"properties":{"fecha":"2023-06-30","codigo_territorio":"37","nombre_territorio":"Salamanca","longitud":-6.066,"latitud":40.805,"total":9432,"indefinido":3001,"temporal":6431,"provincia":"SA"}},{"type":"Feature","geometry":{"type":"Point","coordinates":[-4.847,41.634]},"properties":{"fecha":"2023-06-30","codigo_territorio":"47","nombre_territorio":"Valladolid","longitud":-4.847,"latitud":41.634,"total":15812,"indefinido":6614,"temporal":9198,"provincia":"VA"}},{"type":"Feature","geometry":{"type":"Point","coordinates":[-5.979,41.727]},"properties":{"fecha":"2023-06-30","codigo_territorio":"49","nombre_territorio":"Zamora","longitud":-5.979,"latitud":41.727,"total":4617,"indefinido":1326,"temporal":3291,"provincia":"ZA"}},{"type":"Feature","geometry":{"type":"Point","coordinates":[-3.586,42.367]},"properties":{"fecha":"2023-06-30","codigo_territorio":"09","nombre_territorio":"Burgos","longitud":-3.586,"latitud":42.367,"total":10479,"indefinido":3345,"temporal":7134,"provincia":"BU"}},{"type":"Feature","geometry":{"type":"Point","coordinates":[-2.589,41.621]},"properties":{"fecha":"2023-06-30","codigo_territorio":"42","nombre_territorio":"Soria","longitud":-2.589,"latitud":41.621,"total":2774,"indefinido":999,"temporal":1775,"provincia":"SO"}},{"type":"Feature","geometry":{"type":"Point","coordinates":[-4.397,41.835]},"properties":{"fecha":"2023-06-30","codigo_territorio":"07","nombre_territorio":"Castilla Le\u00f3n","longitud":-4.397,"latitud":41.835,"total":68943,"indefinido":23157,"temporal":45786,"provincia":"CYL"}},{"type":"Feature","geometry":{"type":"Point","coordinates":[-4.946,40.571]},"properties":{"fecha":"2023-06-30","codigo_territorio":"05","nombre_territorio":"\u00c1vila","longitud":-4.946,"latitud":40.571,"total":3898,"indefinido":1357,"temporal":2541,"provincia":"AV"}},{"type":"Feature","geometry":{"type":"Point","coordinates":[-5.841,42.62]},"properties":{"fecha":"2023-06-30","codigo_territorio":"24","nombre_territorio":"Le\u00f3n","longitud":-5.841,"latitud":42.62,"total":9975,"indefinido":3654,"temporal":6321,"provincia":"LE"}},{"type":"Feature","geometry":{"type":"Point","coordinates":[-4.055,41.171]},"properties":{"fecha":"2023-06-30","codigo_territorio":"40","nombre_territorio":"Segovia","longitud":-4.055,"latitud":41.171,"total":5346,"indefinido":1712,"temporal":3634,"provincia":"SE"}},{"type":"Feature","geometry":{"type":"Point","coordinates":[-4.946,40.571]},"properties":{"fecha":"2023-05-31","codigo_territorio":"05","nombre_territorio":"\u00c1vila","longitud":-4.946,"latitud":40.571,"total":3131,"indefinido":1079,"temporal":2052,"provincia":"AV"}},{"type":"Feature","geometry":{"type":"Point","coordinates":[-3.586,42.367]},"properties":{"fecha":"2023-05-31","codigo_territorio":"09","nombre_territorio":"Burgos","longitud":-3.586,"latitud":42.367,"total":9491,"indefinido":3672,"temporal":5819,"provincia":"BU"}},{"type":"Feature","geometry":{"type":"Point","coordinates":[-6.066,40.805]},"properties":{"fecha":"2023-05-31","codigo_territorio":"37","nombre_territorio":"Salamanca","longitud":-6.066,"latitud":40.805,"total":8683,"indefinido":2583,"temporal":6100,"provincia":"SA"}},{"type":"Feature","geometry":{"type":"Point","coordinates":[-4.055,41.171]},"properties":{"fecha":"2023-05-31","codigo_territorio":"40","nombre_territorio":"Segovia","longitud":-4.055,"latitud":41.171,"total":4491,"indefinido":1801,"temporal":2690,"provincia":"SE"}},{"type":"Feature","geometry":{"type":"Point","coordinates":[-4.847,41.634]},"properties":{"fecha":"2023-05-31","codigo_territorio":"47","nombre_territorio":"Valladolid","longitud":-4.847,"latitud":41.634,"total":15470,"indefinido":6421,"temporal":9049,"provincia":"VA"}},{"type":"Feature","geometry":{"type":"Point","coordinates":[-5.979,41.727]},"properties":{"fecha":"2023-05-31","codigo_territorio":"49","nombre_territorio":"Zamora","longitud":-5.979,"latitud":41.727,"total":3858,"indefinido":1264,"temporal":2594,"provincia":"ZA"}},{"type":"Feature","geometry":{"type":"Point","coordinates":[-5.841,42.62]},"properties":{"fecha":"2023-05-31","codigo_territorio":"24","nombre_territorio":"Le\u00f3n","longitud":-5.841,"latitud":42.62,"total":9268,"indefinido":3693,"temporal":5575,"provincia":"LE"}},{"type":"Feature","geometry":{"type":"Point","coordinates":[-4.535,42.37]},"properties":{"fecha":"2023-05-31","codigo_territorio":"34","nombre_territorio":"Palencia","longitud":-4.535,"latitud":42.37,"total":5455,"indefinido":1081,"temporal":4374,"provincia":"PA"}},{"type":"Feature","geometry":{"type":"Point","coordinates":[-2.589,41.621]},"properties":{"fecha":"2023-05-31","codigo_territorio":"42","nombre_territorio":"Soria","longitud":-2.589,"latitud":41.621,"total":2252,"indefinido":907,"temporal":1345,"provincia":"SO"}},{"type":"Feature","geometry":{"type":"Point","coordinates":[-4.397,41.835]},"properties":{"fecha":"2023-05-31","codigo_territorio":"07","nombre_territorio":"Castilla Le\u00f3n","longitud":-4.397,"latitud":41.835,"total":62099,"indefinido":22501,"temporal":39598,"provincia":"CYL"}},{"type":"Feature","geometry":{"type":"Point","coordinates":[-4.946,40.571]},"properties":{"fecha":"2023-04-30","codigo_territorio":"05","nombre_territorio":"\u00c1vila","longitud":-4.946,"latitud":40.571,"total":2879,"indefinido":1131,"temporal":1748,"provincia":"AV"}},{"type":"Feature","geometry":{"type":"Point","coordinates":[-4.055,41.171]},"properties":{"fecha":"2023-04-30","codigo_territorio":"40","nombre_territorio":"Segovia","longitud":-4.055,"latitud":41.171,"total":3464,"indefinido":1255,"temporal":2209,"provincia":"SE"}},{"type":"Feature","geometry":{"type":"Point","coordinates":[-2.589,41.621]},"properties":{"fecha":"2023-04-30","codigo_territorio":"42","nombre_territorio":"Soria","longitud":-2.589,"latitud":41.621,"total":1941,"indefinido":835,"temporal":1106,"provincia":"SO"}},{"type":"Feature","geometry":{"type":"Point","coordinates":[-5.979,41.727]},"properties":{"fecha":"2023-04-30","codigo_territorio":"49","nombre_territorio":"Zamora","longitud":-5.979,"latitud":41.727,"total":3291,"indefinido":1053,"temporal":2238,"provincia":"ZA"}},{"type":"Feature","geometry":{"type":"Point","coordinates":[-5.841,42.62]},"properties":{"fecha":"2023-04-30","codigo_territorio":"24","nombre_territorio":"Le\u00f3n","longitud":-5.841,"latitud":42.62,"total":7114,"indefinido":3172,"temporal":3942,"provincia":"LE"}},{"type":"Feature","geometry":{"type":"Point","coordinates":[-4.535,42.37]},"properties":{"fecha":"2023-04-30","codigo_territorio":"34","nombre_territorio":"Palencia","longitud":-4.535,"latitud":42.37,"total":4961,"indefinido":945,"temporal":4016,"provincia":"PA"}},{"type":"Feature","geometry":{"type":"Point","coordinates":[-3.586,42.367]},"properties":{"fecha":"2023-04-30","codigo_territorio":"09","nombre_territorio":"Burgos","longitud":-3.586,"latitud":42.367,"total":7006,"indefinido":2601,"temporal":4405,"provincia":"BU"}},{"type":"Feature","geometry":{"type":"Point","coordinates":[-6.066,40.805]},"properties":{"fecha":"2023-04-30","codigo_territorio":"37","nombre_territorio":"Salamanca","longitud":-6.066,"latitud":40.805,"total":7057,"indefinido":2096,"temporal":4961,"provincia":"SA"}},{"type":"Feature","geometry":{"type":"Point","coordinates":[-4.847,41.634]},"properties":{"fecha":"2023-04-30","codigo_territorio":"47","nombre_territorio":"Valladolid","longitud":-4.847,"latitud":41.634,"total":10384,"indefinido":4367,"temporal":6017,"provincia":"VA"}},{"type":"Feature","geometry":{"type":"Point","coordinates":[-4.397,41.835]},"properties":{"fecha":"2023-04-30","codigo_territorio":"07","nombre_territorio":"Castilla Le\u00f3n","longitud":-4.397,"latitud":41.835,"total":48097,"indefinido":17455,"temporal":30642,"provincia":"CYL"}},{"type":"Feature","geometry":{"type":"Point","coordinates":[-5.841,42.62]},"properties":{"fecha":"2023-03-31","codigo_territorio":"24","nombre_territorio":"Le\u00f3n","longitud":-5.841,"latitud":42.62,"total":8403,"indefinido":4026,"temporal":4377,"provincia":"LE"}},{"type":"Feature","geometry":{"type":"Point","coordinates":[-4.535,42.37]},"properties":{"fecha":"2023-03-31","codigo_territorio":"34","nombre_territorio":"Palencia","longitud":-4.535,"latitud":42.37,"total":7080,"indefinido":1015,"temporal":6065,"provincia":"PA"}},{"type":"Feature","geometry":{"type":"Point","coordinates":[-4.946,40.571]},"properties":{"fecha":"2023-03-31","codigo_territorio":"05","nombre_territorio":"\u00c1vila","longitud":-4.946,"latitud":40.571,"total":3308,"indefinido":1244,"temporal":2064,"provincia":"AV"}},{"type":"Feature","geometry":{"type":"Point","coordinates":[-3.586,42.367]},"properties":{"fecha":"2023-03-31","codigo_territorio":"09","nombre_territorio":"Burgos","longitud":-3.586,"latitud":42.367,"total":8135,"indefinido":2952,"temporal":5183,"provincia":"BU"}},{"type":"Feature","geometry":{"type":"Point","coordinates":[-4.055,41.171]},"properties":{"fecha":"2023-03-31","codigo_territorio":"40","nombre_territorio":"Segovia","longitud":-4.055,"latitud":41.171,"total":3748,"indefinido":1333,"temporal":2415,"provincia":"SE"}},{"type":"Feature","geometry":{"type":"Point","coordinates":[-4.397,41.835]},"properties":{"fecha":"2023-03-31","codigo_territorio":"07","nombre_territorio":"Castilla Le\u00f3n","longitud":-4.397,"latitud":41.835,"total":58103,"indefinido":20487,"temporal":37616,"provincia":"CYL"}},{"type":"Feature","geometry":{"type":"Point","coordinates":[-6.066,40.805]},"properties":{"fecha":"2023-03-31","codigo_territorio":"37","nombre_territorio":"Salamanca","longitud":-6.066,"latitud":40.805,"total":8767,"indefinido":2628,"temporal":6139,"provincia":"SA"}},{"type":"Feature","geometry":{"type":"Point","coordinates":[-2.589,41.621]},"properties":{"fecha":"2023-03-31","codigo_territorio":"42","nombre_territorio":"Soria","longitud":-2.589,"latitud":41.621,"total":2187,"indefinido":939,"temporal":1248,"provincia":"SO"}},{"type":"Feature","geometry":{"type":"Point","coordinates":[-4.847,41.634]},"properties":{"fecha":"2023-03-31","codigo_territorio":"47","nombre_territorio":"Valladolid","longitud":-4.847,"latitud":41.634,"total":12432,"indefinido":5036,"temporal":7396,"provincia":"VA"}},{"type":"Feature","geometry":{"type":"Point","coordinates":[-5.979,41.727]},"properties":{"fecha":"2023-03-31","codigo_territorio":"49","nombre_territorio":"Zamora","longitud":-5.979,"latitud":41.727,"total":4043,"indefinido":1314,"temporal":2729,"provincia":"ZA"}},{"type":"Feature","geometry":{"type":"Point","coordinates":[-3.586,42.367]},"properties":{"fecha":"2023-02-28","codigo_territorio":"09","nombre_territorio":"Burgos","longitud":-3.586,"latitud":42.367,"total":6725,"indefinido":2571,"temporal":4154,"provincia":"BU"}},{"type":"Feature","geometry":{"type":"Point","coordinates":[-4.055,41.171]},"properties":{"fecha":"2023-02-28","codigo_territorio":"40","nombre_territorio":"Segovia","longitud":-4.055,"latitud":41.171,"total":3018,"indefinido":1352,"temporal":1666,"provincia":"SE"}},{"type":"Feature","geometry":{"type":"Point","coordinates":[-4.847,41.634]},"properties":{"fecha":"2023-02-28","codigo_territorio":"47","nombre_territorio":"Valladolid","longitud":-4.847,"latitud":41.634,"total":10751,"indefinido":4801,"temporal":5950,"provincia":"VA"}},{"type":"Feature","geometry":{"type":"Point","coordinates":[-5.979,41.727]},"properties":{"fecha":"2023-02-28","codigo_territorio":"49","nombre_territorio":"Zamora","longitud":-5.979,"latitud":41.727,"total":2777,"indefinido":941,"temporal":1836,"provincia":"ZA"}},{"type":"Feature","geometry":{"type":"Point","coordinates":[-4.946,40.571]},"properties":{"fecha":"2023-02-28","codigo_territorio":"05","nombre_territorio":"\u00c1vila","longitud":-4.946,"latitud":40.571,"total":2316,"indefinido":953,"temporal":1363,"provincia":"AV"}},{"type":"Feature","geometry":{"type":"Point","coordinates":[-4.535,42.37]},"properties":{"fecha":"2023-02-28","codigo_territorio":"34","nombre_territorio":"Palencia","longitud":-4.535,"latitud":42.37,"total":4002,"indefinido":1014,"temporal":2988,"provincia":"PA"}},{"type":"Feature","geometry":{"type":"Point","coordinates":[-6.066,40.805]},"properties":{"fecha":"2023-02-28","codigo_territorio":"37","nombre_territorio":"Salamanca","longitud":-6.066,"latitud":40.805,"total":6572,"indefinido":2063,"temporal":4509,"provincia":"SA"}},{"type":"Feature","geometry":{"type":"Point","coordinates":[-5.841,42.62]},"properties":{"fecha":"2023-02-28","codigo_territorio":"24","nombre_territorio":"Le\u00f3n","longitud":-5.841,"latitud":42.62,"total":6998,"indefinido":3069,"temporal":3929,"provincia":"LE"}},{"type":"Feature","geometry":{"type":"Point","coordinates":[-2.589,41.621]},"properties":{"fecha":"2023-02-28","codigo_territorio":"42","nombre_territorio":"Soria","longitud":-2.589,"latitud":41.621,"total":1648,"indefinido":723,"temporal":925,"provincia":"SO"}},{"type":"Feature","geometry":{"type":"Point","coordinates":[-4.397,41.835]},"properties":{"fecha":"2023-02-28","codigo_territorio":"07","nombre_territorio":"Castilla Le\u00f3n","longitud":-4.397,"latitud":41.835,"total":44807,"indefinido":17487,"temporal":27320,"provincia":"CYL"}},{"type":"Feature","geometry":{"type":"Point","coordinates":[-5.841,42.62]},"properties":{"fecha":"2023-01-31","codigo_territorio":"24","nombre_territorio":"Le\u00f3n","longitud":-5.841,"latitud":42.62,"total":6264,"indefinido":2910,"temporal":3354,"provincia":"LE"}},{"type":"Feature","geometry":{"type":"Point","coordinates":[-6.066,40.805]},"properties":{"fecha":"2023-01-31","codigo_territorio":"37","nombre_territorio":"Salamanca","longitud":-6.066,"latitud":40.805,"total":5615,"indefinido":2121,"temporal":3494,"provincia":"SA"}},{"type":"Feature","geometry":{"type":"Point","coordinates":[-4.946,40.571]},"properties":{"fecha":"2023-01-31","codigo_territorio":"05","nombre_territorio":"\u00c1vila","longitud":-4.946,"latitud":40.571,"total":2166,"indefinido":787,"temporal":1379,"provincia":"AV"}},{"type":"Feature","geometry":{"type":"Point","coordinates":[-3.586,42.367]},"properties":{"fecha":"2023-01-31","codigo_territorio":"09","nombre_territorio":"Burgos","longitud":-3.586,"latitud":42.367,"total":7470,"indefinido":2543,"temporal":4927,"provincia":"BU"}},{"type":"Feature","geometry":{"type":"Point","coordinates":[-4.055,41.171]},"properties":{"fecha":"2023-01-31","codigo_territorio":"40","nombre_territorio":"Segovia","longitud":-4.055,"latitud":41.171,"total":3208,"indefinido":1256,"temporal":1952,"provincia":"SE"}},{"type":"Feature","geometry":{"type":"Point","coordinates":[-2.589,41.621]},"properties":{"fecha":"2023-01-31","codigo_territorio":"42","nombre_territorio":"Soria","longitud":-2.589,"latitud":41.621,"total":1526,"indefinido":637,"temporal":889,"provincia":"SO"}},{"type":"Feature","geometry":{"type":"Point","coordinates":[-4.535,42.37]},"properties":{"fecha":"2023-01-31","codigo_territorio":"34","nombre_territorio":"Palencia","longitud":-4.535,"latitud":42.37,"total":4472,"indefinido":813,"temporal":3659,"provincia":"PA"}},{"type":"Feature","geometry":{"type":"Point","coordinates":[-4.847,41.634]},"properties":{"fecha":"2023-01-31","codigo_territorio":"47","nombre_territorio":"Valladolid","longitud":-4.847,"latitud":41.634,"total":10583,"indefinido":4225,"temporal":6358,"provincia":"VA"}},{"type":"Feature","geometry":{"type":"Point","coordinates":[-5.979,41.727]},"properties":{"fecha":"2023-01-31","codigo_territorio":"49","nombre_territorio":"Zamora","longitud":-5.979,"latitud":41.727,"total":2487,"indefinido":885,"temporal":1602,"provincia":"ZA"}},{"type":"Feature","geometry":{"type":"Point","coordinates":[-4.397,41.835]},"properties":{"fecha":"2023-01-31","codigo_territorio":"07","nombre_territorio":"Castilla Le\u00f3n","longitud":-4.397,"latitud":41.835,"total":43791,"indefinido":16177,"temporal":27614,"provincia":"CYL"}},{"type":"Feature","geometry":{"type":"Point","coordinates":[-4.055,41.171]},"properties":{"fecha":"2022-12-31","codigo_territorio":"40","nombre_territorio":"Segovia","longitud":-4.055,"latitud":41.171,"total":3028,"indefinido":963,"temporal":2065,"provincia":"SE"}},{"type":"Feature","geometry":{"type":"Point","coordinates":[-5.841,42.62]},"properties":{"fecha":"2022-12-31","codigo_territorio":"24","nombre_territorio":"Le\u00f3n","longitud":-5.841,"latitud":42.62,"total":7065,"indefinido":2655,"temporal":4410,"provincia":"LE"}},{"type":"Feature","geometry":{"type":"Point","coordinates":[-4.535,42.37]},"properties":{"fecha":"2022-12-31","codigo_territorio":"34","nombre_territorio":"Palencia","longitud":-4.535,"latitud":42.37,"total":4533,"indefinido":773,"temporal":3760,"provincia":"PA"}},{"type":"Feature","geometry":{"type":"Point","coordinates":[-6.066,40.805]},"properties":{"fecha":"2022-12-31","codigo_territorio":"37","nombre_territorio":"Salamanca","longitud":-6.066,"latitud":40.805,"total":5866,"indefinido":1672,"temporal":4194,"provincia":"SA"}},{"type":"Feature","geometry":{"type":"Point","coordinates":[-4.847,41.634]},"properties":{"fecha":"2022-12-31","codigo_territorio":"47","nombre_territorio":"Valladolid","longitud":-4.847,"latitud":41.634,"total":11314,"indefinido":3552,"temporal":7762,"provincia":"VA"}},{"type":"Feature","geometry":{"type":"Point","coordinates":[-4.397,41.835]},"properties":{"fecha":"2022-12-31","codigo_territorio":"07","nombre_territorio":"Castilla Le\u00f3n","longitud":-4.397,"latitud":41.835,"total":46196,"indefinido":13852,"temporal":32344,"provincia":"CYL"}},{"type":"Feature","geometry":{"type":"Point","coordinates":[-4.946,40.571]},"properties":{"fecha":"2022-12-31","codigo_territorio":"05","nombre_territorio":"\u00c1vila","longitud":-4.946,"latitud":40.571,"total":2351,"indefinido":627,"temporal":1724,"provincia":"AV"}},{"type":"Feature","geometry":{"type":"Point","coordinates":[-3.586,42.367]},"properties":{"fecha":"2022-12-31","codigo_territorio":"09","nombre_territorio":"Burgos","longitud":-3.586,"latitud":42.367,"total":7452,"indefinido":2237,"temporal":5215,"provincia":"BU"}},{"type":"Feature","geometry":{"type":"Point","coordinates":[-2.589,41.621]},"properties":{"fecha":"2022-12-31","codigo_territorio":"42","nombre_territorio":"Soria","longitud":-2.589,"latitud":41.621,"total":1682,"indefinido":612,"temporal":1070,"provincia":"SO"}},{"type":"Feature","geometry":{"type":"Point","coordinates":[-5.979,41.727]},"properties":{"fecha":"2022-12-31","codigo_territorio":"49","nombre_territorio":"Zamora","longitud":-5.979,"latitud":41.727,"total":2905,"indefinido":761,"temporal":2144,"provincia":"ZA"}},{"type":"Feature","geometry":{"type":"Point","coordinates":[-5.979,41.727]},"properties":{"fecha":"2022-11-30","codigo_territorio":"49","nombre_territorio":"Zamora","longitud":-5.979,"latitud":41.727,"total":3615,"indefinido":1057,"temporal":2558,"provincia":"ZA"}},{"type":"Feature","geometry":{"type":"Point","coordinates":[-4.946,40.571]},"properties":{"fecha":"2022-11-30","codigo_territorio":"05","nombre_territorio":"\u00c1vila","longitud":-4.946,"latitud":40.571,"total":2546,"indefinido":1041,"temporal":1505,"provincia":"AV"}},{"type":"Feature","geometry":{"type":"Point","coordinates":[-3.586,42.367]},"properties":{"fecha":"2022-11-30","codigo_territorio":"09","nombre_territorio":"Burgos","longitud":-3.586,"latitud":42.367,"total":8313,"indefinido":2785,"temporal":5528,"provincia":"BU"}},{"type":"Feature","geometry":{"type":"Point","coordinates":[-4.055,41.171]},"properties":{"fecha":"2022-11-30","codigo_territorio":"40","nombre_territorio":"Segovia","longitud":-4.055,"latitud":41.171,"total":4258,"indefinido":1778,"temporal":2480,"provincia":"SE"}},{"type":"Feature","geometry":{"type":"Point","coordinates":[-4.847,41.634]},"properties":{"fecha":"2022-11-30","codigo_territorio":"47","nombre_territorio":"Valladolid","longitud":-4.847,"latitud":41.634,"total":13753,"indefinido":4611,"temporal":9142,"provincia":"VA"}},{"type":"Feature","geometry":{"type":"Point","coordinates":[-5.841,42.62]},"properties":{"fecha":"2022-11-30","codigo_territorio":"24","nombre_territorio":"Le\u00f3n","longitud":-5.841,"latitud":42.62,"total":7711,"indefinido":3095,"temporal":4616,"provincia":"LE"}},{"type":"Feature","geometry":{"type":"Point","coordinates":[-4.535,42.37]},"properties":{"fecha":"2022-11-30","codigo_territorio":"34","nombre_territorio":"Palencia","longitud":-4.535,"latitud":42.37,"total":5660,"indefinido":1236,"temporal":4424,"provincia":"PA"}},{"type":"Feature","geometry":{"type":"Point","coordinates":[-6.066,40.805]},"properties":{"fecha":"2022-11-30","codigo_territorio":"37","nombre_territorio":"Salamanca","longitud":-6.066,"latitud":40.805,"total":6583,"indefinido":2275,"temporal":4308,"provincia":"SA"}},{"type":"Feature","geometry":{"type":"Point","coordinates":[-2.589,41.621]},"properties":{"fecha":"2022-11-30","codigo_territorio":"42","nombre_territorio":"Soria","longitud":-2.589,"latitud":41.621,"total":2169,"indefinido":881,"temporal":1288,"provincia":"SO"}},{"type":"Feature","geometry":{"type":"Point","coordinates":[-4.397,41.835]},"properties":{"fecha":"2022-11-30","codigo_territorio":"07","nombre_territorio":"Castilla Le\u00f3n","longitud":-4.397,"latitud":41.835,"total":54608,"indefinido":18759,"temporal":35849,"provincia":"CYL"}},{"type":"Feature","geometry":{"type":"Point","coordinates":[-4.946,40.571]},"properties":{"fecha":"2022-10-31","codigo_territorio":"05","nombre_territorio":"\u00c1vila","longitud":-4.946,"latitud":40.571,"total":4678,"indefinido":2773,"temporal":1905,"provincia":"AV"}},{"type":"Feature","geometry":{"type":"Point","coordinates":[-5.841,42.62]},"properties":{"fecha":"2022-10-31","codigo_territorio":"24","nombre_territorio":"Le\u00f3n","longitud":-5.841,"latitud":42.62,"total":9626,"indefinido":4287,"temporal":5339,"provincia":"LE"}},{"type":"Feature","geometry":{"type":"Point","coordinates":[-4.535,42.37]},"properties":{"fecha":"2022-10-31","codigo_territorio":"34","nombre_territorio":"Palencia","longitud":-4.535,"latitud":42.37,"total":5659,"indefinido":1230,"temporal":4429,"provincia":"PA"}},{"type":"Feature","geometry":{"type":"Point","coordinates":[-6.066,40.805]},"properties":{"fecha":"2022-10-31","codigo_territorio":"37","nombre_territorio":"Salamanca","longitud":-6.066,"latitud":40.805,"total":7680,"indefinido":2835,"temporal":4845,"provincia":"SA"}},{"type":"Feature","geometry":{"type":"Point","coordinates":[-2.589,41.621]},"properties":{"fecha":"2022-10-31","codigo_territorio":"42","nombre_territorio":"Soria","longitud":-2.589,"latitud":41.621,"total":2435,"indefinido":922,"temporal":1513,"provincia":"SO"}},{"type":"Feature","geometry":{"type":"Point","coordinates":[-4.847,41.634]},"properties":{"fecha":"2022-10-31","codigo_territorio":"47","nombre_territorio":"Valladolid","longitud":-4.847,"latitud":41.634,"total":15840,"indefinido":6431,"temporal":9409,"provincia":"VA"}},{"type":"Feature","geometry":{"type":"Point","coordinates":[-4.397,41.835]},"properties":{"fecha":"2022-10-31","codigo_territorio":"07","nombre_territorio":"Castilla Le\u00f3n","longitud":-4.397,"latitud":41.835,"total":66915,"indefinido":26735,"temporal":40180,"provincia":"CYL"}},{"type":"Feature","geometry":{"type":"Point","coordinates":[-3.586,42.367]},"properties":{"fecha":"2022-10-31","codigo_territorio":"09","nombre_territorio":"Burgos","longitud":-3.586,"latitud":42.367,"total":10760,"indefinido":4003,"temporal":6757,"provincia":"BU"}},{"type":"Feature","geometry":{"type":"Point","coordinates":[-4.055,41.171]},"properties":{"fecha":"2022-10-31","codigo_territorio":"40","nombre_territorio":"Segovia","longitud":-4.055,"latitud":41.171,"total":5918,"indefinido":3024,"temporal":2894,"provincia":"SE"}},{"type":"Feature","geometry":{"type":"Point","coordinates":[-5.979,41.727]},"properties":{"fecha":"2022-10-31","codigo_territorio":"49","nombre_territorio":"Zamora","longitud":-5.979,"latitud":41.727,"total":4319,"indefinido":1230,"temporal":3089,"provincia":"ZA"}},{"type":"Feature","geometry":{"type":"Point","coordinates":[-4.946,40.571]},"properties":{"fecha":"2022-09-30","codigo_territorio":"05","nombre_territorio":"\u00c1vila","longitud":-4.946,"latitud":40.571,"total":4025,"indefinido":1592,"temporal":2433,"provincia":"AV"}},{"type":"Feature","geometry":{"type":"Point","coordinates":[-5.841,42.62]},"properties":{"fecha":"2022-09-30","codigo_territorio":"24","nombre_territorio":"Le\u00f3n","longitud":-5.841,"latitud":42.62,"total":11858,"indefinido":6116,"temporal":5742,"provincia":"LE"}},{"type":"Feature","geometry":{"type":"Point","coordinates":[-3.586,42.367]},"properties":{"fecha":"2022-09-30","codigo_territorio":"09","nombre_territorio":"Burgos","longitud":-3.586,"latitud":42.367,"total":13187,"indefinido":5451,"temporal":7736,"provincia":"BU"}},{"type":"Feature","geometry":{"type":"Point","coordinates":[-4.055,41.171]},"properties":{"fecha":"2022-09-30","codigo_territorio":"40","nombre_territorio":"Segovia","longitud":-4.055,"latitud":41.171,"total":5545,"indefinido":2552,"temporal":2993,"provincia":"SE"}},{"type":"Feature","geometry":{"type":"Point","coordinates":[-2.589,41.621]},"properties":{"fecha":"2022-09-30","codigo_territorio":"42","nombre_territorio":"Soria","longitud":-2.589,"latitud":41.621,"total":3676,"indefinido":1210,"temporal":2466,"provincia":"SO"}},{"type":"Feature","geometry":{"type":"Point","coordinates":[-4.535,42.37]},"properties":{"fecha":"2022-09-30","codigo_territorio":"34","nombre_territorio":"Palencia","longitud":-4.535,"latitud":42.37,"total":6467,"indefinido":1360,"temporal":5107,"provincia":"PA"}},{"type":"Feature","geometry":{"type":"Point","coordinates":[-6.066,40.805]},"properties":{"fecha":"2022-09-30","codigo_territorio":"37","nombre_territorio":"Salamanca","longitud":-6.066,"latitud":40.805,"total":9123,"indefinido":3333,"temporal":5790,"provincia":"SA"}},{"type":"Feature","geometry":{"type":"Point","coordinates":[-4.847,41.634]},"properties":{"fecha":"2022-09-30","codigo_territorio":"47","nombre_territorio":"Valladolid","longitud":-4.847,"latitud":41.634,"total":18806,"indefinido":7446,"temporal":11360,"provincia":"VA"}},{"type":"Feature","geometry":{"type":"Point","coordinates":[-5.979,41.727]},"properties":{"fecha":"2022-09-30","codigo_territorio":"49","nombre_territorio":"Zamora","longitud":-5.979,"latitud":41.727,"total":5335,"indefinido":1826,"temporal":3509,"provincia":"ZA"}},{"type":"Feature","geometry":{"type":"Point","coordinates":[-4.397,41.835]},"properties":{"fecha":"2022-09-30","codigo_territorio":"07","nombre_territorio":"Castilla Le\u00f3n","longitud":-4.397,"latitud":41.835,"total":78022,"indefinido":30886,"temporal":47136,"provincia":"CYL"}},{"type":"Feature","geometry":{"type":"Point","coordinates":[-3.586,42.367]},"properties":{"fecha":"2022-08-31","codigo_territorio":"09","nombre_territorio":"Burgos","longitud":-3.586,"latitud":42.367,"total":9199,"indefinido":2630,"temporal":6569,"provincia":"BU"}},{"type":"Feature","geometry":{"type":"Point","coordinates":[-2.589,41.621]},"properties":{"fecha":"2022-08-31","codigo_territorio":"42","nombre_territorio":"Soria","longitud":-2.589,"latitud":41.621,"total":3034,"indefinido":892,"temporal":2142,"provincia":"SO"}},{"type":"Feature","geometry":{"type":"Point","coordinates":[-4.946,40.571]},"properties":{"fecha":"2022-08-31","codigo_territorio":"05","nombre_territorio":"\u00c1vila","longitud":-4.946,"latitud":40.571,"total":3819,"indefinido":1093,"temporal":2726,"provincia":"AV"}},{"type":"Feature","geometry":{"type":"Point","coordinates":[-5.841,42.62]},"properties":{"fecha":"2022-08-31","codigo_territorio":"24","nombre_territorio":"Le\u00f3n","longitud":-5.841,"latitud":42.62,"total":10198,"indefinido":3670,"temporal":6528,"provincia":"LE"}},{"type":"Feature","geometry":{"type":"Point","coordinates":[-4.535,42.37]},"properties":{"fecha":"2022-08-31","codigo_territorio":"34","nombre_territorio":"Palencia","longitud":-4.535,"latitud":42.37,"total":5455,"indefinido":899,"temporal":4556,"provincia":"PA"}},{"type":"Feature","geometry":{"type":"Point","coordinates":[-6.066,40.805]},"properties":{"fecha":"2022-08-31","codigo_territorio":"37","nombre_territorio":"Salamanca","longitud":-6.066,"latitud":40.805,"total":7848,"indefinido":2212,"temporal":5636,"provincia":"SA"}},{"type":"Feature","geometry":{"type":"Point","coordinates":[-5.979,41.727]},"properties":{"fecha":"2022-08-31","codigo_territorio":"49","nombre_territorio":"Zamora","longitud":-5.979,"latitud":41.727,"total":4509,"indefinido":1119,"temporal":3390,"provincia":"ZA"}},{"type":"Feature","geometry":{"type":"Point","coordinates":[-4.397,41.835]},"properties":{"fecha":"2022-08-31","codigo_territorio":"07","nombre_territorio":"Castilla Le\u00f3n","longitud":-4.397,"latitud":41.835,"total":62660,"indefinido":18799,"temporal":43861,"provincia":"CYL"}},{"type":"Feature","geometry":{"type":"Point","coordinates":[-4.055,41.171]},"properties":{"fecha":"2022-08-31","codigo_territorio":"40","nombre_territorio":"Segovia","longitud":-4.055,"latitud":41.171,"total":4777,"indefinido":1677,"temporal":3100,"provincia":"SE"}},{"type":"Feature","geometry":{"type":"Point","coordinates":[-4.847,41.634]},"properties":{"fecha":"2022-08-31","codigo_territorio":"47","nombre_territorio":"Valladolid","longitud":-4.847,"latitud":41.634,"total":13821,"indefinido":4607,"temporal":9214,"provincia":"VA"}},{"type":"Feature","geometry":{"type":"Point","coordinates":[-4.946,40.571]},"properties":{"fecha":"2022-07-31","codigo_territorio":"05","nombre_territorio":"\u00c1vila","longitud":-4.946,"latitud":40.571,"total":4774,"indefinido":1861,"temporal":2913,"provincia":"AV"}},{"type":"Feature","geometry":{"type":"Point","coordinates":[-4.535,42.37]},"properties":{"fecha":"2022-07-31","codigo_territorio":"34","nombre_territorio":"Palencia","longitud":-4.535,"latitud":42.37,"total":6883,"indefinido":1400,"temporal":5483,"provincia":"PA"}},{"type":"Feature","geometry":{"type":"Point","coordinates":[-4.055,41.171]},"properties":{"fecha":"2022-07-31","codigo_territorio":"40","nombre_territorio":"Segovia","longitud":-4.055,"latitud":41.171,"total":6693,"indefinido":2664,"temporal":4029,"provincia":"SE"}},{"type":"Feature","geometry":{"type":"Point","coordinates":[-4.397,41.835]},"properties":{"fecha":"2022-07-31","codigo_territorio":"07","nombre_territorio":"Castilla Le\u00f3n","longitud":-4.397,"latitud":41.835,"total":77935,"indefinido":26142,"temporal":51793,"provincia":"CYL"}},{"type":"Feature","geometry":{"type":"Point","coordinates":[-4.847,41.634]},"properties":{"fecha":"2022-07-31","codigo_territorio":"47","nombre_territorio":"Valladolid","longitud":-4.847,"latitud":41.634,"total":17176,"indefinido":6392,"temporal":10784,"provincia":"VA"}},{"type":"Feature","geometry":{"type":"Point","coordinates":[-5.979,41.727]},"properties":{"fecha":"2022-07-31","codigo_territorio":"49","nombre_territorio":"Zamora","longitud":-5.979,"latitud":41.727,"total":5863,"indefinido":1482,"temporal":4381,"provincia":"ZA"}},{"type":"Feature","geometry":{"type":"Point","coordinates":[-3.586,42.367]},"properties":{"fecha":"2022-07-31","codigo_territorio":"09","nombre_territorio":"Burgos","longitud":-3.586,"latitud":42.367,"total":11860,"indefinido":3618,"temporal":8242,"provincia":"BU"}},{"type":"Feature","geometry":{"type":"Point","coordinates":[-5.841,42.62]},"properties":{"fecha":"2022-07-31","codigo_territorio":"24","nombre_territorio":"Le\u00f3n","longitud":-5.841,"latitud":42.62,"total":11482,"indefinido":4297,"temporal":7185,"provincia":"LE"}},{"type":"Feature","geometry":{"type":"Point","coordinates":[-6.066,40.805]},"properties":{"fecha":"2022-07-31","codigo_territorio":"37","nombre_territorio":"Salamanca","longitud":-6.066,"latitud":40.805,"total":9300,"indefinido":3021,"temporal":6279,"provincia":"SA"}},{"type":"Feature","geometry":{"type":"Point","coordinates":[-2.589,41.621]},"properties":{"fecha":"2022-07-31","codigo_territorio":"42","nombre_territorio":"Soria","longitud":-2.589,"latitud":41.621,"total":3904,"indefinido":1407,"temporal":2497,"provincia":"SO"}},{"type":"Feature","geometry":{"type":"Point","coordinates":[-4.946,40.571]},"properties":{"fecha":"2022-06-30","codigo_territorio":"05","nombre_territorio":"\u00c1vila","longitud":-4.946,"latitud":40.571,"total":4373,"indefinido":1809,"temporal":2564,"provincia":"AV"}},{"type":"Feature","geometry":{"type":"Point","coordinates":[-5.841,42.62]},"properties":{"fecha":"2022-06-30","codigo_territorio":"24","nombre_territorio":"Le\u00f3n","longitud":-5.841,"latitud":42.62,"total":11423,"indefinido":4636,"temporal":6787,"provincia":"LE"}},{"type":"Feature","geometry":{"type":"Point","coordinates":[-4.535,42.37]},"properties":{"fecha":"2022-06-30","codigo_territorio":"34","nombre_territorio":"Palencia","longitud":-4.535,"latitud":42.37,"total":5684,"indefinido":1355,"temporal":4329,"provincia":"PA"}},{"type":"Feature","geometry":{"type":"Point","coordinates":[-6.066,40.805]},"properties":{"fecha":"2022-06-30","codigo_territorio":"37","nombre_territorio":"Salamanca","longitud":-6.066,"latitud":40.805,"total":9780,"indefinido":3386,"temporal":6394,"provincia":"SA"}},{"type":"Feature","geometry":{"type":"Point","coordinates":[-4.055,41.171]},"properties":{"fecha":"2022-06-30","codigo_territorio":"40","nombre_territorio":"Segovia","longitud":-4.055,"latitud":41.171,"total":6300,"indefinido":2560,"temporal":3740,"provincia":"SE"}},{"type":"Feature","geometry":{"type":"Point","coordinates":[-2.589,41.621]},"properties":{"fecha":"2022-06-30","codigo_territorio":"42","nombre_territorio":"Soria","longitud":-2.589,"latitud":41.621,"total":3391,"indefinido":1341,"temporal":2050,"provincia":"SO"}},{"type":"Feature","geometry":{"type":"Point","coordinates":[-5.979,41.727]},"properties":{"fecha":"2022-06-30","codigo_territorio":"49","nombre_territorio":"Zamora","longitud":-5.979,"latitud":41.727,"total":4757,"indefinido":1492,"temporal":3265,"provincia":"ZA"}},{"type":"Feature","geometry":{"type":"Point","coordinates":[-3.586,42.367]},"properties":{"fecha":"2022-06-30","codigo_territorio":"09","nombre_territorio":"Burgos","longitud":-3.586,"latitud":42.367,"total":12254,"indefinido":4593,"temporal":7661,"provincia":"BU"}},{"type":"Feature","geometry":{"type":"Point","coordinates":[-4.847,41.634]},"properties":{"fecha":"2022-06-30","codigo_territorio":"47","nombre_territorio":"Valladolid","longitud":-4.847,"latitud":41.634,"total":18521,"indefinido":6487,"temporal":12034,"provincia":"VA"}},{"type":"Feature","geometry":{"type":"Point","coordinates":[-4.397,41.835]},"properties":{"fecha":"2022-06-30","codigo_territorio":"07","nombre_territorio":"Castilla Le\u00f3n","longitud":-4.397,"latitud":41.835,"total":76483,"indefinido":27659,"temporal":48824,"provincia":"CYL"}},{"type":"Feature","geometry":{"type":"Point","coordinates":[-3.586,42.367]},"properties":{"fecha":"2022-05-31","codigo_territorio":"09","nombre_territorio":"Burgos","longitud":-3.586,"latitud":42.367,"total":11326,"indefinido":4647,"temporal":6679,"provincia":"BU"}},{"type":"Feature","geometry":{"type":"Point","coordinates":[-4.055,41.171]},"properties":{"fecha":"2022-05-31","codigo_territorio":"40","nombre_territorio":"Segovia","longitud":-4.055,"latitud":41.171,"total":5115,"indefinido":1934,"temporal":3181,"provincia":"SE"}},{"type":"Feature","geometry":{"type":"Point","coordinates":[-2.589,41.621]},"properties":{"fecha":"2022-05-31","codigo_territorio":"42","nombre_territorio":"Soria","longitud":-2.589,"latitud":41.621,"total":2837,"indefinido":1175,"temporal":1662,"provincia":"SO"}},{"type":"Feature","geometry":{"type":"Point","coordinates":[-4.847,41.634]},"properties":{"fecha":"2022-05-31","codigo_territorio":"47","nombre_territorio":"Valladolid","longitud":-4.847,"latitud":41.634,"total":16243,"indefinido":6703,"temporal":9540,"provincia":"VA"}},{"type":"Feature","geometry":{"type":"Point","coordinates":[-4.397,41.835]},"properties":{"fecha":"2022-05-31","codigo_territorio":"07","nombre_territorio":"Castilla Le\u00f3n","longitud":-4.397,"latitud":41.835,"total":66842,"indefinido":25999,"temporal":40843,"provincia":"CYL"}},{"type":"Feature","geometry":{"type":"Point","coordinates":[-4.535,42.37]},"properties":{"fecha":"2022-05-31","codigo_territorio":"34","nombre_territorio":"Palencia","longitud":-4.535,"latitud":42.37,"total":5143,"indefinido":1281,"temporal":3862,"provincia":"PA"}},{"type":"Feature","geometry":{"type":"Point","coordinates":[-6.066,40.805]},"properties":{"fecha":"2022-05-31","codigo_territorio":"37","nombre_territorio":"Salamanca","longitud":-6.066,"latitud":40.805,"total":7779,"indefinido":2829,"temporal":4950,"provincia":"SA"}},{"type":"Feature","geometry":{"type":"Point","coordinates":[-5.979,41.727]},"properties":{"fecha":"2022-05-31","codigo_territorio":"49","nombre_territorio":"Zamora","longitud":-5.979,"latitud":41.727,"total":4512,"indefinido":1435,"temporal":3077,"provincia":"ZA"}},{"type":"Feature","geometry":{"type":"Point","coordinates":[-4.946,40.571]},"properties":{"fecha":"2022-05-31","codigo_territorio":"05","nombre_territorio":"\u00c1vila","longitud":-4.946,"latitud":40.571,"total":3777,"indefinido":1502,"temporal":2275,"provincia":"AV"}},{"type":"Feature","geometry":{"type":"Point","coordinates":[-5.841,42.62]},"properties":{"fecha":"2022-05-31","codigo_territorio":"24","nombre_territorio":"Le\u00f3n","longitud":-5.841,"latitud":42.62,"total":10110,"indefinido":4493,"temporal":5617,"provincia":"LE"}},{"type":"Feature","geometry":{"type":"Point","coordinates":[-3.586,42.367]},"properties":{"fecha":"2022-04-30","codigo_territorio":"09","nombre_territorio":"Burgos","longitud":-3.586,"latitud":42.367,"total":8880,"indefinido":3369,"temporal":5511,"provincia":"BU"}},{"type":"Feature","geometry":{"type":"Point","coordinates":[-2.589,41.621]},"properties":{"fecha":"2022-04-30","codigo_territorio":"42","nombre_territorio":"Soria","longitud":-2.589,"latitud":41.621,"total":2626,"indefinido":1084,"temporal":1542,"provincia":"SO"}},{"type":"Feature","geometry":{"type":"Point","coordinates":[-5.979,41.727]},"properties":{"fecha":"2022-04-30","codigo_territorio":"49","nombre_territorio":"Zamora","longitud":-5.979,"latitud":41.727,"total":3725,"indefinido":1296,"temporal":2429,"provincia":"ZA"}},{"type":"Feature","geometry":{"type":"Point","coordinates":[-4.847,41.634]},"properties":{"fecha":"2022-04-30","codigo_territorio":"47","nombre_territorio":"Valladolid","longitud":-4.847,"latitud":41.634,"total":13232,"indefinido":5264,"temporal":7968,"provincia":"VA"}},{"type":"Feature","geometry":{"type":"Point","coordinates":[-4.397,41.835]},"properties":{"fecha":"2022-04-30","codigo_territorio":"07","nombre_territorio":"Castilla Le\u00f3n","longitud":-4.397,"latitud":41.835,"total":57224,"indefinido":22607,"temporal":34617,"provincia":"CYL"}},{"type":"Feature","geometry":{"type":"Point","coordinates":[-4.946,40.571]},"properties":{"fecha":"2022-04-30","codigo_territorio":"05","nombre_territorio":"\u00c1vila","longitud":-4.946,"latitud":40.571,"total":3095,"indefinido":1265,"temporal":1830,"provincia":"AV"}},{"type":"Feature","geometry":{"type":"Point","coordinates":[-5.841,42.62]},"properties":{"fecha":"2022-04-30","codigo_territorio":"24","nombre_territorio":"Le\u00f3n","longitud":-5.841,"latitud":42.62,"total":8795,"indefinido":4360,"temporal":4435,"provincia":"LE"}},{"type":"Feature","geometry":{"type":"Point","coordinates":[-4.535,42.37]},"properties":{"fecha":"2022-04-30","codigo_territorio":"34","nombre_territorio":"Palencia","longitud":-4.535,"latitud":42.37,"total":5337,"indefinido":1206,"temporal":4131,"provincia":"PA"}},{"type":"Feature","geometry":{"type":"Point","coordinates":[-6.066,40.805]},"properties":{"fecha":"2022-04-30","codigo_territorio":"37","nombre_territorio":"Salamanca","longitud":-6.066,"latitud":40.805,"total":6825,"indefinido":2917,"temporal":3908,"provincia":"SA"}},{"type":"Feature","geometry":{"type":"Point","coordinates":[-4.055,41.171]},"properties":{"fecha":"2022-04-30","codigo_territorio":"40","nombre_territorio":"Segovia","longitud":-4.055,"latitud":41.171,"total":4709,"indefinido":1846,"temporal":2863,"provincia":"SE"}},{"type":"Feature","geometry":{"type":"Point","coordinates":[-3.586,42.367]},"properties":{"fecha":"2022-03-31","codigo_territorio":"09","nombre_territorio":"Burgos","longitud":-3.586,"latitud":42.367,"total":9931,"indefinido":2459,"temporal":7472,"provincia":"BU"}},{"type":"Feature","geometry":{"type":"Point","coordinates":[-6.066,40.805]},"properties":{"fecha":"2022-03-31","codigo_territorio":"37","nombre_territorio":"Salamanca","longitud":-6.066,"latitud":40.805,"total":7456,"indefinido":2178,"temporal":5278,"provincia":"SA"}},{"type":"Feature","geometry":{"type":"Point","coordinates":[-4.055,41.171]},"properties":{"fecha":"2022-03-31","codigo_territorio":"40","nombre_territorio":"Segovia","longitud":-4.055,"latitud":41.171,"total":5615,"indefinido":1273,"temporal":4342,"provincia":"SE"}},{"type":"Feature","geometry":{"type":"Point","coordinates":[-4.535,42.37]},"properties":{"fecha":"2022-03-31","codigo_territorio":"34","nombre_territorio":"Palencia","longitud":-4.535,"latitud":42.37,"total":4584,"indefinido":919,"temporal":3665,"provincia":"PA"}},{"type":"Feature","geometry":{"type":"Point","coordinates":[-2.589,41.621]},"properties":{"fecha":"2022-03-31","codigo_territorio":"42","nombre_territorio":"Soria","longitud":-2.589,"latitud":41.621,"total":2623,"indefinido":786,"temporal":1837,"provincia":"SO"}},{"type":"Feature","geometry":{"type":"Point","coordinates":[-4.847,41.634]},"properties":{"fecha":"2022-03-31","codigo_territorio":"47","nombre_territorio":"Valladolid","longitud":-4.847,"latitud":41.634,"total":16280,"indefinido":4838,"temporal":11442,"provincia":"VA"}},{"type":"Feature","geometry":{"type":"Point","coordinates":[-5.979,41.727]},"properties":{"fecha":"2022-03-31","codigo_territorio":"49","nombre_territorio":"Zamora","longitud":-5.979,"latitud":41.727,"total":3778,"indefinido":1085,"temporal":2693,"provincia":"ZA"}},{"type":"Feature","geometry":{"type":"Point","coordinates":[-4.946,40.571]},"properties":{"fecha":"2022-03-31","codigo_territorio":"05","nombre_territorio":"\u00c1vila","longitud":-4.946,"latitud":40.571,"total":3511,"indefinido":1069,"temporal":2442,"provincia":"AV"}},{"type":"Feature","geometry":{"type":"Point","coordinates":[-5.841,42.62]},"properties":{"fecha":"2022-03-31","codigo_territorio":"24","nombre_territorio":"Le\u00f3n","longitud":-5.841,"latitud":42.62,"total":9502,"indefinido":3320,"temporal":6182,"provincia":"LE"}},{"type":"Feature","geometry":{"type":"Point","coordinates":[-4.397,41.835]},"properties":{"fecha":"2022-03-31","codigo_territorio":"07","nombre_territorio":"Castilla Le\u00f3n","longitud":-4.397,"latitud":41.835,"total":63280,"indefinido":17927,"temporal":45353,"provincia":"CYL"}},{"type":"Feature","geometry":{"type":"Point","coordinates":[-4.946,40.571]},"properties":{"fecha":"2022-02-28","codigo_territorio":"05","nombre_territorio":"\u00c1vila","longitud":-4.946,"latitud":40.571,"total":3647,"indefinido":784,"temporal":2863,"provincia":"AV"}},{"type":"Feature","geometry":{"type":"Point","coordinates":[-4.535,42.37]},"properties":{"fecha":"2022-02-28","codigo_territorio":"34","nombre_territorio":"Palencia","longitud":-4.535,"latitud":42.37,"total":4694,"indefinido":616,"temporal":4078,"provincia":"PA"}},{"type":"Feature","geometry":{"type":"Point","coordinates":[-6.066,40.805]},"properties":{"fecha":"2022-02-28","codigo_territorio":"37","nombre_territorio":"Salamanca","longitud":-6.066,"latitud":40.805,"total":6854,"indefinido":1686,"temporal":5168,"provincia":"SA"}},{"type":"Feature","geometry":{"type":"Point","coordinates":[-4.055,41.171]},"properties":{"fecha":"2022-02-28","codigo_territorio":"40","nombre_territorio":"Segovia","longitud":-4.055,"latitud":41.171,"total":4688,"indefinido":869,"temporal":3819,"provincia":"SE"}},{"type":"Feature","geometry":{"type":"Point","coordinates":[-2.589,41.621]},"properties":{"fecha":"2022-02-28","codigo_territorio":"42","nombre_territorio":"Soria","longitud":-2.589,"latitud":41.621,"total":2449,"indefinido":557,"temporal":1892,"provincia":"SO"}},{"type":"Feature","geometry":{"type":"Point","coordinates":[-4.847,41.634]},"properties":{"fecha":"2022-02-28","codigo_territorio":"47","nombre_territorio":"Valladolid","longitud":-4.847,"latitud":41.634,"total":14116,"indefinido":3089,"temporal":11027,"provincia":"VA"}},{"type":"Feature","geometry":{"type":"Point","coordinates":[-5.979,41.727]},"properties":{"fecha":"2022-02-28","codigo_territorio":"49","nombre_territorio":"Zamora","longitud":-5.979,"latitud":41.727,"total":3519,"indefinido":764,"temporal":2755,"provincia":"ZA"}},{"type":"Feature","geometry":{"type":"Point","coordinates":[-4.397,41.835]},"properties":{"fecha":"2022-02-28","codigo_territorio":"07","nombre_territorio":"Castilla Le\u00f3n","longitud":-4.397,"latitud":41.835,"total":56919,"indefinido":12307,"temporal":44612,"provincia":"CYL"}},{"type":"Feature","geometry":{"type":"Point","coordinates":[-3.586,42.367]},"properties":{"fecha":"2022-02-28","codigo_territorio":"09","nombre_territorio":"Burgos","longitud":-3.586,"latitud":42.367,"total":8678,"indefinido":1610,"temporal":7068,"provincia":"BU"}},{"type":"Feature","geometry":{"type":"Point","coordinates":[-5.841,42.62]},"properties":{"fecha":"2022-02-28","codigo_territorio":"24","nombre_territorio":"Le\u00f3n","longitud":-5.841,"latitud":42.62,"total":8274,"indefinido":2332,"temporal":5942,"provincia":"LE"}},{"type":"Feature","geometry":{"type":"Point","coordinates":[-3.586,42.367]},"properties":{"fecha":"2022-01-31","codigo_territorio":"09","nombre_territorio":"Burgos","longitud":-3.586,"latitud":42.367,"total":10048,"indefinido":1474,"temporal":8574,"provincia":"BU"}},{"type":"Feature","geometry":{"type":"Point","coordinates":[-6.066,40.805]},"properties":{"fecha":"2022-01-31","codigo_territorio":"37","nombre_territorio":"Salamanca","longitud":-6.066,"latitud":40.805,"total":7026,"indefinido":1365,"temporal":5661,"provincia":"SA"}},{"type":"Feature","geometry":{"type":"Point","coordinates":[-2.589,41.621]},"properties":{"fecha":"2022-01-31","codigo_territorio":"42","nombre_territorio":"Soria","longitud":-2.589,"latitud":41.621,"total":2391,"indefinido":395,"temporal":1996,"provincia":"SO"}},{"type":"Feature","geometry":{"type":"Point","coordinates":[-4.847,41.634]},"properties":{"fecha":"2022-01-31","codigo_territorio":"47","nombre_territorio":"Valladolid","longitud":-4.847,"latitud":41.634,"total":15542,"indefinido":2221,"temporal":13321,"provincia":"VA"}},{"type":"Feature","geometry":{"type":"Point","coordinates":[-5.979,41.727]},"properties":{"fecha":"2022-01-31","codigo_territorio":"49","nombre_territorio":"Zamora","longitud":-5.979,"latitud":41.727,"total":3582,"indefinido":541,"temporal":3041,"provincia":"ZA"}},{"type":"Feature","geometry":{"type":"Point","coordinates":[-4.946,40.571]},"properties":{"fecha":"2022-01-31","codigo_territorio":"05","nombre_territorio":"\u00c1vila","longitud":-4.946,"latitud":40.571,"total":2770,"indefinido":552,"temporal":2218,"provincia":"AV"}},{"type":"Feature","geometry":{"type":"Point","coordinates":[-4.535,42.37]},"properties":{"fecha":"2022-01-31","codigo_territorio":"34","nombre_territorio":"Palencia","longitud":-4.535,"latitud":42.37,"total":6073,"indefinido":465,"temporal":5608,"provincia":"PA"}},{"type":"Feature","geometry":{"type":"Point","coordinates":[-4.055,41.171]},"properties":{"fecha":"2022-01-31","codigo_territorio":"40","nombre_territorio":"Segovia","longitud":-4.055,"latitud":41.171,"total":4896,"indefinido":696,"temporal":4200,"provincia":"SE"}},{"type":"Feature","geometry":{"type":"Point","coordinates":[-4.397,41.835]},"properties":{"fecha":"2022-01-31","codigo_territorio":"07","nombre_territorio":"Castilla Le\u00f3n","longitud":-4.397,"latitud":41.835,"total":60633,"indefinido":9475,"temporal":51158,"provincia":"CYL"}},{"type":"Feature","geometry":{"type":"Point","coordinates":[-5.841,42.62]},"properties":{"fecha":"2022-01-31","codigo_territorio":"24","nombre_territorio":"Le\u00f3n","longitud":-5.841,"latitud":42.62,"total":8305,"indefinido":1766,"temporal":6539,"provincia":"LE"}},{"type":"Feature","geometry":{"type":"Point","coordinates":[-5.841,42.62]},"properties":{"fecha":"2021-12-31","codigo_territorio":"24","nombre_territorio":"Le\u00f3n","longitud":-5.841,"latitud":42.62,"total":9152,"indefinido":1527,"temporal":7625,"provincia":"LE"}},{"type":"Feature","geometry":{"type":"Point","coordinates":[-4.397,41.835]},"properties":{"fecha":"2021-12-31","codigo_territorio":"07","nombre_territorio":"Castilla Le\u00f3n","longitud":-4.397,"latitud":41.835,"total":66167,"indefinido":6945,"temporal":59222,"provincia":"CYL"}},{"type":"Feature","geometry":{"type":"Point","coordinates":[-3.586,42.367]},"properties":{"fecha":"2021-12-31","codigo_territorio":"09","nombre_territorio":"Burgos","longitud":-3.586,"latitud":42.367,"total":9892,"indefinido":1076,"temporal":8816,"provincia":"BU"}},{"type":"Feature","geometry":{"type":"Point","coordinates":[-6.066,40.805]},"properties":{"fecha":"2021-12-31","codigo_territorio":"37","nombre_territorio":"Salamanca","longitud":-6.066,"latitud":40.805,"total":7629,"indefinido":824,"temporal":6805,"provincia":"SA"}},{"type":"Feature","geometry":{"type":"Point","coordinates":[-2.589,41.621]},"properties":{"fecha":"2021-12-31","codigo_territorio":"42","nombre_territorio":"Soria","longitud":-2.589,"latitud":41.621,"total":2423,"indefinido":280,"temporal":2143,"provincia":"SO"}},{"type":"Feature","geometry":{"type":"Point","coordinates":[-4.847,41.634]},"properties":{"fecha":"2021-12-31","codigo_territorio":"47","nombre_territorio":"Valladolid","longitud":-4.847,"latitud":41.634,"total":17081,"indefinido":1635,"temporal":15446,"provincia":"VA"}},{"type":"Feature","geometry":{"type":"Point","coordinates":[-4.946,40.571]},"properties":{"fecha":"2021-12-31","codigo_territorio":"05","nombre_territorio":"\u00c1vila","longitud":-4.946,"latitud":40.571,"total":3697,"indefinido":370,"temporal":3327,"provincia":"AV"}},{"type":"Feature","geometry":{"type":"Point","coordinates":[-4.535,42.37]},"properties":{"fecha":"2021-12-31","codigo_territorio":"34","nombre_territorio":"Palencia","longitud":-4.535,"latitud":42.37,"total":6762,"indefinido":356,"temporal":6406,"provincia":"PA"}},{"type":"Feature","geometry":{"type":"Point","coordinates":[-4.055,41.171]},"properties":{"fecha":"2021-12-31","codigo_territorio":"40","nombre_territorio":"Segovia","longitud":-4.055,"latitud":41.171,"total":5555,"indefinido":539,"temporal":5016,"provincia":"SE"}},{"type":"Feature","geometry":{"type":"Point","coordinates":[-5.979,41.727]},"properties":{"fecha":"2021-12-31","codigo_territorio":"49","nombre_territorio":"Zamora","longitud":-5.979,"latitud":41.727,"total":3976,"indefinido":338,"temporal":3638,"provincia":"ZA"}},{"type":"Feature","geometry":{"type":"Point","coordinates":[-3.586,42.367]},"properties":{"fecha":"2021-11-30","codigo_territorio":"09","nombre_territorio":"Burgos","longitud":-3.586,"latitud":42.367,"total":11666,"indefinido":1513,"temporal":10153,"provincia":"BU"}},{"type":"Feature","geometry":{"type":"Point","coordinates":[-6.066,40.805]},"properties":{"fecha":"2021-11-30","codigo_territorio":"37","nombre_territorio":"Salamanca","longitud":-6.066,"latitud":40.805,"total":9659,"indefinido":1490,"temporal":8169,"provincia":"SA"}},{"type":"Feature","geometry":{"type":"Point","coordinates":[-4.847,41.634]},"properties":{"fecha":"2021-11-30","codigo_territorio":"47","nombre_territorio":"Valladolid","longitud":-4.847,"latitud":41.634,"total":20690,"indefinido":2655,"temporal":18035,"provincia":"VA"}},{"type":"Feature","geometry":{"type":"Point","coordinates":[-5.841,42.62]},"properties":{"fecha":"2021-11-30","codigo_territorio":"24","nombre_territorio":"Le\u00f3n","longitud":-5.841,"latitud":42.62,"total":11329,"indefinido":1970,"temporal":9359,"provincia":"LE"}},{"type":"Feature","geometry":{"type":"Point","coordinates":[-4.535,42.37]},"properties":{"fecha":"2021-11-30","codigo_territorio":"34","nombre_territorio":"Palencia","longitud":-4.535,"latitud":42.37,"total":7616,"indefinido":585,"temporal":7031,"provincia":"PA"}},{"type":"Feature","geometry":{"type":"Point","coordinates":[-4.055,41.171]},"properties":{"fecha":"2021-11-30","codigo_territorio":"40","nombre_territorio":"Segovia","longitud":-4.055,"latitud":41.171,"total":7516,"indefinido":783,"temporal":6733,"provincia":"SE"}},{"type":"Feature","geometry":{"type":"Point","coordinates":[-5.979,41.727]},"properties":{"fecha":"2021-11-30","codigo_territorio":"49","nombre_territorio":"Zamora","longitud":-5.979,"latitud":41.727,"total":5006,"indefinido":642,"temporal":4364,"provincia":"ZA"}},{"type":"Feature","geometry":{"type":"Point","coordinates":[-4.946,40.571]},"properties":{"fecha":"2021-11-30","codigo_territorio":"05","nombre_territorio":"\u00c1vila","longitud":-4.946,"latitud":40.571,"total":4656,"indefinido":734,"temporal":3922,"provincia":"AV"}},{"type":"Feature","geometry":{"type":"Point","coordinates":[-2.589,41.621]},"properties":{"fecha":"2021-11-30","codigo_territorio":"42","nombre_territorio":"Soria","longitud":-2.589,"latitud":41.621,"total":3365,"indefinido":497,"temporal":2868,"provincia":"SO"}},{"type":"Feature","geometry":{"type":"Point","coordinates":[-4.397,41.835]},"properties":{"fecha":"2021-11-30","codigo_territorio":"07","nombre_territorio":"Castilla Le\u00f3n","longitud":-4.397,"latitud":41.835,"total":81503,"indefinido":10869,"temporal":70634,"provincia":"CYL"}},{"type":"Feature","geometry":{"type":"Point","coordinates":[-6.066,40.805]},"properties":{"fecha":"2021-10-31","codigo_territorio":"37","nombre_territorio":"Salamanca","longitud":-6.066,"latitud":40.805,"total":10243,"indefinido":1024,"temporal":9219,"provincia":"SA"}},{"type":"Feature","geometry":{"type":"Point","coordinates":[-4.055,41.171]},"properties":{"fecha":"2021-10-31","codigo_territorio":"40","nombre_territorio":"Segovia","longitud":-4.055,"latitud":41.171,"total":8279,"indefinido":883,"temporal":7396,"provincia":"SE"}},{"type":"Feature","geometry":{"type":"Point","coordinates":[-5.979,41.727]},"properties":{"fecha":"2021-10-31","codigo_territorio":"49","nombre_territorio":"Zamora","longitud":-5.979,"latitud":41.727,"total":5252,"indefinido":354,"temporal":4898,"provincia":"ZA"}},{"type":"Feature","geometry":{"type":"Point","coordinates":[-4.946,40.571]},"properties":{"fecha":"2021-10-31","codigo_territorio":"05","nombre_territorio":"\u00c1vila","longitud":-4.946,"latitud":40.571,"total":6288,"indefinido":613,"temporal":5675,"provincia":"AV"}},{"type":"Feature","geometry":{"type":"Point","coordinates":[-3.586,42.367]},"properties":{"fecha":"2021-10-31","codigo_territorio":"09","nombre_territorio":"Burgos","longitud":-3.586,"latitud":42.367,"total":14649,"indefinido":1108,"temporal":13541,"provincia":"BU"}},{"type":"Feature","geometry":{"type":"Point","coordinates":[-4.535,42.37]},"properties":{"fecha":"2021-10-31","codigo_territorio":"34","nombre_territorio":"Palencia","longitud":-4.535,"latitud":42.37,"total":7721,"indefinido":382,"temporal":7339,"provincia":"PA"}},{"type":"Feature","geometry":{"type":"Point","coordinates":[-2.589,41.621]},"properties":{"fecha":"2021-10-31","codigo_territorio":"42","nombre_territorio":"Soria","longitud":-2.589,"latitud":41.621,"total":3232,"indefinido":310,"temporal":2922,"provincia":"SO"}},{"type":"Feature","geometry":{"type":"Point","coordinates":[-4.847,41.634]},"properties":{"fecha":"2021-10-31","codigo_territorio":"47","nombre_territorio":"Valladolid","longitud":-4.847,"latitud":41.634,"total":20968,"indefinido":2106,"temporal":18862,"provincia":"VA"}},{"type":"Feature","geometry":{"type":"Point","coordinates":[-5.841,42.62]},"properties":{"fecha":"2021-10-31","codigo_territorio":"24","nombre_territorio":"Le\u00f3n","longitud":-5.841,"latitud":42.62,"total":11585,"indefinido":1226,"temporal":10359,"provincia":"LE"}},{"type":"Feature","geometry":{"type":"Point","coordinates":[-4.397,41.835]},"properties":{"fecha":"2021-10-31","codigo_territorio":"07","nombre_territorio":"Castilla Le\u00f3n","longitud":-4.397,"latitud":41.835,"total":88217,"indefinido":8006,"temporal":80211,"provincia":"CYL"}},{"type":"Feature","geometry":{"type":"Point","coordinates":[-4.946,40.571]},"properties":{"fecha":"2021-09-30","codigo_territorio":"05","nombre_territorio":"\u00c1vila","longitud":-4.946,"latitud":40.571,"total":5170,"indefinido":462,"temporal":4708,"provincia":"AV"}},{"type":"Feature","geometry":{"type":"Point","coordinates":[-5.841,42.62]},"properties":{"fecha":"2021-09-30","codigo_territorio":"24","nombre_territorio":"Le\u00f3n","longitud":-5.841,"latitud":42.62,"total":12878,"indefinido":1178,"temporal":11700,"provincia":"LE"}},{"type":"Feature","geometry":{"type":"Point","coordinates":[-4.535,42.37]},"properties":{"fecha":"2021-09-30","codigo_territorio":"34","nombre_territorio":"Palencia","longitud":-4.535,"latitud":42.37,"total":6999,"indefinido":402,"temporal":6597,"provincia":"PA"}},{"type":"Feature","geometry":{"type":"Point","coordinates":[-6.066,40.805]},"properties":{"fecha":"2021-09-30","codigo_territorio":"37","nombre_territorio":"Salamanca","longitud":-6.066,"latitud":40.805,"total":10055,"indefinido":1012,"temporal":9043,"provincia":"SA"}},{"type":"Feature","geometry":{"type":"Point","coordinates":[-4.055,41.171]},"properties":{"fecha":"2021-09-30","codigo_territorio":"40","nombre_territorio":"Segovia","longitud":-4.055,"latitud":41.171,"total":7537,"indefinido":722,"temporal":6815,"provincia":"SE"}},{"type":"Feature","geometry":{"type":"Point","coordinates":[-3.586,42.367]},"properties":{"fecha":"2021-09-30","codigo_territorio":"09","nombre_territorio":"Burgos","longitud":-3.586,"latitud":42.367,"total":12801,"indefinido":1248,"temporal":11553,"provincia":"BU"}},{"type":"Feature","geometry":{"type":"Point","coordinates":[-2.589,41.621]},"properties":{"fecha":"2021-09-30","codigo_territorio":"42","nombre_territorio":"Soria","longitud":-2.589,"latitud":41.621,"total":3913,"indefinido":365,"temporal":3548,"provincia":"SO"}},{"type":"Feature","geometry":{"type":"Point","coordinates":[-4.847,41.634]},"properties":{"fecha":"2021-09-30","codigo_territorio":"47","nombre_territorio":"Valladolid","longitud":-4.847,"latitud":41.634,"total":22389,"indefinido":2110,"temporal":20279,"provincia":"VA"}},{"type":"Feature","geometry":{"type":"Point","coordinates":[-4.397,41.835]},"properties":{"fecha":"2021-09-30","codigo_territorio":"07","nombre_territorio":"Castilla Le\u00f3n","longitud":-4.397,"latitud":41.835,"total":87906,"indefinido":7888,"temporal":80018,"provincia":"CYL"}},{"type":"Feature","geometry":{"type":"Point","coordinates":[-5.979,41.727]},"properties":{"fecha":"2021-09-30","codigo_territorio":"49","nombre_territorio":"Zamora","longitud":-5.979,"latitud":41.727,"total":6164,"indefinido":389,"temporal":5775,"provincia":"ZA"}},{"type":"Feature","geometry":{"type":"Point","coordinates":[-4.946,40.571]},"properties":{"fecha":"2021-08-31","codigo_territorio":"05","nombre_territorio":"\u00c1vila","longitud":-4.946,"latitud":40.571,"total":3910,"indefinido":260,"temporal":3650,"provincia":"AV"}},{"type":"Feature","geometry":{"type":"Point","coordinates":[-3.586,42.367]},"properties":{"fecha":"2021-08-31","codigo_territorio":"09","nombre_territorio":"Burgos","longitud":-3.586,"latitud":42.367,"total":9829,"indefinido":648,"temporal":9181,"provincia":"BU"}},{"type":"Feature","geometry":{"type":"Point","coordinates":[-5.841,42.62]},"properties":{"fecha":"2021-08-31","codigo_territorio":"24","nombre_territorio":"Le\u00f3n","longitud":-5.841,"latitud":42.62,"total":10892,"indefinido":890,"temporal":10002,"provincia":"LE"}},{"type":"Feature","geometry":{"type":"Point","coordinates":[-4.535,42.37]},"properties":{"fecha":"2021-08-31","codigo_territorio":"34","nombre_territorio":"Palencia","longitud":-4.535,"latitud":42.37,"total":6583,"indefinido":277,"temporal":6306,"provincia":"PA"}},{"type":"Feature","geometry":{"type":"Point","coordinates":[-4.055,41.171]},"properties":{"fecha":"2021-08-31","codigo_territorio":"40","nombre_territorio":"Segovia","longitud":-4.055,"latitud":41.171,"total":6421,"indefinido":392,"temporal":6029,"provincia":"SE"}},{"type":"Feature","geometry":{"type":"Point","coordinates":[-4.847,41.634]},"properties":{"fecha":"2021-08-31","codigo_territorio":"47","nombre_territorio":"Valladolid","longitud":-4.847,"latitud":41.634,"total":16623,"indefinido":1288,"temporal":15335,"provincia":"VA"}},{"type":"Feature","geometry":{"type":"Point","coordinates":[-5.979,41.727]},"properties":{"fecha":"2021-08-31","codigo_territorio":"49","nombre_territorio":"Zamora","longitud":-5.979,"latitud":41.727,"total":4528,"indefinido":226,"temporal":4302,"provincia":"ZA"}},{"type":"Feature","geometry":{"type":"Point","coordinates":[-6.066,40.805]},"properties":{"fecha":"2021-08-31","codigo_territorio":"37","nombre_territorio":"Salamanca","longitud":-6.066,"latitud":40.805,"total":8011,"indefinido":599,"temporal":7412,"provincia":"SA"}},{"type":"Feature","geometry":{"type":"Point","coordinates":[-2.589,41.621]},"properties":{"fecha":"2021-08-31","codigo_territorio":"42","nombre_territorio":"Soria","longitud":-2.589,"latitud":41.621,"total":3030,"indefinido":218,"temporal":2812,"provincia":"SO"}},{"type":"Feature","geometry":{"type":"Point","coordinates":[-4.397,41.835]},"properties":{"fecha":"2021-08-31","codigo_territorio":"07","nombre_territorio":"Castilla Le\u00f3n","longitud":-4.397,"latitud":41.835,"total":69827,"indefinido":4798,"temporal":65029,"provincia":"CYL"}},{"type":"Feature","geometry":{"type":"Point","coordinates":[-3.586,42.367]},"properties":{"fecha":"2021-07-31","codigo_territorio":"09","nombre_territorio":"Burgos","longitud":-3.586,"latitud":42.367,"total":13518,"indefinido":892,"temporal":12626,"provincia":"BU"}},{"type":"Feature","geometry":{"type":"Point","coordinates":[-6.066,40.805]},"properties":{"fecha":"2021-07-31","codigo_territorio":"37","nombre_territorio":"Salamanca","longitud":-6.066,"latitud":40.805,"total":9848,"indefinido":806,"temporal":9042,"provincia":"SA"}},{"type":"Feature","geometry":{"type":"Point","coordinates":[-2.589,41.621]},"properties":{"fecha":"2021-07-31","codigo_territorio":"42","nombre_territorio":"Soria","longitud":-2.589,"latitud":41.621,"total":4470,"indefinido":316,"temporal":4154,"provincia":"SO"}},{"type":"Feature","geometry":{"type":"Point","coordinates":[-4.055,41.171]},"properties":{"fecha":"2021-07-31","codigo_territorio":"40","nombre_territorio":"Segovia","longitud":-4.055,"latitud":41.171,"total":8220,"indefinido":695,"temporal":7525,"provincia":"SE"}},{"type":"Feature","geometry":{"type":"Point","coordinates":[-4.946,40.571]},"properties":{"fecha":"2021-07-31","codigo_territorio":"05","nombre_territorio":"\u00c1vila","longitud":-4.946,"latitud":40.571,"total":5523,"indefinido":370,"temporal":5153,"provincia":"AV"}},{"type":"Feature","geometry":{"type":"Point","coordinates":[-5.841,42.62]},"properties":{"fecha":"2021-07-31","codigo_territorio":"24","nombre_territorio":"Le\u00f3n","longitud":-5.841,"latitud":42.62,"total":12587,"indefinido":1029,"temporal":11558,"provincia":"LE"}},{"type":"Feature","geometry":{"type":"Point","coordinates":[-4.535,42.37]},"properties":{"fecha":"2021-07-31","codigo_territorio":"34","nombre_territorio":"Palencia","longitud":-4.535,"latitud":42.37,"total":8634,"indefinido":362,"temporal":8272,"provincia":"PA"}},{"type":"Feature","geometry":{"type":"Point","coordinates":[-4.847,41.634]},"properties":{"fecha":"2021-07-31","codigo_territorio":"47","nombre_territorio":"Valladolid","longitud":-4.847,"latitud":41.634,"total":20992,"indefinido":1784,"temporal":19208,"provincia":"VA"}},{"type":"Feature","geometry":{"type":"Point","coordinates":[-5.979,41.727]},"properties":{"fecha":"2021-07-31","codigo_territorio":"49","nombre_territorio":"Zamora","longitud":-5.979,"latitud":41.727,"total":5896,"indefinido":340,"temporal":5556,"provincia":"ZA"}},{"type":"Feature","geometry":{"type":"Point","coordinates":[-4.397,41.835]},"properties":{"fecha":"2021-07-31","codigo_territorio":"07","nombre_territorio":"Castilla Le\u00f3n","longitud":-4.397,"latitud":41.835,"total":89688,"indefinido":6594,"temporal":83094,"provincia":"CYL"}},{"type":"Feature","geometry":{"type":"Point","coordinates":[-5.841,42.62]},"properties":{"fecha":"2021-06-30","codigo_territorio":"24","nombre_territorio":"Le\u00f3n","longitud":-5.841,"latitud":42.62,"total":11691,"indefinido":1273,"temporal":10418,"provincia":"LE"}},{"type":"Feature","geometry":{"type":"Point","coordinates":[-6.066,40.805]},"properties":{"fecha":"2021-06-30","codigo_territorio":"37","nombre_territorio":"Salamanca","longitud":-6.066,"latitud":40.805,"total":10218,"indefinido":983,"temporal":9235,"provincia":"SA"}},{"type":"Feature","geometry":{"type":"Point","coordinates":[-4.055,41.171]},"properties":{"fecha":"2021-06-30","codigo_territorio":"40","nombre_territorio":"Segovia","longitud":-4.055,"latitud":41.171,"total":7537,"indefinido":547,"temporal":6990,"provincia":"SE"}},{"type":"Feature","geometry":{"type":"Point","coordinates":[-4.946,40.571]},"properties":{"fecha":"2021-06-30","codigo_territorio":"05","nombre_territorio":"\u00c1vila","longitud":-4.946,"latitud":40.571,"total":5328,"indefinido":411,"temporal":4917,"provincia":"AV"}},{"type":"Feature","geometry":{"type":"Point","coordinates":[-4.535,42.37]},"properties":{"fecha":"2021-06-30","codigo_territorio":"34","nombre_territorio":"Palencia","longitud":-4.535,"latitud":42.37,"total":7253,"indefinido":380,"temporal":6873,"provincia":"PA"}},{"type":"Feature","geometry":{"type":"Point","coordinates":[-5.979,41.727]},"properties":{"fecha":"2021-06-30","codigo_territorio":"49","nombre_territorio":"Zamora","longitud":-5.979,"latitud":41.727,"total":5632,"indefinido":346,"temporal":5286,"provincia":"ZA"}},{"type":"Feature","geometry":{"type":"Point","coordinates":[-3.586,42.367]},"properties":{"fecha":"2021-06-30","codigo_territorio":"09","nombre_territorio":"Burgos","longitud":-3.586,"latitud":42.367,"total":12317,"indefinido":918,"temporal":11399,"provincia":"BU"}},{"type":"Feature","geometry":{"type":"Point","coordinates":[-2.589,41.621]},"properties":{"fecha":"2021-06-30","codigo_territorio":"42","nombre_territorio":"Soria","longitud":-2.589,"latitud":41.621,"total":3599,"indefinido":249,"temporal":3350,"provincia":"SO"}},{"type":"Feature","geometry":{"type":"Point","coordinates":[-4.847,41.634]},"properties":{"fecha":"2021-06-30","codigo_territorio":"47","nombre_territorio":"Valladolid","longitud":-4.847,"latitud":41.634,"total":21018,"indefinido":1763,"temporal":19255,"provincia":"VA"}},{"type":"Feature","geometry":{"type":"Point","coordinates":[-4.397,41.835]},"properties":{"fecha":"2021-06-30","codigo_territorio":"07","nombre_territorio":"Castilla Le\u00f3n","longitud":-4.397,"latitud":41.835,"total":84593,"indefinido":6870,"temporal":77723,"provincia":"CYL"}},{"type":"Feature","geometry":{"type":"Point","coordinates":[-6.066,40.805]},"properties":{"fecha":"2021-05-31","codigo_territorio":"37","nombre_territorio":"Salamanca","longitud":-6.066,"latitud":40.805,"total":6915,"indefinido":673,"temporal":6242,"provincia":"SA"}},{"type":"Feature","geometry":{"type":"Point","coordinates":[-4.055,41.171]},"properties":{"fecha":"2021-05-31","codigo_territorio":"40","nombre_territorio":"Segovia","longitud":-4.055,"latitud":41.171,"total":5092,"indefinido":443,"temporal":4649,"provincia":"SE"}},{"type":"Feature","geometry":{"type":"Point","coordinates":[-4.847,41.634]},"properties":{"fecha":"2021-05-31","codigo_territorio":"47","nombre_territorio":"Valladolid","longitud":-4.847,"latitud":41.634,"total":16035,"indefinido":1600,"temporal":14435,"provincia":"VA"}},{"type":"Feature","geometry":{"type":"Point","coordinates":[-4.946,40.571]},"properties":{"fecha":"2021-05-31","codigo_territorio":"05","nombre_territorio":"\u00c1vila","longitud":-4.946,"latitud":40.571,"total":4595,"indefinido":309,"temporal":4286,"provincia":"AV"}},{"type":"Feature","geometry":{"type":"Point","coordinates":[-5.841,42.62]},"properties":{"fecha":"2021-05-31","codigo_territorio":"24","nombre_territorio":"Le\u00f3n","longitud":-5.841,"latitud":42.62,"total":8551,"indefinido":963,"temporal":7588,"provincia":"LE"}},{"type":"Feature","geometry":{"type":"Point","coordinates":[-3.586,42.367]},"properties":{"fecha":"2021-05-31","codigo_territorio":"09","nombre_territorio":"Burgos","longitud":-3.586,"latitud":42.367,"total":10277,"indefinido":792,"temporal":9485,"provincia":"BU"}},{"type":"Feature","geometry":{"type":"Point","coordinates":[-4.535,42.37]},"properties":{"fecha":"2021-05-31","codigo_territorio":"34","nombre_territorio":"Palencia","longitud":-4.535,"latitud":42.37,"total":6191,"indefinido":306,"temporal":5885,"provincia":"PA"}},{"type":"Feature","geometry":{"type":"Point","coordinates":[-2.589,41.621]},"properties":{"fecha":"2021-05-31","codigo_territorio":"42","nombre_territorio":"Soria","longitud":-2.589,"latitud":41.621,"total":2559,"indefinido":278,"temporal":2281,"provincia":"SO"}},{"type":"Feature","geometry":{"type":"Point","coordinates":[-5.979,41.727]},"properties":{"fecha":"2021-05-31","codigo_territorio":"49","nombre_territorio":"Zamora","longitud":-5.979,"latitud":41.727,"total":3960,"indefinido":352,"temporal":3608,"provincia":"ZA"}},{"type":"Feature","geometry":{"type":"Point","coordinates":[-4.397,41.835]},"properties":{"fecha":"2021-05-31","codigo_territorio":"07","nombre_territorio":"Castilla Le\u00f3n","longitud":-4.397,"latitud":41.835,"total":64175,"indefinido":5716,"temporal":58459,"provincia":"CYL"}},{"type":"Feature","geometry":{"type":"Point","coordinates":[-3.586,42.367]},"properties":{"fecha":"2021-04-30","codigo_territorio":"09","nombre_territorio":"Burgos","longitud":-3.586,"latitud":42.367,"total":8086,"indefinido":899,"temporal":7187,"provincia":"BU"}},{"type":"Feature","geometry":{"type":"Point","coordinates":[-5.841,42.62]},"properties":{"fecha":"2021-04-30","codigo_territorio":"24","nombre_territorio":"Le\u00f3n","longitud":-5.841,"latitud":42.62,"total":7590,"indefinido":963,"temporal":6627,"provincia":"LE"}},{"type":"Feature","geometry":{"type":"Point","coordinates":[-4.535,42.37]},"properties":{"fecha":"2021-04-30","codigo_territorio":"34","nombre_territorio":"Palencia","longitud":-4.535,"latitud":42.37,"total":5675,"indefinido":337,"temporal":5338,"provincia":"PA"}},{"type":"Feature","geometry":{"type":"Point","coordinates":[-4.847,41.634]},"properties":{"fecha":"2021-04-30","codigo_territorio":"47","nombre_territorio":"Valladolid","longitud":-4.847,"latitud":41.634,"total":14250,"indefinido":1823,"temporal":12427,"provincia":"VA"}},{"type":"Feature","geometry":{"type":"Point","coordinates":[-4.946,40.571]},"properties":{"fecha":"2021-04-30","codigo_territorio":"05","nombre_territorio":"\u00c1vila","longitud":-4.946,"latitud":40.571,"total":2451,"indefinido":318,"temporal":2133,"provincia":"AV"}},{"type":"Feature","geometry":{"type":"Point","coordinates":[-6.066,40.805]},"properties":{"fecha":"2021-04-30","codigo_territorio":"37","nombre_territorio":"Salamanca","longitud":-6.066,"latitud":40.805,"total":5715,"indefinido":742,"temporal":4973,"provincia":"SA"}},{"type":"Feature","geometry":{"type":"Point","coordinates":[-4.397,41.835]},"properties":{"fecha":"2021-04-30","codigo_territorio":"07","nombre_territorio":"Castilla Le\u00f3n","longitud":-4.397,"latitud":41.835,"total":53185,"indefinido":6124,"temporal":47061,"provincia":"CYL"}},{"type":"Feature","geometry":{"type":"Point","coordinates":[-4.055,41.171]},"properties":{"fecha":"2021-04-30","codigo_territorio":"40","nombre_territorio":"Segovia","longitud":-4.055,"latitud":41.171,"total":4108,"indefinido":441,"temporal":3667,"provincia":"SE"}},{"type":"Feature","geometry":{"type":"Point","coordinates":[-2.589,41.621]},"properties":{"fecha":"2021-04-30","codigo_territorio":"42","nombre_territorio":"Soria","longitud":-2.589,"latitud":41.621,"total":2325,"indefinido":260,"temporal":2065,"provincia":"SO"}},{"type":"Feature","geometry":{"type":"Point","coordinates":[-5.979,41.727]},"properties":{"fecha":"2021-04-30","codigo_territorio":"49","nombre_territorio":"Zamora","longitud":-5.979,"latitud":41.727,"total":2985,"indefinido":341,"temporal":2644,"provincia":"ZA"}},{"type":"Feature","geometry":{"type":"Point","coordinates":[-4.535,42.37]},"properties":{"fecha":"2021-03-31","codigo_territorio":"34","nombre_territorio":"Palencia","longitud":-4.535,"latitud":42.37,"total":6521,"indefinido":513,"temporal":6008,"provincia":"PA"}},{"type":"Feature","geometry":{"type":"Point","coordinates":[-6.066,40.805]},"properties":{"fecha":"2021-03-31","codigo_territorio":"37","nombre_territorio":"Salamanca","longitud":-6.066,"latitud":40.805,"total":6235,"indefinido":976,"temporal":5259,"provincia":"SA"}},{"type":"Feature","geometry":{"type":"Point","coordinates":[-4.847,41.634]},"properties":{"fecha":"2021-03-31","codigo_territorio":"47","nombre_territorio":"Valladolid","longitud":-4.847,"latitud":41.634,"total":15173,"indefinido":2073,"temporal":13100,"provincia":"VA"}},{"type":"Feature","geometry":{"type":"Point","coordinates":[-4.946,40.571]},"properties":{"fecha":"2021-03-31","codigo_territorio":"05","nombre_territorio":"\u00c1vila","longitud":-4.946,"latitud":40.571,"total":3504,"indefinido":420,"temporal":3084,"provincia":"AV"}},{"type":"Feature","geometry":{"type":"Point","coordinates":[-5.841,42.62]},"properties":{"fecha":"2021-03-31","codigo_territorio":"24","nombre_territorio":"Le\u00f3n","longitud":-5.841,"latitud":42.62,"total":8181,"indefinido":1474,"temporal":6707,"provincia":"LE"}},{"type":"Feature","geometry":{"type":"Point","coordinates":[-2.589,41.621]},"properties":{"fecha":"2021-03-31","codigo_territorio":"42","nombre_territorio":"Soria","longitud":-2.589,"latitud":41.621,"total":2278,"indefinido":313,"temporal":1965,"provincia":"SO"}},{"type":"Feature","geometry":{"type":"Point","coordinates":[-5.979,41.727]},"properties":{"fecha":"2021-03-31","codigo_territorio":"49","nombre_territorio":"Zamora","longitud":-5.979,"latitud":41.727,"total":3553,"indefinido":543,"temporal":3010,"provincia":"ZA"}},{"type":"Feature","geometry":{"type":"Point","coordinates":[-4.397,41.835]},"properties":{"fecha":"2021-03-31","codigo_territorio":"07","nombre_territorio":"Castilla Le\u00f3n","longitud":-4.397,"latitud":41.835,"total":59012,"indefinido":7884,"temporal":51128,"provincia":"CYL"}},{"type":"Feature","geometry":{"type":"Point","coordinates":[-3.586,42.367]},"properties":{"fecha":"2021-03-31","codigo_territorio":"09","nombre_territorio":"Burgos","longitud":-3.586,"latitud":42.367,"total":9098,"indefinido":1039,"temporal":8059,"provincia":"BU"}},{"type":"Feature","geometry":{"type":"Point","coordinates":[-4.055,41.171]},"properties":{"fecha":"2021-03-31","codigo_territorio":"40","nombre_territorio":"Segovia","longitud":-4.055,"latitud":41.171,"total":4469,"indefinido":533,"temporal":3936,"provincia":"SE"}},{"type":"Feature","geometry":{"type":"Point","coordinates":[-2.589,41.621]},"properties":{"fecha":"2021-02-28","codigo_territorio":"42","nombre_territorio":"Soria","longitud":-2.589,"latitud":41.621,"total":1867,"indefinido":208,"temporal":1659,"provincia":"SO"}},{"type":"Feature","geometry":{"type":"Point","coordinates":[-5.979,41.727]},"properties":{"fecha":"2021-02-28","codigo_territorio":"49","nombre_territorio":"Zamora","longitud":-5.979,"latitud":41.727,"total":2680,"indefinido":317,"temporal":2363,"provincia":"ZA"}},{"type":"Feature","geometry":{"type":"Point","coordinates":[-4.397,41.835]},"properties":{"fecha":"2021-02-28","codigo_territorio":"07","nombre_territorio":"Castilla Le\u00f3n","longitud":-4.397,"latitud":41.835,"total":46628,"indefinido":5069,"temporal":41559,"provincia":"CYL"}},{"type":"Feature","geometry":{"type":"Point","coordinates":[-3.586,42.367]},"properties":{"fecha":"2021-02-28","codigo_territorio":"09","nombre_territorio":"Burgos","longitud":-3.586,"latitud":42.367,"total":7299,"indefinido":680,"temporal":6619,"provincia":"BU"}},{"type":"Feature","geometry":{"type":"Point","coordinates":[-4.535,42.37]},"properties":{"fecha":"2021-02-28","codigo_territorio":"34","nombre_territorio":"Palencia","longitud":-4.535,"latitud":42.37,"total":5344,"indefinido":300,"temporal":5044,"provincia":"PA"}},{"type":"Feature","geometry":{"type":"Point","coordinates":[-6.066,40.805]},"properties":{"fecha":"2021-02-28","codigo_territorio":"37","nombre_territorio":"Salamanca","longitud":-6.066,"latitud":40.805,"total":4792,"indefinido":645,"temporal":4147,"provincia":"SA"}},{"type":"Feature","geometry":{"type":"Point","coordinates":[-4.946,40.571]},"properties":{"fecha":"2021-02-28","codigo_territorio":"05","nombre_territorio":"\u00c1vila","longitud":-4.946,"latitud":40.571,"total":2612,"indefinido":247,"temporal":2365,"provincia":"AV"}},{"type":"Feature","geometry":{"type":"Point","coordinates":[-5.841,42.62]},"properties":{"fecha":"2021-02-28","codigo_territorio":"24","nombre_territorio":"Le\u00f3n","longitud":-5.841,"latitud":42.62,"total":6133,"indefinido":873,"temporal":5260,"provincia":"LE"}},{"type":"Feature","geometry":{"type":"Point","coordinates":[-4.055,41.171]},"properties":{"fecha":"2021-02-28","codigo_territorio":"40","nombre_territorio":"Segovia","longitud":-4.055,"latitud":41.171,"total":3762,"indefinido":318,"temporal":3444,"provincia":"SE"}},{"type":"Feature","geometry":{"type":"Point","coordinates":[-4.847,41.634]},"properties":{"fecha":"2021-02-28","codigo_territorio":"47","nombre_territorio":"Valladolid","longitud":-4.847,"latitud":41.634,"total":12139,"indefinido":1481,"temporal":10658,"provincia":"VA"}},{"type":"Feature","geometry":{"type":"Point","coordinates":[-4.535,42.37]},"properties":{"fecha":"2021-01-31","codigo_territorio":"34","nombre_territorio":"Palencia","longitud":-4.535,"latitud":42.37,"total":5744,"indefinido":327,"temporal":5417,"provincia":"PA"}},{"type":"Feature","geometry":{"type":"Point","coordinates":[-4.055,41.171]},"properties":{"fecha":"2021-01-31","codigo_territorio":"40","nombre_territorio":"Segovia","longitud":-4.055,"latitud":41.171,"total":4074,"indefinido":317,"temporal":3757,"provincia":"SE"}},{"type":"Feature","geometry":{"type":"Point","coordinates":[-5.979,41.727]},"properties":{"fecha":"2021-01-31","codigo_territorio":"49","nombre_territorio":"Zamora","longitud":-5.979,"latitud":41.727,"total":2982,"indefinido":285,"temporal":2697,"provincia":"ZA"}},{"type":"Feature","geometry":{"type":"Point","coordinates":[-3.586,42.367]},"properties":{"fecha":"2021-01-31","codigo_territorio":"09","nombre_territorio":"Burgos","longitud":-3.586,"latitud":42.367,"total":7356,"indefinido":725,"temporal":6631,"provincia":"BU"}},{"type":"Feature","geometry":{"type":"Point","coordinates":[-6.066,40.805]},"properties":{"fecha":"2021-01-31","codigo_territorio":"37","nombre_territorio":"Salamanca","longitud":-6.066,"latitud":40.805,"total":5342,"indefinido":701,"temporal":4641,"provincia":"SA"}},{"type":"Feature","geometry":{"type":"Point","coordinates":[-2.589,41.621]},"properties":{"fecha":"2021-01-31","codigo_territorio":"42","nombre_territorio":"Soria","longitud":-2.589,"latitud":41.621,"total":2025,"indefinido":216,"temporal":1809,"provincia":"SO"}},{"type":"Feature","geometry":{"type":"Point","coordinates":[-4.946,40.571]},"properties":{"fecha":"2021-01-31","codigo_territorio":"05","nombre_territorio":"\u00c1vila","longitud":-4.946,"latitud":40.571,"total":2887,"indefinido":221,"temporal":2666,"provincia":"AV"}},{"type":"Feature","geometry":{"type":"Point","coordinates":[-5.841,42.62]},"properties":{"fecha":"2021-01-31","codigo_territorio":"24","nombre_territorio":"Le\u00f3n","longitud":-5.841,"latitud":42.62,"total":6448,"indefinido":787,"temporal":5661,"provincia":"LE"}},{"type":"Feature","geometry":{"type":"Point","coordinates":[-4.847,41.634]},"properties":{"fecha":"2021-01-31","codigo_territorio":"47","nombre_territorio":"Valladolid","longitud":-4.847,"latitud":41.634,"total":12792,"indefinido":1346,"temporal":11446,"provincia":"VA"}},{"type":"Feature","geometry":{"type":"Point","coordinates":[-4.397,41.835]},"properties":{"fecha":"2021-01-31","codigo_territorio":"07","nombre_territorio":"Castilla Le\u00f3n","longitud":-4.397,"latitud":41.835,"total":49650,"indefinido":4925,"temporal":44725,"provincia":"CYL"}},{"type":"Feature","geometry":{"type":"Point","coordinates":[-4.946,40.571]},"properties":{"fecha":"2020-12-31","codigo_territorio":"05","nombre_territorio":"\u00c1vila","longitud":-4.946,"latitud":40.571,"total":2744,"indefinido":235,"temporal":2509,"provincia":"AV"}},{"type":"Feature","geometry":{"type":"Point","coordinates":[-5.841,42.62]},"properties":{"fecha":"2020-12-31","codigo_territorio":"24","nombre_territorio":"Le\u00f3n","longitud":-5.841,"latitud":42.62,"total":6644,"indefinido":777,"temporal":5867,"provincia":"LE"}},{"type":"Feature","geometry":{"type":"Point","coordinates":[-4.847,41.634]},"properties":{"fecha":"2020-12-31","codigo_territorio":"47","nombre_territorio":"Valladolid","longitud":-4.847,"latitud":41.634,"total":13634,"indefinido":1072,"temporal":12562,"provincia":"VA"}},{"type":"Feature","geometry":{"type":"Point","coordinates":[-4.397,41.835]},"properties":{"fecha":"2020-12-31","codigo_territorio":"07","nombre_territorio":"Castilla Le\u00f3n","longitud":-4.397,"latitud":41.835,"total":51772,"indefinido":4208,"temporal":47564,"provincia":"CYL"}},{"type":"Feature","geometry":{"type":"Point","coordinates":[-3.586,42.367]},"properties":{"fecha":"2020-12-31","codigo_territorio":"09","nombre_territorio":"Burgos","longitud":-3.586,"latitud":42.367,"total":8354,"indefinido":523,"temporal":7831,"provincia":"BU"}},{"type":"Feature","geometry":{"type":"Point","coordinates":[-4.055,41.171]},"properties":{"fecha":"2020-12-31","codigo_territorio":"40","nombre_territorio":"Segovia","longitud":-4.055,"latitud":41.171,"total":3929,"indefinido":316,"temporal":3613,"provincia":"SE"}},{"type":"Feature","geometry":{"type":"Point","coordinates":[-4.535,42.37]},"properties":{"fecha":"2020-12-31","codigo_territorio":"34","nombre_territorio":"Palencia","longitud":-4.535,"latitud":42.37,"total":5872,"indefinido":268,"temporal":5604,"provincia":"PA"}},{"type":"Feature","geometry":{"type":"Point","coordinates":[-6.066,40.805]},"properties":{"fecha":"2020-12-31","codigo_territorio":"37","nombre_territorio":"Salamanca","longitud":-6.066,"latitud":40.805,"total":5700,"indefinido":611,"temporal":5089,"provincia":"SA"}},{"type":"Feature","geometry":{"type":"Point","coordinates":[-2.589,41.621]},"properties":{"fecha":"2020-12-31","codigo_territorio":"42","nombre_territorio":"Soria","longitud":-2.589,"latitud":41.621,"total":1872,"indefinido":185,"temporal":1687,"provincia":"SO"}},{"type":"Feature","geometry":{"type":"Point","coordinates":[-5.979,41.727]},"properties":{"fecha":"2020-12-31","codigo_territorio":"49","nombre_territorio":"Zamora","longitud":-5.979,"latitud":41.727,"total":3023,"indefinido":221,"temporal":2802,"provincia":"ZA"}},{"type":"Feature","geometry":{"type":"Point","coordinates":[-4.946,40.571]},"properties":{"fecha":"2020-11-30","codigo_territorio":"05","nombre_territorio":"\u00c1vila","longitud":-4.946,"latitud":40.571,"total":2999,"indefinido":225,"temporal":2774,"provincia":"AV"}},{"type":"Feature","geometry":{"type":"Point","coordinates":[-6.066,40.805]},"properties":{"fecha":"2020-11-30","codigo_territorio":"37","nombre_territorio":"Salamanca","longitud":-6.066,"latitud":40.805,"total":5551,"indefinido":630,"temporal":4921,"provincia":"SA"}},{"type":"Feature","geometry":{"type":"Point","coordinates":[-4.397,41.835]},"properties":{"fecha":"2020-11-30","codigo_territorio":"07","nombre_territorio":"Castilla Le\u00f3n","longitud":-4.397,"latitud":41.835,"total":56159,"indefinido":4889,"temporal":51270,"provincia":"CYL"}},{"type":"Feature","geometry":{"type":"Point","coordinates":[-5.841,42.62]},"properties":{"fecha":"2020-11-30","codigo_territorio":"24","nombre_territorio":"Le\u00f3n","longitud":-5.841,"latitud":42.62,"total":7208,"indefinido":998,"temporal":6210,"provincia":"LE"}},{"type":"Feature","geometry":{"type":"Point","coordinates":[-5.979,41.727]},"properties":{"fecha":"2020-11-30","codigo_territorio":"49","nombre_territorio":"Zamora","longitud":-5.979,"latitud":41.727,"total":3253,"indefinido":261,"temporal":2992,"provincia":"ZA"}},{"type":"Feature","geometry":{"type":"Point","coordinates":[-3.586,42.367]},"properties":{"fecha":"2020-11-30","codigo_territorio":"09","nombre_territorio":"Burgos","longitud":-3.586,"latitud":42.367,"total":8770,"indefinido":554,"temporal":8216,"provincia":"BU"}},{"type":"Feature","geometry":{"type":"Point","coordinates":[-4.535,42.37]},"properties":{"fecha":"2020-11-30","codigo_territorio":"34","nombre_territorio":"Palencia","longitud":-4.535,"latitud":42.37,"total":6620,"indefinido":267,"temporal":6353,"provincia":"PA"}},{"type":"Feature","geometry":{"type":"Point","coordinates":[-4.055,41.171]},"properties":{"fecha":"2020-11-30","codigo_territorio":"40","nombre_territorio":"Segovia","longitud":-4.055,"latitud":41.171,"total":4313,"indefinido":401,"temporal":3912,"provincia":"SE"}},{"type":"Feature","geometry":{"type":"Point","coordinates":[-2.589,41.621]},"properties":{"fecha":"2020-11-30","codigo_territorio":"42","nombre_territorio":"Soria","longitud":-2.589,"latitud":41.621,"total":2235,"indefinido":241,"temporal":1994,"provincia":"SO"}},{"type":"Feature","geometry":{"type":"Point","coordinates":[-4.847,41.634]},"properties":{"fecha":"2020-11-30","codigo_territorio":"47","nombre_territorio":"Valladolid","longitud":-4.847,"latitud":41.634,"total":15210,"indefinido":1312,"temporal":13898,"provincia":"VA"}},{"type":"Feature","geometry":{"type":"Point","coordinates":[-3.586,42.367]},"properties":{"fecha":"2020-10-31","codigo_territorio":"09","nombre_territorio":"Burgos","longitud":-3.586,"latitud":42.367,"total":12372,"indefinido":845,"temporal":11527,"provincia":"BU"}},{"type":"Feature","geometry":{"type":"Point","coordinates":[-4.055,41.171]},"properties":{"fecha":"2020-10-31","codigo_territorio":"40","nombre_territorio":"Segovia","longitud":-4.055,"latitud":41.171,"total":6791,"indefinido":895,"temporal":5896,"provincia":"SE"}},{"type":"Feature","geometry":{"type":"Point","coordinates":[-4.847,41.634]},"properties":{"fecha":"2020-10-31","codigo_territorio":"47","nombre_territorio":"Valladolid","longitud":-4.847,"latitud":41.634,"total":17840,"indefinido":1749,"temporal":16091,"provincia":"VA"}},{"type":"Feature","geometry":{"type":"Point","coordinates":[-4.397,41.835]},"properties":{"fecha":"2020-10-31","codigo_territorio":"07","nombre_territorio":"Castilla Le\u00f3n","longitud":-4.397,"latitud":41.835,"total":72841,"indefinido":6498,"temporal":66343,"provincia":"CYL"}},{"type":"Feature","geometry":{"type":"Point","coordinates":[-5.841,42.62]},"properties":{"fecha":"2020-10-31","codigo_territorio":"24","nombre_territorio":"Le\u00f3n","longitud":-5.841,"latitud":42.62,"total":8779,"indefinido":981,"temporal":7798,"provincia":"LE"}},{"type":"Feature","geometry":{"type":"Point","coordinates":[-4.535,42.37]},"properties":{"fecha":"2020-10-31","codigo_territorio":"34","nombre_territorio":"Palencia","longitud":-4.535,"latitud":42.37,"total":7333,"indefinido":328,"temporal":7005,"provincia":"PA"}},{"type":"Feature","geometry":{"type":"Point","coordinates":[-2.589,41.621]},"properties":{"fecha":"2020-10-31","codigo_territorio":"42","nombre_territorio":"Soria","longitud":-2.589,"latitud":41.621,"total":2818,"indefinido":301,"temporal":2517,"provincia":"SO"}},{"type":"Feature","geometry":{"type":"Point","coordinates":[-5.979,41.727]},"properties":{"fecha":"2020-10-31","codigo_territorio":"49","nombre_territorio":"Zamora","longitud":-5.979,"latitud":41.727,"total":3945,"indefinido":313,"temporal":3632,"provincia":"ZA"}},{"type":"Feature","geometry":{"type":"Point","coordinates":[-4.946,40.571]},"properties":{"fecha":"2020-10-31","codigo_territorio":"05","nombre_territorio":"\u00c1vila","longitud":-4.946,"latitud":40.571,"total":5722,"indefinido":342,"temporal":5380,"provincia":"AV"}},{"type":"Feature","geometry":{"type":"Point","coordinates":[-6.066,40.805]},"properties":{"fecha":"2020-10-31","codigo_territorio":"37","nombre_territorio":"Salamanca","longitud":-6.066,"latitud":40.805,"total":7241,"indefinido":744,"temporal":6497,"provincia":"SA"}},{"type":"Feature","geometry":{"type":"Point","coordinates":[-4.946,40.571]},"properties":{"fecha":"2020-09-30","codigo_territorio":"05","nombre_territorio":"\u00c1vila","longitud":-4.946,"latitud":40.571,"total":4309,"indefinido":405,"temporal":3904,"provincia":"AV"}},{"type":"Feature","geometry":{"type":"Point","coordinates":[-4.055,41.171]},"properties":{"fecha":"2020-09-30","codigo_territorio":"40","nombre_territorio":"Segovia","longitud":-4.055,"latitud":41.171,"total":6988,"indefinido":561,"temporal":6427,"provincia":"SE"}},{"type":"Feature","geometry":{"type":"Point","coordinates":[-4.847,41.634]},"properties":{"fecha":"2020-09-30","codigo_territorio":"47","nombre_territorio":"Valladolid","longitud":-4.847,"latitud":41.634,"total":19880,"indefinido":1827,"temporal":18053,"provincia":"VA"}},{"type":"Feature","geometry":{"type":"Point","coordinates":[-3.586,42.367]},"properties":{"fecha":"2020-09-30","codigo_territorio":"09","nombre_territorio":"Burgos","longitud":-3.586,"latitud":42.367,"total":12662,"indefinido":1044,"temporal":11618,"provincia":"BU"}},{"type":"Feature","geometry":{"type":"Point","coordinates":[-5.841,42.62]},"properties":{"fecha":"2020-09-30","codigo_territorio":"24","nombre_territorio":"Le\u00f3n","longitud":-5.841,"latitud":42.62,"total":11278,"indefinido":1086,"temporal":10192,"provincia":"LE"}},{"type":"Feature","geometry":{"type":"Point","coordinates":[-4.535,42.37]},"properties":{"fecha":"2020-09-30","codigo_territorio":"34","nombre_territorio":"Palencia","longitud":-4.535,"latitud":42.37,"total":7475,"indefinido":380,"temporal":7095,"provincia":"PA"}},{"type":"Feature","geometry":{"type":"Point","coordinates":[-6.066,40.805]},"properties":{"fecha":"2020-09-30","codigo_territorio":"37","nombre_territorio":"Salamanca","longitud":-6.066,"latitud":40.805,"total":8196,"indefinido":904,"temporal":7292,"provincia":"SA"}},{"type":"Feature","geometry":{"type":"Point","coordinates":[-2.589,41.621]},"properties":{"fecha":"2020-09-30","codigo_territorio":"42","nombre_territorio":"Soria","longitud":-2.589,"latitud":41.621,"total":3428,"indefinido":287,"temporal":3141,"provincia":"SO"}},{"type":"Feature","geometry":{"type":"Point","coordinates":[-5.979,41.727]},"properties":{"fecha":"2020-09-30","codigo_territorio":"49","nombre_territorio":"Zamora","longitud":-5.979,"latitud":41.727,"total":5724,"indefinido":404,"temporal":5320,"provincia":"ZA"}},{"type":"Feature","geometry":{"type":"Point","coordinates":[-4.397,41.835]},"properties":{"fecha":"2020-09-30","codigo_territorio":"07","nombre_territorio":"Castilla Le\u00f3n","longitud":-4.397,"latitud":41.835,"total":79940,"indefinido":6898,"temporal":73042,"provincia":"CYL"}},{"type":"Feature","geometry":{"type":"Point","coordinates":[-4.946,40.571]},"properties":{"fecha":"2020-08-31","codigo_territorio":"05","nombre_territorio":"\u00c1vila","longitud":-4.946,"latitud":40.571,"total":3453,"indefinido":264,"temporal":3189,"provincia":"AV"}},{"type":"Feature","geometry":{"type":"Point","coordinates":[-4.055,41.171]},"properties":{"fecha":"2020-08-31","codigo_territorio":"40","nombre_territorio":"Segovia","longitud":-4.055,"latitud":41.171,"total":4827,"indefinido":373,"temporal":4454,"provincia":"SE"}},{"type":"Feature","geometry":{"type":"Point","coordinates":[-2.589,41.621]},"properties":{"fecha":"2020-08-31","codigo_territorio":"42","nombre_territorio":"Soria","longitud":-2.589,"latitud":41.621,"total":2462,"indefinido":189,"temporal":2273,"provincia":"SO"}},{"type":"Feature","geometry":{"type":"Point","coordinates":[-3.586,42.367]},"properties":{"fecha":"2020-08-31","codigo_territorio":"09","nombre_territorio":"Burgos","longitud":-3.586,"latitud":42.367,"total":7943,"indefinido":679,"temporal":7264,"provincia":"BU"}},{"type":"Feature","geometry":{"type":"Point","coordinates":[-6.066,40.805]},"properties":{"fecha":"2020-08-31","codigo_territorio":"37","nombre_territorio":"Salamanca","longitud":-6.066,"latitud":40.805,"total":6002,"indefinido":606,"temporal":5396,"provincia":"SA"}},{"type":"Feature","geometry":{"type":"Point","coordinates":[-5.979,41.727]},"properties":{"fecha":"2020-08-31","codigo_territorio":"49","nombre_territorio":"Zamora","longitud":-5.979,"latitud":41.727,"total":4044,"indefinido":286,"temporal":3758,"provincia":"ZA"}},{"type":"Feature","geometry":{"type":"Point","coordinates":[-5.841,42.62]},"properties":{"fecha":"2020-08-31","codigo_territorio":"24","nombre_territorio":"Le\u00f3n","longitud":-5.841,"latitud":42.62,"total":9432,"indefinido":797,"temporal":8635,"provincia":"LE"}},{"type":"Feature","geometry":{"type":"Point","coordinates":[-4.535,42.37]},"properties":{"fecha":"2020-08-31","codigo_territorio":"34","nombre_territorio":"Palencia","longitud":-4.535,"latitud":42.37,"total":5113,"indefinido":312,"temporal":4801,"provincia":"PA"}},{"type":"Feature","geometry":{"type":"Point","coordinates":[-4.847,41.634]},"properties":{"fecha":"2020-08-31","codigo_territorio":"47","nombre_territorio":"Valladolid","longitud":-4.847,"latitud":41.634,"total":13053,"indefinido":1110,"temporal":11943,"provincia":"VA"}},{"type":"Feature","geometry":{"type":"Point","coordinates":[-4.397,41.835]},"properties":{"fecha":"2020-08-31","codigo_territorio":"07","nombre_territorio":"Castilla Le\u00f3n","longitud":-4.397,"latitud":41.835,"total":56329,"indefinido":4616,"temporal":51713,"provincia":"CYL"}},{"type":"Feature","geometry":{"type":"Point","coordinates":[-3.586,42.367]},"properties":{"fecha":"2020-07-31","codigo_territorio":"09","nombre_territorio":"Burgos","longitud":-3.586,"latitud":42.367,"total":10630,"indefinido":869,"temporal":9761,"provincia":"BU"}},{"type":"Feature","geometry":{"type":"Point","coordinates":[-4.055,41.171]},"properties":{"fecha":"2020-07-31","codigo_territorio":"40","nombre_territorio":"Segovia","longitud":-4.055,"latitud":41.171,"total":7765,"indefinido":592,"temporal":7173,"provincia":"SE"}},{"type":"Feature","geometry":{"type":"Point","coordinates":[-4.847,41.634]},"properties":{"fecha":"2020-07-31","codigo_territorio":"47","nombre_territorio":"Valladolid","longitud":-4.847,"latitud":41.634,"total":17989,"indefinido":1520,"temporal":16469,"provincia":"VA"}},{"type":"Feature","geometry":{"type":"Point","coordinates":[-5.979,41.727]},"properties":{"fecha":"2020-07-31","codigo_territorio":"49","nombre_territorio":"Zamora","longitud":-5.979,"latitud":41.727,"total":5215,"indefinido":270,"temporal":4945,"provincia":"ZA"}},{"type":"Feature","geometry":{"type":"Point","coordinates":[-4.397,41.835]},"properties":{"fecha":"2020-07-31","codigo_territorio":"07","nombre_territorio":"Castilla Le\u00f3n","longitud":-4.397,"latitud":41.835,"total":78071,"indefinido":5921,"temporal":72150,"provincia":"CYL"}},{"type":"Feature","geometry":{"type":"Point","coordinates":[-4.946,40.571]},"properties":{"fecha":"2020-07-31","codigo_territorio":"05","nombre_territorio":"\u00c1vila","longitud":-4.946,"latitud":40.571,"total":5339,"indefinido":325,"temporal":5014,"provincia":"AV"}},{"type":"Feature","geometry":{"type":"Point","coordinates":[-5.841,42.62]},"properties":{"fecha":"2020-07-31","codigo_territorio":"24","nombre_territorio":"Le\u00f3n","longitud":-5.841,"latitud":42.62,"total":10649,"indefinido":1020,"temporal":9629,"provincia":"LE"}},{"type":"Feature","geometry":{"type":"Point","coordinates":[-4.535,42.37]},"properties":{"fecha":"2020-07-31","codigo_territorio":"34","nombre_territorio":"Palencia","longitud":-4.535,"latitud":42.37,"total":8619,"indefinido":317,"temporal":8302,"provincia":"PA"}},{"type":"Feature","geometry":{"type":"Point","coordinates":[-6.066,40.805]},"properties":{"fecha":"2020-07-31","codigo_territorio":"37","nombre_territorio":"Salamanca","longitud":-6.066,"latitud":40.805,"total":8444,"indefinido":775,"temporal":7669,"provincia":"SA"}},{"type":"Feature","geometry":{"type":"Point","coordinates":[-2.589,41.621]},"properties":{"fecha":"2020-07-31","codigo_territorio":"42","nombre_territorio":"Soria","longitud":-2.589,"latitud":41.621,"total":3421,"indefinido":233,"temporal":3188,"provincia":"SO"}},{"type":"Feature","geometry":{"type":"Point","coordinates":[-3.586,42.367]},"properties":{"fecha":"2020-06-30","codigo_territorio":"09","nombre_territorio":"Burgos","longitud":-3.586,"latitud":42.367,"total":7492,"indefinido":724,"temporal":6768,"provincia":"BU"}},{"type":"Feature","geometry":{"type":"Point","coordinates":[-4.535,42.37]},"properties":{"fecha":"2020-06-30","codigo_territorio":"34","nombre_territorio":"Palencia","longitud":-4.535,"latitud":42.37,"total":4837,"indefinido":278,"temporal":4559,"provincia":"PA"}},{"type":"Feature","geometry":{"type":"Point","coordinates":[-4.055,41.171]},"properties":{"fecha":"2020-06-30","codigo_territorio":"40","nombre_territorio":"Segovia","longitud":-4.055,"latitud":41.171,"total":3855,"indefinido":389,"temporal":3466,"provincia":"SE"}},{"type":"Feature","geometry":{"type":"Point","coordinates":[-2.589,41.621]},"properties":{"fecha":"2020-06-30","codigo_territorio":"42","nombre_territorio":"Soria","longitud":-2.589,"latitud":41.621,"total":1932,"indefinido":206,"temporal":1726,"provincia":"SO"}},{"type":"Feature","geometry":{"type":"Point","coordinates":[-4.397,41.835]},"properties":{"fecha":"2020-06-30","codigo_territorio":"07","nombre_territorio":"Castilla Le\u00f3n","longitud":-4.397,"latitud":41.835,"total":49777,"indefinido":4859,"temporal":44918,"provincia":"CYL"}},{"type":"Feature","geometry":{"type":"Point","coordinates":[-5.841,42.62]},"properties":{"fecha":"2020-06-30","codigo_territorio":"24","nombre_territorio":"Le\u00f3n","longitud":-5.841,"latitud":42.62,"total":7145,"indefinido":880,"temporal":6265,"provincia":"LE"}},{"type":"Feature","geometry":{"type":"Point","coordinates":[-6.066,40.805]},"properties":{"fecha":"2020-06-30","codigo_territorio":"37","nombre_territorio":"Salamanca","longitud":-6.066,"latitud":40.805,"total":5317,"indefinido":597,"temporal":4720,"provincia":"SA"}},{"type":"Feature","geometry":{"type":"Point","coordinates":[-5.979,41.727]},"properties":{"fecha":"2020-06-30","codigo_territorio":"49","nombre_territorio":"Zamora","longitud":-5.979,"latitud":41.727,"total":3252,"indefinido":255,"temporal":2997,"provincia":"ZA"}},{"type":"Feature","geometry":{"type":"Point","coordinates":[-4.946,40.571]},"properties":{"fecha":"2020-06-30","codigo_territorio":"05","nombre_territorio":"\u00c1vila","longitud":-4.946,"latitud":40.571,"total":2925,"indefinido":261,"temporal":2664,"provincia":"AV"}},{"type":"Feature","geometry":{"type":"Point","coordinates":[-4.847,41.634]},"properties":{"fecha":"2020-06-30","codigo_territorio":"47","nombre_territorio":"Valladolid","longitud":-4.847,"latitud":41.634,"total":13022,"indefinido":1269,"temporal":11753,"provincia":"VA"}},{"type":"Feature","geometry":{"type":"Point","coordinates":[-4.946,40.571]},"properties":{"fecha":"2020-05-31","codigo_territorio":"05","nombre_territorio":"\u00c1vila","longitud":-4.946,"latitud":40.571,"total":1692,"indefinido":185,"temporal":1507,"provincia":"AV"}},{"type":"Feature","geometry":{"type":"Point","coordinates":[-5.841,42.62]},"properties":{"fecha":"2020-05-31","codigo_territorio":"24","nombre_territorio":"Le\u00f3n","longitud":-5.841,"latitud":42.62,"total":4769,"indefinido":632,"temporal":4137,"provincia":"LE"}},{"type":"Feature","geometry":{"type":"Point","coordinates":[-4.055,41.171]},"properties":{"fecha":"2020-05-31","codigo_territorio":"40","nombre_territorio":"Segovia","longitud":-4.055,"latitud":41.171,"total":2984,"indefinido":230,"temporal":2754,"provincia":"SE"}},{"type":"Feature","geometry":{"type":"Point","coordinates":[-2.589,41.621]},"properties":{"fecha":"2020-05-31","codigo_territorio":"42","nombre_territorio":"Soria","longitud":-2.589,"latitud":41.621,"total":1190,"indefinido":158,"temporal":1032,"provincia":"SO"}},{"type":"Feature","geometry":{"type":"Point","coordinates":[-6.066,40.805]},"properties":{"fecha":"2020-05-31","codigo_territorio":"37","nombre_territorio":"Salamanca","longitud":-6.066,"latitud":40.805,"total":4004,"indefinido":383,"temporal":3621,"provincia":"SA"}},{"type":"Feature","geometry":{"type":"Point","coordinates":[-4.847,41.634]},"properties":{"fecha":"2020-05-31","codigo_territorio":"47","nombre_territorio":"Valladolid","longitud":-4.847,"latitud":41.634,"total":8300,"indefinido":758,"temporal":7542,"provincia":"VA"}},{"type":"Feature","geometry":{"type":"Point","coordinates":[-3.586,42.367]},"properties":{"fecha":"2020-05-31","codigo_territorio":"09","nombre_territorio":"Burgos","longitud":-3.586,"latitud":42.367,"total":5561,"indefinido":457,"temporal":5104,"provincia":"BU"}},{"type":"Feature","geometry":{"type":"Point","coordinates":[-4.535,42.37]},"properties":{"fecha":"2020-05-31","codigo_territorio":"34","nombre_territorio":"Palencia","longitud":-4.535,"latitud":42.37,"total":3637,"indefinido":193,"temporal":3444,"provincia":"PA"}},{"type":"Feature","geometry":{"type":"Point","coordinates":[-5.979,41.727]},"properties":{"fecha":"2020-05-31","codigo_territorio":"49","nombre_territorio":"Zamora","longitud":-5.979,"latitud":41.727,"total":2119,"indefinido":160,"temporal":1959,"provincia":"ZA"}},{"type":"Feature","geometry":{"type":"Point","coordinates":[-4.397,41.835]},"properties":{"fecha":"2020-05-31","codigo_territorio":"07","nombre_territorio":"Castilla Le\u00f3n","longitud":-4.397,"latitud":41.835,"total":34256,"indefinido":3156,"temporal":31100,"provincia":"CYL"}},{"type":"Feature","geometry":{"type":"Point","coordinates":[-3.586,42.367]},"properties":{"fecha":"2020-04-30","codigo_territorio":"09","nombre_territorio":"Burgos","longitud":-3.586,"latitud":42.367,"total":4166,"indefinido":309,"temporal":3857,"provincia":"BU"}},{"type":"Feature","geometry":{"type":"Point","coordinates":[-6.066,40.805]},"properties":{"fecha":"2020-04-30","codigo_territorio":"37","nombre_territorio":"Salamanca","longitud":-6.066,"latitud":40.805,"total":2682,"indefinido":310,"temporal":2372,"provincia":"SA"}},{"type":"Feature","geometry":{"type":"Point","coordinates":[-2.589,41.621]},"properties":{"fecha":"2020-04-30","codigo_territorio":"42","nombre_territorio":"Soria","longitud":-2.589,"latitud":41.621,"total":865,"indefinido":105,"temporal":760,"provincia":"SO"}},{"type":"Feature","geometry":{"type":"Point","coordinates":[-4.847,41.634]},"properties":{"fecha":"2020-04-30","codigo_territorio":"47","nombre_territorio":"Valladolid","longitud":-4.847,"latitud":41.634,"total":6153,"indefinido":490,"temporal":5663,"provincia":"VA"}},{"type":"Feature","geometry":{"type":"Point","coordinates":[-5.979,41.727]},"properties":{"fecha":"2020-04-30","codigo_territorio":"49","nombre_territorio":"Zamora","longitud":-5.979,"latitud":41.727,"total":1987,"indefinido":131,"temporal":1856,"provincia":"ZA"}},{"type":"Feature","geometry":{"type":"Point","coordinates":[-4.397,41.835]},"properties":{"fecha":"2020-04-30","codigo_territorio":"07","nombre_territorio":"Castilla Le\u00f3n","longitud":-4.397,"latitud":41.835,"total":24654,"indefinido":2092,"temporal":22562,"provincia":"CYL"}},{"type":"Feature","geometry":{"type":"Point","coordinates":[-5.841,42.62]},"properties":{"fecha":"2020-04-30","codigo_territorio":"24","nombre_territorio":"Le\u00f3n","longitud":-5.841,"latitud":42.62,"total":2959,"indefinido":351,"temporal":2608,"provincia":"LE"}},{"type":"Feature","geometry":{"type":"Point","coordinates":[-4.946,40.571]},"properties":{"fecha":"2020-04-30","codigo_territorio":"05","nombre_territorio":"\u00c1vila","longitud":-4.946,"latitud":40.571,"total":1184,"indefinido":124,"temporal":1060,"provincia":"AV"}},{"type":"Feature","geometry":{"type":"Point","coordinates":[-4.535,42.37]},"properties":{"fecha":"2020-04-30","codigo_territorio":"34","nombre_territorio":"Palencia","longitud":-4.535,"latitud":42.37,"total":2647,"indefinido":125,"temporal":2522,"provincia":"PA"}},{"type":"Feature","geometry":{"type":"Point","coordinates":[-4.055,41.171]},"properties":{"fecha":"2020-04-30","codigo_territorio":"40","nombre_territorio":"Segovia","longitud":-4.055,"latitud":41.171,"total":2011,"indefinido":147,"temporal":1864,"provincia":"SE"}},{"type":"Feature","geometry":{"type":"Point","coordinates":[-3.586,42.367]},"properties":{"fecha":"2020-03-31","codigo_territorio":"09","nombre_territorio":"Burgos","longitud":-3.586,"latitud":42.367,"total":7686,"indefinido":810,"temporal":6876,"provincia":"BU"}},{"type":"Feature","geometry":{"type":"Point","coordinates":[-6.066,40.805]},"properties":{"fecha":"2020-03-31","codigo_territorio":"37","nombre_territorio":"Salamanca","longitud":-6.066,"latitud":40.805,"total":5675,"indefinido":683,"temporal":4992,"provincia":"SA"}},{"type":"Feature","geometry":{"type":"Point","coordinates":[-4.535,42.37]},"properties":{"fecha":"2020-03-31","codigo_territorio":"34","nombre_territorio":"Palencia","longitud":-4.535,"latitud":42.37,"total":5804,"indefinido":363,"temporal":5441,"provincia":"PA"}},{"type":"Feature","geometry":{"type":"Point","coordinates":[-5.979,41.727]},"properties":{"fecha":"2020-03-31","codigo_territorio":"49","nombre_territorio":"Zamora","longitud":-5.979,"latitud":41.727,"total":2851,"indefinido":259,"temporal":2592,"provincia":"ZA"}},{"type":"Feature","geometry":{"type":"Point","coordinates":[-4.946,40.571]},"properties":{"fecha":"2020-03-31","codigo_territorio":"05","nombre_territorio":"\u00c1vila","longitud":-4.946,"latitud":40.571,"total":2968,"indefinido":342,"temporal":2626,"provincia":"AV"}},{"type":"Feature","geometry":{"type":"Point","coordinates":[-5.841,42.62]},"properties":{"fecha":"2020-03-31","codigo_territorio":"24","nombre_territorio":"Le\u00f3n","longitud":-5.841,"latitud":42.62,"total":6939,"indefinido":1006,"temporal":5933,"provincia":"LE"}},{"type":"Feature","geometry":{"type":"Point","coordinates":[-4.055,41.171]},"properties":{"fecha":"2020-03-31","codigo_territorio":"40","nombre_territorio":"Segovia","longitud":-4.055,"latitud":41.171,"total":4430,"indefinido":398,"temporal":4032,"provincia":"SE"}},{"type":"Feature","geometry":{"type":"Point","coordinates":[-2.589,41.621]},"properties":{"fecha":"2020-03-31","codigo_territorio":"42","nombre_territorio":"Soria","longitud":-2.589,"latitud":41.621,"total":1978,"indefinido":210,"temporal":1768,"provincia":"SO"}},{"type":"Feature","geometry":{"type":"Point","coordinates":[-4.847,41.634]},"properties":{"fecha":"2020-03-31","codigo_territorio":"47","nombre_territorio":"Valladolid","longitud":-4.847,"latitud":41.634,"total":13367,"indefinido":1498,"temporal":11869,"provincia":"VA"}},{"type":"Feature","geometry":{"type":"Point","coordinates":[-4.397,41.835]},"properties":{"fecha":"2020-03-31","codigo_territorio":"07","nombre_territorio":"Castilla Le\u00f3n","longitud":-4.397,"latitud":41.835,"total":51698,"indefinido":5569,"temporal":46129,"provincia":"CYL"}},{"type":"Feature","geometry":{"type":"Point","coordinates":[-4.946,40.571]},"properties":{"fecha":"2020-02-29","codigo_territorio":"05","nombre_territorio":"\u00c1vila","longitud":-4.946,"latitud":40.571,"total":3949,"indefinido":349,"temporal":3600,"provincia":"AV"}},{"type":"Feature","geometry":{"type":"Point","coordinates":[-4.535,42.37]},"properties":{"fecha":"2020-02-29","codigo_territorio":"34","nombre_territorio":"Palencia","longitud":-4.535,"latitud":42.37,"total":6618,"indefinido":379,"temporal":6239,"provincia":"PA"}},{"type":"Feature","geometry":{"type":"Point","coordinates":[-2.589,41.621]},"properties":{"fecha":"2020-02-29","codigo_territorio":"42","nombre_territorio":"Soria","longitud":-2.589,"latitud":41.621,"total":2588,"indefinido":310,"temporal":2278,"provincia":"SO"}},{"type":"Feature","geometry":{"type":"Point","coordinates":[-4.847,41.634]},"properties":{"fecha":"2020-02-29","codigo_territorio":"47","nombre_territorio":"Valladolid","longitud":-4.847,"latitud":41.634,"total":16485,"indefinido":1804,"temporal":14681,"provincia":"VA"}},{"type":"Feature","geometry":{"type":"Point","coordinates":[-5.841,42.62]},"properties":{"fecha":"2020-02-29","codigo_territorio":"24","nombre_territorio":"Le\u00f3n","longitud":-5.841,"latitud":42.62,"total":9272,"indefinido":1155,"temporal":8117,"provincia":"LE"}},{"type":"Feature","geometry":{"type":"Point","coordinates":[-6.066,40.805]},"properties":{"fecha":"2020-02-29","codigo_territorio":"37","nombre_territorio":"Salamanca","longitud":-6.066,"latitud":40.805,"total":8640,"indefinido":852,"temporal":7788,"provincia":"SA"}},{"type":"Feature","geometry":{"type":"Point","coordinates":[-4.055,41.171]},"properties":{"fecha":"2020-02-29","codigo_territorio":"40","nombre_territorio":"Segovia","longitud":-4.055,"latitud":41.171,"total":5402,"indefinido":479,"temporal":4923,"provincia":"SE"}},{"type":"Feature","geometry":{"type":"Point","coordinates":[-5.979,41.727]},"properties":{"fecha":"2020-02-29","codigo_territorio":"49","nombre_territorio":"Zamora","longitud":-5.979,"latitud":41.727,"total":3664,"indefinido":408,"temporal":3256,"provincia":"ZA"}},{"type":"Feature","geometry":{"type":"Point","coordinates":[-4.397,41.835]},"properties":{"fecha":"2020-02-29","codigo_territorio":"07","nombre_territorio":"Castilla Le\u00f3n","longitud":-4.397,"latitud":41.835,"total":66154,"indefinido":6738,"temporal":59416,"provincia":"CYL"}},{"type":"Feature","geometry":{"type":"Point","coordinates":[-3.586,42.367]},"properties":{"fecha":"2020-02-29","codigo_territorio":"09","nombre_territorio":"Burgos","longitud":-3.586,"latitud":42.367,"total":9536,"indefinido":1002,"temporal":8534,"provincia":"BU"}},{"type":"Feature","geometry":{"type":"Point","coordinates":[-4.946,40.571]},"properties":{"fecha":"2020-01-31","codigo_territorio":"05","nombre_territorio":"\u00c1vila","longitud":-4.946,"latitud":40.571,"total":4019,"indefinido":310,"temporal":3709,"provincia":"AV"}},{"type":"Feature","geometry":{"type":"Point","coordinates":[-2.589,41.621]},"properties":{"fecha":"2020-01-31","codigo_territorio":"42","nombre_territorio":"Soria","longitud":-2.589,"latitud":41.621,"total":2562,"indefinido":238,"temporal":2324,"provincia":"SO"}},{"type":"Feature","geometry":{"type":"Point","coordinates":[-4.847,41.634]},"properties":{"fecha":"2020-01-31","codigo_territorio":"47","nombre_territorio":"Valladolid","longitud":-4.847,"latitud":41.634,"total":17987,"indefinido":1911,"temporal":16076,"provincia":"VA"}},{"type":"Feature","geometry":{"type":"Point","coordinates":[-5.979,41.727]},"properties":{"fecha":"2020-01-31","codigo_territorio":"49","nombre_territorio":"Zamora","longitud":-5.979,"latitud":41.727,"total":3692,"indefinido":369,"temporal":3323,"provincia":"ZA"}},{"type":"Feature","geometry":{"type":"Point","coordinates":[-3.586,42.367]},"properties":{"fecha":"2020-01-31","codigo_territorio":"09","nombre_territorio":"Burgos","longitud":-3.586,"latitud":42.367,"total":10869,"indefinido":1053,"temporal":9816,"provincia":"BU"}},{"type":"Feature","geometry":{"type":"Point","coordinates":[-4.535,42.37]},"properties":{"fecha":"2020-01-31","codigo_territorio":"34","nombre_territorio":"Palencia","longitud":-4.535,"latitud":42.37,"total":7283,"indefinido":381,"temporal":6902,"provincia":"PA"}},{"type":"Feature","geometry":{"type":"Point","coordinates":[-6.066,40.805]},"properties":{"fecha":"2020-01-31","codigo_territorio":"37","nombre_territorio":"Salamanca","longitud":-6.066,"latitud":40.805,"total":8535,"indefinido":941,"temporal":7594,"provincia":"SA"}},{"type":"Feature","geometry":{"type":"Point","coordinates":[-4.055,41.171]},"properties":{"fecha":"2020-01-31","codigo_territorio":"40","nombre_territorio":"Segovia","longitud":-4.055,"latitud":41.171,"total":5794,"indefinido":432,"temporal":5362,"provincia":"SE"}},{"type":"Feature","geometry":{"type":"Point","coordinates":[-5.841,42.62]},"properties":{"fecha":"2020-01-31","codigo_territorio":"24","nombre_territorio":"Le\u00f3n","longitud":-5.841,"latitud":42.62,"total":9479,"indefinido":1225,"temporal":8254,"provincia":"LE"}},{"type":"Feature","geometry":{"type":"Point","coordinates":[-4.397,41.835]},"properties":{"fecha":"2020-01-31","codigo_territorio":"07","nombre_territorio":"Castilla Le\u00f3n","longitud":-4.397,"latitud":41.835,"total":70220,"indefinido":6860,"temporal":63360,"provincia":"CYL"}},{"type":"Feature","geometry":{"type":"Point","coordinates":[-4.946,40.571]},"properties":{"fecha":"2019-12-31","codigo_territorio":"05","nombre_territorio":"\u00c1vila","longitud":-4.946,"latitud":40.571,"total":4737,"indefinido":235,"temporal":4502,"provincia":"AV"}},{"type":"Feature","geometry":{"type":"Point","coordinates":[-3.586,42.367]},"properties":{"fecha":"2019-12-31","codigo_territorio":"09","nombre_territorio":"Burgos","longitud":-3.586,"latitud":42.367,"total":10517,"indefinido":795,"temporal":9722,"provincia":"BU"}},{"type":"Feature","geometry":{"type":"Point","coordinates":[-5.841,42.62]},"properties":{"fecha":"2019-12-31","codigo_territorio":"24","nombre_territorio":"Le\u00f3n","longitud":-5.841,"latitud":42.62,"total":9661,"indefinido":990,"temporal":8671,"provincia":"LE"}},{"type":"Feature","geometry":{"type":"Point","coordinates":[-4.535,42.37]},"properties":{"fecha":"2019-12-31","codigo_territorio":"34","nombre_territorio":"Palencia","longitud":-4.535,"latitud":42.37,"total":7070,"indefinido":337,"temporal":6733,"provincia":"PA"}},{"type":"Feature","geometry":{"type":"Point","coordinates":[-5.979,41.727]},"properties":{"fecha":"2019-12-31","codigo_territorio":"49","nombre_territorio":"Zamora","longitud":-5.979,"latitud":41.727,"total":3674,"indefinido":254,"temporal":3420,"provincia":"ZA"}},{"type":"Feature","geometry":{"type":"Point","coordinates":[-4.397,41.835]},"properties":{"fecha":"2019-12-31","codigo_territorio":"07","nombre_territorio":"Castilla Le\u00f3n","longitud":-4.397,"latitud":41.835,"total":69986,"indefinido":5265,"temporal":64721,"provincia":"CYL"}},{"type":"Feature","geometry":{"type":"Point","coordinates":[-4.847,41.634]},"properties":{"fecha":"2019-12-31","codigo_territorio":"47","nombre_territorio":"Valladolid","longitud":-4.847,"latitud":41.634,"total":17385,"indefinido":1339,"temporal":16046,"provincia":"VA"}},{"type":"Feature","geometry":{"type":"Point","coordinates":[-6.066,40.805]},"properties":{"fecha":"2019-12-31","codigo_territorio":"37","nombre_territorio":"Salamanca","longitud":-6.066,"latitud":40.805,"total":8554,"indefinido":711,"temporal":7843,"provincia":"SA"}},{"type":"Feature","geometry":{"type":"Point","coordinates":[-4.055,41.171]},"properties":{"fecha":"2019-12-31","codigo_territorio":"40","nombre_territorio":"Segovia","longitud":-4.055,"latitud":41.171,"total":5922,"indefinido":369,"temporal":5553,"provincia":"SE"}},{"type":"Feature","geometry":{"type":"Point","coordinates":[-2.589,41.621]},"properties":{"fecha":"2019-12-31","codigo_territorio":"42","nombre_territorio":"Soria","longitud":-2.589,"latitud":41.621,"total":2466,"indefinido":235,"temporal":2231,"provincia":"SO"}},{"type":"Feature","geometry":{"type":"Point","coordinates":[-2.589,41.621]},"properties":{"fecha":"2019-11-30","codigo_territorio":"42","nombre_territorio":"Soria","longitud":-2.589,"latitud":41.621,"total":2429,"indefinido":215,"temporal":2214,"provincia":"SO"}},{"type":"Feature","geometry":{"type":"Point","coordinates":[-4.397,41.835]},"properties":{"fecha":"2019-11-30","codigo_territorio":"07","nombre_territorio":"Castilla Le\u00f3n","longitud":-4.397,"latitud":41.835,"total":71318,"indefinido":6426,"temporal":64892,"provincia":"CYL"}},{"type":"Feature","geometry":{"type":"Point","coordinates":[-4.946,40.571]},"properties":{"fecha":"2019-11-30","codigo_territorio":"05","nombre_territorio":"\u00c1vila","longitud":-4.946,"latitud":40.571,"total":4251,"indefinido":382,"temporal":3869,"provincia":"AV"}},{"type":"Feature","geometry":{"type":"Point","coordinates":[-3.586,42.367]},"properties":{"fecha":"2019-11-30","codigo_territorio":"09","nombre_territorio":"Burgos","longitud":-3.586,"latitud":42.367,"total":9988,"indefinido":1083,"temporal":8905,"provincia":"BU"}},{"type":"Feature","geometry":{"type":"Point","coordinates":[-4.535,42.37]},"properties":{"fecha":"2019-11-30","codigo_territorio":"34","nombre_territorio":"Palencia","longitud":-4.535,"latitud":42.37,"total":7165,"indefinido":388,"temporal":6777,"provincia":"PA"}},{"type":"Feature","geometry":{"type":"Point","coordinates":[-4.055,41.171]},"properties":{"fecha":"2019-11-30","codigo_territorio":"40","nombre_territorio":"Segovia","longitud":-4.055,"latitud":41.171,"total":6392,"indefinido":486,"temporal":5906,"provincia":"SE"}},{"type":"Feature","geometry":{"type":"Point","coordinates":[-5.979,41.727]},"properties":{"fecha":"2019-11-30","codigo_territorio":"49","nombre_territorio":"Zamora","longitud":-5.979,"latitud":41.727,"total":3850,"indefinido":315,"temporal":3535,"provincia":"ZA"}},{"type":"Feature","geometry":{"type":"Point","coordinates":[-5.841,42.62]},"properties":{"fecha":"2019-11-30","codigo_territorio":"24","nombre_territorio":"Le\u00f3n","longitud":-5.841,"latitud":42.62,"total":9778,"indefinido":1073,"temporal":8705,"provincia":"LE"}},{"type":"Feature","geometry":{"type":"Point","coordinates":[-6.066,40.805]},"properties":{"fecha":"2019-11-30","codigo_territorio":"37","nombre_territorio":"Salamanca","longitud":-6.066,"latitud":40.805,"total":8618,"indefinido":836,"temporal":7782,"provincia":"SA"}},{"type":"Feature","geometry":{"type":"Point","coordinates":[-4.847,41.634]},"properties":{"fecha":"2019-11-30","codigo_territorio":"47","nombre_territorio":"Valladolid","longitud":-4.847,"latitud":41.634,"total":18847,"indefinido":1648,"temporal":17199,"provincia":"VA"}},{"type":"Feature","geometry":{"type":"Point","coordinates":[-5.841,42.62]},"properties":{"fecha":"2019-10-31","codigo_territorio":"24","nombre_territorio":"Le\u00f3n","longitud":-5.841,"latitud":42.62,"total":13780,"indefinido":1493,"temporal":12287,"provincia":"LE"}},{"type":"Feature","geometry":{"type":"Point","coordinates":[-6.066,40.805]},"properties":{"fecha":"2019-10-31","codigo_territorio":"37","nombre_territorio":"Salamanca","longitud":-6.066,"latitud":40.805,"total":12521,"indefinido":1153,"temporal":11368,"provincia":"SA"}},{"type":"Feature","geometry":{"type":"Point","coordinates":[-5.979,41.727]},"properties":{"fecha":"2019-10-31","codigo_territorio":"49","nombre_territorio":"Zamora","longitud":-5.979,"latitud":41.727,"total":5041,"indefinido":411,"temporal":4630,"provincia":"ZA"}},{"type":"Feature","geometry":{"type":"Point","coordinates":[-3.586,42.367]},"properties":{"fecha":"2019-10-31","codigo_territorio":"09","nombre_territorio":"Burgos","longitud":-3.586,"latitud":42.367,"total":16799,"indefinido":1394,"temporal":15405,"provincia":"BU"}},{"type":"Feature","geometry":{"type":"Point","coordinates":[-4.535,42.37]},"properties":{"fecha":"2019-10-31","codigo_territorio":"34","nombre_territorio":"Palencia","longitud":-4.535,"latitud":42.37,"total":9319,"indefinido":494,"temporal":8825,"provincia":"PA"}},{"type":"Feature","geometry":{"type":"Point","coordinates":[-2.589,41.621]},"properties":{"fecha":"2019-10-31","codigo_territorio":"42","nombre_territorio":"Soria","longitud":-2.589,"latitud":41.621,"total":3993,"indefinido":335,"temporal":3658,"provincia":"SO"}},{"type":"Feature","geometry":{"type":"Point","coordinates":[-4.847,41.634]},"properties":{"fecha":"2019-10-31","codigo_territorio":"47","nombre_territorio":"Valladolid","longitud":-4.847,"latitud":41.634,"total":26253,"indefinido":2544,"temporal":23709,"provincia":"VA"}},{"type":"Feature","geometry":{"type":"Point","coordinates":[-4.397,41.835]},"properties":{"fecha":"2019-10-31","codigo_territorio":"07","nombre_territorio":"Castilla Le\u00f3n","longitud":-4.397,"latitud":41.835,"total":104438,"indefinido":9169,"temporal":95269,"provincia":"CYL"}},{"type":"Feature","geometry":{"type":"Point","coordinates":[-4.946,40.571]},"properties":{"fecha":"2019-10-31","codigo_territorio":"05","nombre_territorio":"\u00c1vila","longitud":-4.946,"latitud":40.571,"total":7423,"indefinido":486,"temporal":6937,"provincia":"AV"}},{"type":"Feature","geometry":{"type":"Point","coordinates":[-4.055,41.171]},"properties":{"fecha":"2019-10-31","codigo_territorio":"40","nombre_territorio":"Segovia","longitud":-4.055,"latitud":41.171,"total":9309,"indefinido":859,"temporal":8450,"provincia":"SE"}},{"type":"Feature","geometry":{"type":"Point","coordinates":[-3.586,42.367]},"properties":{"fecha":"2019-09-30","codigo_territorio":"09","nombre_territorio":"Burgos","longitud":-3.586,"latitud":42.367,"total":14142,"indefinido":1376,"temporal":12766,"provincia":"BU"}},{"type":"Feature","geometry":{"type":"Point","coordinates":[-5.841,42.62]},"properties":{"fecha":"2019-09-30","codigo_territorio":"24","nombre_territorio":"Le\u00f3n","longitud":-5.841,"latitud":42.62,"total":14683,"indefinido":1407,"temporal":13276,"provincia":"LE"}},{"type":"Feature","geometry":{"type":"Point","coordinates":[-4.535,42.37]},"properties":{"fecha":"2019-09-30","codigo_territorio":"34","nombre_territorio":"Palencia","longitud":-4.535,"latitud":42.37,"total":8456,"indefinido":426,"temporal":8030,"provincia":"PA"}},{"type":"Feature","geometry":{"type":"Point","coordinates":[-5.979,41.727]},"properties":{"fecha":"2019-09-30","codigo_territorio":"49","nombre_territorio":"Zamora","longitud":-5.979,"latitud":41.727,"total":6118,"indefinido":381,"temporal":5737,"provincia":"ZA"}},{"type":"Feature","geometry":{"type":"Point","coordinates":[-4.397,41.835]},"properties":{"fecha":"2019-09-30","codigo_territorio":"07","nombre_territorio":"Castilla Le\u00f3n","longitud":-4.397,"latitud":41.835,"total":96869,"indefinido":9167,"temporal":87702,"provincia":"CYL"}},{"type":"Feature","geometry":{"type":"Point","coordinates":[-2.589,41.621]},"properties":{"fecha":"2019-09-30","codigo_territorio":"42","nombre_territorio":"Soria","longitud":-2.589,"latitud":41.621,"total":3660,"indefinido":372,"temporal":3288,"provincia":"SO"}},{"type":"Feature","geometry":{"type":"Point","coordinates":[-4.847,41.634]},"properties":{"fecha":"2019-09-30","codigo_territorio":"47","nombre_territorio":"Valladolid","longitud":-4.847,"latitud":41.634,"total":24069,"indefinido":2737,"temporal":21332,"provincia":"VA"}},{"type":"Feature","geometry":{"type":"Point","coordinates":[-4.946,40.571]},"properties":{"fecha":"2019-09-30","codigo_territorio":"05","nombre_territorio":"\u00c1vila","longitud":-4.946,"latitud":40.571,"total":5904,"indefinido":546,"temporal":5358,"provincia":"AV"}},{"type":"Feature","geometry":{"type":"Point","coordinates":[-6.066,40.805]},"properties":{"fecha":"2019-09-30","codigo_territorio":"37","nombre_territorio":"Salamanca","longitud":-6.066,"latitud":40.805,"total":11789,"indefinido":1232,"temporal":10557,"provincia":"SA"}},{"type":"Feature","geometry":{"type":"Point","coordinates":[-4.055,41.171]},"properties":{"fecha":"2019-09-30","codigo_territorio":"40","nombre_territorio":"Segovia","longitud":-4.055,"latitud":41.171,"total":8048,"indefinido":690,"temporal":7358,"provincia":"SE"}},{"type":"Feature","geometry":{"type":"Point","coordinates":[-4.535,42.37]},"properties":{"fecha":"2019-08-31","codigo_territorio":"34","nombre_territorio":"Palencia","longitud":-4.535,"latitud":42.37,"total":7506,"indefinido":221,"temporal":7285,"provincia":"PA"}},{"type":"Feature","geometry":{"type":"Point","coordinates":[-2.589,41.621]},"properties":{"fecha":"2019-08-31","codigo_territorio":"42","nombre_territorio":"Soria","longitud":-2.589,"latitud":41.621,"total":2930,"indefinido":179,"temporal":2751,"provincia":"SO"}},{"type":"Feature","geometry":{"type":"Point","coordinates":[-5.979,41.727]},"properties":{"fecha":"2019-08-31","codigo_territorio":"49","nombre_territorio":"Zamora","longitud":-5.979,"latitud":41.727,"total":4903,"indefinido":233,"temporal":4670,"provincia":"ZA"}},{"type":"Feature","geometry":{"type":"Point","coordinates":[-4.946,40.571]},"properties":{"fecha":"2019-08-31","codigo_territorio":"05","nombre_territorio":"\u00c1vila","longitud":-4.946,"latitud":40.571,"total":5063,"indefinido":268,"temporal":4795,"provincia":"AV"}},{"type":"Feature","geometry":{"type":"Point","coordinates":[-5.841,42.62]},"properties":{"fecha":"2019-08-31","codigo_territorio":"24","nombre_territorio":"Le\u00f3n","longitud":-5.841,"latitud":42.62,"total":12022,"indefinido":902,"temporal":11120,"provincia":"LE"}},{"type":"Feature","geometry":{"type":"Point","coordinates":[-4.055,41.171]},"properties":{"fecha":"2019-08-31","codigo_territorio":"40","nombre_territorio":"Segovia","longitud":-4.055,"latitud":41.171,"total":6626,"indefinido":384,"temporal":6242,"provincia":"SE"}},{"type":"Feature","geometry":{"type":"Point","coordinates":[-4.847,41.634]},"properties":{"fecha":"2019-08-31","codigo_territorio":"47","nombre_territorio":"Valladolid","longitud":-4.847,"latitud":41.634,"total":17204,"indefinido":1260,"temporal":15944,"provincia":"VA"}},{"type":"Feature","geometry":{"type":"Point","coordinates":[-3.586,42.367]},"properties":{"fecha":"2019-08-31","codigo_territorio":"09","nombre_territorio":"Burgos","longitud":-3.586,"latitud":42.367,"total":11208,"indefinido":755,"temporal":10453,"provincia":"BU"}},{"type":"Feature","geometry":{"type":"Point","coordinates":[-6.066,40.805]},"properties":{"fecha":"2019-08-31","codigo_territorio":"37","nombre_territorio":"Salamanca","longitud":-6.066,"latitud":40.805,"total":9715,"indefinido":670,"temporal":9045,"provincia":"SA"}},{"type":"Feature","geometry":{"type":"Point","coordinates":[-4.397,41.835]},"properties":{"fecha":"2019-08-31","codigo_territorio":"07","nombre_territorio":"Castilla Le\u00f3n","longitud":-4.397,"latitud":41.835,"total":77177,"indefinido":4872,"temporal":72305,"provincia":"CYL"}},{"type":"Feature","geometry":{"type":"Point","coordinates":[-4.946,40.571]},"properties":{"fecha":"2019-07-31","codigo_territorio":"05","nombre_territorio":"\u00c1vila","longitud":-4.946,"latitud":40.571,"total":7468,"indefinido":361,"temporal":7107,"provincia":"AV"}},{"type":"Feature","geometry":{"type":"Point","coordinates":[-5.841,42.62]},"properties":{"fecha":"2019-07-31","codigo_territorio":"24","nombre_territorio":"Le\u00f3n","longitud":-5.841,"latitud":42.62,"total":15645,"indefinido":1186,"temporal":14459,"provincia":"LE"}},{"type":"Feature","geometry":{"type":"Point","coordinates":[-6.066,40.805]},"properties":{"fecha":"2019-07-31","codigo_territorio":"37","nombre_territorio":"Salamanca","longitud":-6.066,"latitud":40.805,"total":12262,"indefinido":841,"temporal":11421,"provincia":"SA"}},{"type":"Feature","geometry":{"type":"Point","coordinates":[-4.847,41.634]},"properties":{"fecha":"2019-07-31","codigo_territorio":"47","nombre_territorio":"Valladolid","longitud":-4.847,"latitud":41.634,"total":24810,"indefinido":1816,"temporal":22994,"provincia":"VA"}},{"type":"Feature","geometry":{"type":"Point","coordinates":[-3.586,42.367]},"properties":{"fecha":"2019-07-31","codigo_territorio":"09","nombre_territorio":"Burgos","longitud":-3.586,"latitud":42.367,"total":14964,"indefinido":1108,"temporal":13856,"provincia":"BU"}},{"type":"Feature","geometry":{"type":"Point","coordinates":[-4.055,41.171]},"properties":{"fecha":"2019-07-31","codigo_territorio":"40","nombre_territorio":"Segovia","longitud":-4.055,"latitud":41.171,"total":9966,"indefinido":795,"temporal":9171,"provincia":"SE"}},{"type":"Feature","geometry":{"type":"Point","coordinates":[-2.589,41.621]},"properties":{"fecha":"2019-07-31","codigo_territorio":"42","nombre_territorio":"Soria","longitud":-2.589,"latitud":41.621,"total":4622,"indefinido":322,"temporal":4300,"provincia":"SO"}},{"type":"Feature","geometry":{"type":"Point","coordinates":[-4.535,42.37]},"properties":{"fecha":"2019-07-31","codigo_territorio":"34","nombre_territorio":"Palencia","longitud":-4.535,"latitud":42.37,"total":9958,"indefinido":392,"temporal":9566,"provincia":"PA"}},{"type":"Feature","geometry":{"type":"Point","coordinates":[-5.979,41.727]},"properties":{"fecha":"2019-07-31","codigo_territorio":"49","nombre_territorio":"Zamora","longitud":-5.979,"latitud":41.727,"total":6590,"indefinido":308,"temporal":6282,"provincia":"ZA"}},{"type":"Feature","geometry":{"type":"Point","coordinates":[-4.397,41.835]},"properties":{"fecha":"2019-07-31","codigo_territorio":"07","nombre_territorio":"Castilla Le\u00f3n","longitud":-4.397,"latitud":41.835,"total":106285,"indefinido":7129,"temporal":99156,"provincia":"CYL"}},{"type":"Feature","geometry":{"type":"Point","coordinates":[-3.586,42.367]},"properties":{"fecha":"2019-06-30","codigo_territorio":"09","nombre_territorio":"Burgos","longitud":-3.586,"latitud":42.367,"total":14284,"indefinido":1153,"temporal":13131,"provincia":"BU"}},{"type":"Feature","geometry":{"type":"Point","coordinates":[-6.066,40.805]},"properties":{"fecha":"2019-06-30","codigo_territorio":"37","nombre_territorio":"Salamanca","longitud":-6.066,"latitud":40.805,"total":11600,"indefinido":860,"temporal":10740,"provincia":"SA"}},{"type":"Feature","geometry":{"type":"Point","coordinates":[-2.589,41.621]},"properties":{"fecha":"2019-06-30","codigo_territorio":"42","nombre_territorio":"Soria","longitud":-2.589,"latitud":41.621,"total":3718,"indefinido":273,"temporal":3445,"provincia":"SO"}},{"type":"Feature","geometry":{"type":"Point","coordinates":[-4.847,41.634]},"properties":{"fecha":"2019-06-30","codigo_territorio":"47","nombre_territorio":"Valladolid","longitud":-4.847,"latitud":41.634,"total":22077,"indefinido":1818,"temporal":20259,"provincia":"VA"}},{"type":"Feature","geometry":{"type":"Point","coordinates":[-4.946,40.571]},"properties":{"fecha":"2019-06-30","codigo_territorio":"05","nombre_territorio":"\u00c1vila","longitud":-4.946,"latitud":40.571,"total":6171,"indefinido":395,"temporal":5776,"provincia":"AV"}},{"type":"Feature","geometry":{"type":"Point","coordinates":[-5.841,42.62]},"properties":{"fecha":"2019-06-30","codigo_territorio":"24","nombre_territorio":"Le\u00f3n","longitud":-5.841,"latitud":42.62,"total":13167,"indefinido":1483,"temporal":11684,"provincia":"LE"}},{"type":"Feature","geometry":{"type":"Point","coordinates":[-4.055,41.171]},"properties":{"fecha":"2019-06-30","codigo_territorio":"40","nombre_territorio":"Segovia","longitud":-4.055,"latitud":41.171,"total":8589,"indefinido":569,"temporal":8020,"provincia":"SE"}},{"type":"Feature","geometry":{"type":"Point","coordinates":[-5.979,41.727]},"properties":{"fecha":"2019-06-30","codigo_territorio":"49","nombre_territorio":"Zamora","longitud":-5.979,"latitud":41.727,"total":5741,"indefinido":356,"temporal":5385,"provincia":"ZA"}},{"type":"Feature","geometry":{"type":"Point","coordinates":[-4.535,42.37]},"properties":{"fecha":"2019-06-30","codigo_territorio":"34","nombre_territorio":"Palencia","longitud":-4.535,"latitud":42.37,"total":8562,"indefinido":423,"temporal":8139,"provincia":"PA"}},{"type":"Feature","geometry":{"type":"Point","coordinates":[-4.397,41.835]},"properties":{"fecha":"2019-06-30","codigo_territorio":"07","nombre_territorio":"Castilla Le\u00f3n","longitud":-4.397,"latitud":41.835,"total":93909,"indefinido":7330,"temporal":86579,"provincia":"CYL"}},{"type":"Feature","geometry":{"type":"Point","coordinates":[-6.066,40.805]},"properties":{"fecha":"2019-05-31","codigo_territorio":"37","nombre_territorio":"Salamanca","longitud":-6.066,"latitud":40.805,"total":10736,"indefinido":765,"temporal":9971,"provincia":"SA"}},{"type":"Feature","geometry":{"type":"Point","coordinates":[-2.589,41.621]},"properties":{"fecha":"2019-05-31","codigo_territorio":"42","nombre_territorio":"Soria","longitud":-2.589,"latitud":41.621,"total":3497,"indefinido":292,"temporal":3205,"provincia":"SO"}},{"type":"Feature","geometry":{"type":"Point","coordinates":[-4.847,41.634]},"properties":{"fecha":"2019-05-31","codigo_territorio":"47","nombre_territorio":"Valladolid","longitud":-4.847,"latitud":41.634,"total":23116,"indefinido":1883,"temporal":21233,"provincia":"VA"}},{"type":"Feature","geometry":{"type":"Point","coordinates":[-4.397,41.835]},"properties":{"fecha":"2019-05-31","codigo_territorio":"07","nombre_territorio":"Castilla Le\u00f3n","longitud":-4.397,"latitud":41.835,"total":89584,"indefinido":6703,"temporal":82881,"provincia":"CYL"}},{"type":"Feature","geometry":{"type":"Point","coordinates":[-4.946,40.571]},"properties":{"fecha":"2019-05-31","codigo_territorio":"05","nombre_territorio":"\u00c1vila","longitud":-4.946,"latitud":40.571,"total":5358,"indefinido":324,"temporal":5034,"provincia":"AV"}},{"type":"Feature","geometry":{"type":"Point","coordinates":[-3.586,42.367]},"properties":{"fecha":"2019-05-31","codigo_territorio":"09","nombre_territorio":"Burgos","longitud":-3.586,"latitud":42.367,"total":13359,"indefinido":1088,"temporal":12271,"provincia":"BU"}},{"type":"Feature","geometry":{"type":"Point","coordinates":[-4.055,41.171]},"properties":{"fecha":"2019-05-31","codigo_territorio":"40","nombre_territorio":"Segovia","longitud":-4.055,"latitud":41.171,"total":7324,"indefinido":466,"temporal":6858,"provincia":"SE"}},{"type":"Feature","geometry":{"type":"Point","coordinates":[-5.841,42.62]},"properties":{"fecha":"2019-05-31","codigo_territorio":"24","nombre_territorio":"Le\u00f3n","longitud":-5.841,"latitud":42.62,"total":12640,"indefinido":1193,"temporal":11447,"provincia":"LE"}},{"type":"Feature","geometry":{"type":"Point","coordinates":[-4.535,42.37]},"properties":{"fecha":"2019-05-31","codigo_territorio":"34","nombre_territorio":"Palencia","longitud":-4.535,"latitud":42.37,"total":8482,"indefinido":386,"temporal":8096,"provincia":"PA"}},{"type":"Feature","geometry":{"type":"Point","coordinates":[-5.979,41.727]},"properties":{"fecha":"2019-05-31","codigo_territorio":"49","nombre_territorio":"Zamora","longitud":-5.979,"latitud":41.727,"total":5072,"indefinido":306,"temporal":4766,"provincia":"ZA"}},{"type":"Feature","geometry":{"type":"Point","coordinates":[-4.946,40.571]},"properties":{"fecha":"2019-04-30","codigo_territorio":"05","nombre_territorio":"\u00c1vila","longitud":-4.946,"latitud":40.571,"total":4451,"indefinido":311,"temporal":4140,"provincia":"AV"}},{"type":"Feature","geometry":{"type":"Point","coordinates":[-3.586,42.367]},"properties":{"fecha":"2019-04-30","codigo_territorio":"09","nombre_territorio":"Burgos","longitud":-3.586,"latitud":42.367,"total":10711,"indefinido":870,"temporal":9841,"provincia":"BU"}},{"type":"Feature","geometry":{"type":"Point","coordinates":[-2.589,41.621]},"properties":{"fecha":"2019-04-30","codigo_territorio":"42","nombre_territorio":"Soria","longitud":-2.589,"latitud":41.621,"total":2937,"indefinido":270,"temporal":2667,"provincia":"SO"}},{"type":"Feature","geometry":{"type":"Point","coordinates":[-4.397,41.835]},"properties":{"fecha":"2019-04-30","codigo_territorio":"07","nombre_territorio":"Castilla Le\u00f3n","longitud":-4.397,"latitud":41.835,"total":72731,"indefinido":6165,"temporal":66566,"provincia":"CYL"}},{"type":"Feature","geometry":{"type":"Point","coordinates":[-4.535,42.37]},"properties":{"fecha":"2019-04-30","codigo_territorio":"34","nombre_territorio":"Palencia","longitud":-4.535,"latitud":42.37,"total":7658,"indefinido":401,"temporal":7257,"provincia":"PA"}},{"type":"Feature","geometry":{"type":"Point","coordinates":[-6.066,40.805]},"properties":{"fecha":"2019-04-30","codigo_territorio":"37","nombre_territorio":"Salamanca","longitud":-6.066,"latitud":40.805,"total":8659,"indefinido":769,"temporal":7890,"provincia":"SA"}},{"type":"Feature","geometry":{"type":"Point","coordinates":[-4.847,41.634]},"properties":{"fecha":"2019-04-30","codigo_territorio":"47","nombre_territorio":"Valladolid","longitud":-4.847,"latitud":41.634,"total":17629,"indefinido":1701,"temporal":15928,"provincia":"VA"}},{"type":"Feature","geometry":{"type":"Point","coordinates":[-5.979,41.727]},"properties":{"fecha":"2019-04-30","codigo_territorio":"49","nombre_territorio":"Zamora","longitud":-5.979,"latitud":41.727,"total":4239,"indefinido":291,"temporal":3948,"provincia":"ZA"}},{"type":"Feature","geometry":{"type":"Point","coordinates":[-5.841,42.62]},"properties":{"fecha":"2019-04-30","codigo_territorio":"24","nombre_territorio":"Le\u00f3n","longitud":-5.841,"latitud":42.62,"total":10795,"indefinido":1107,"temporal":9688,"provincia":"LE"}},{"type":"Feature","geometry":{"type":"Point","coordinates":[-4.055,41.171]},"properties":{"fecha":"2019-04-30","codigo_territorio":"40","nombre_territorio":"Segovia","longitud":-4.055,"latitud":41.171,"total":5652,"indefinido":445,"temporal":5207,"provincia":"SE"}},{"type":"Feature","geometry":{"type":"Point","coordinates":[-3.586,42.367]},"properties":{"fecha":"2019-03-31","codigo_territorio":"09","nombre_territorio":"Burgos","longitud":-3.586,"latitud":42.367,"total":9921,"indefinido":898,"temporal":9023,"provincia":"BU"}},{"type":"Feature","geometry":{"type":"Point","coordinates":[-5.841,42.62]},"properties":{"fecha":"2019-03-31","codigo_territorio":"24","nombre_territorio":"Le\u00f3n","longitud":-5.841,"latitud":42.62,"total":9820,"indefinido":1190,"temporal":8630,"provincia":"LE"}},{"type":"Feature","geometry":{"type":"Point","coordinates":[-2.589,41.621]},"properties":{"fecha":"2019-03-31","codigo_territorio":"42","nombre_territorio":"Soria","longitud":-2.589,"latitud":41.621,"total":2442,"indefinido":299,"temporal":2143,"provincia":"SO"}},{"type":"Feature","geometry":{"type":"Point","coordinates":[-4.847,41.634]},"properties":{"fecha":"2019-03-31","codigo_territorio":"47","nombre_territorio":"Valladolid","longitud":-4.847,"latitud":41.634,"total":16964,"indefinido":1594,"temporal":15370,"provincia":"VA"}},{"type":"Feature","geometry":{"type":"Point","coordinates":[-5.979,41.727]},"properties":{"fecha":"2019-03-31","codigo_territorio":"49","nombre_territorio":"Zamora","longitud":-5.979,"latitud":41.727,"total":4005,"indefinido":397,"temporal":3608,"provincia":"ZA"}},{"type":"Feature","geometry":{"type":"Point","coordinates":[-4.946,40.571]},"properties":{"fecha":"2019-03-31","codigo_territorio":"05","nombre_territorio":"\u00c1vila","longitud":-4.946,"latitud":40.571,"total":4225,"indefinido":316,"temporal":3909,"provincia":"AV"}},{"type":"Feature","geometry":{"type":"Point","coordinates":[-4.535,42.37]},"properties":{"fecha":"2019-03-31","codigo_territorio":"34","nombre_territorio":"Palencia","longitud":-4.535,"latitud":42.37,"total":6642,"indefinido":390,"temporal":6252,"provincia":"PA"}},{"type":"Feature","geometry":{"type":"Point","coordinates":[-6.066,40.805]},"properties":{"fecha":"2019-03-31","codigo_territorio":"37","nombre_territorio":"Salamanca","longitud":-6.066,"latitud":40.805,"total":8270,"indefinido":903,"temporal":7367,"provincia":"SA"}},{"type":"Feature","geometry":{"type":"Point","coordinates":[-4.055,41.171]},"properties":{"fecha":"2019-03-31","codigo_territorio":"40","nombre_territorio":"Segovia","longitud":-4.055,"latitud":41.171,"total":5856,"indefinido":438,"temporal":5418,"provincia":"SE"}},{"type":"Feature","geometry":{"type":"Point","coordinates":[-4.397,41.835]},"properties":{"fecha":"2019-03-31","codigo_territorio":"07","nombre_territorio":"Castilla Le\u00f3n","longitud":-4.397,"latitud":41.835,"total":68145,"indefinido":6425,"temporal":61720,"provincia":"CYL"}},{"type":"Feature","geometry":{"type":"Point","coordinates":[-4.946,40.571]},"properties":{"fecha":"2019-02-28","codigo_territorio":"05","nombre_territorio":"\u00c1vila","longitud":-4.946,"latitud":40.571,"total":3354,"indefinido":311,"temporal":3043,"provincia":"AV"}},{"type":"Feature","geometry":{"type":"Point","coordinates":[-6.066,40.805]},"properties":{"fecha":"2019-02-28","codigo_territorio":"37","nombre_territorio":"Salamanca","longitud":-6.066,"latitud":40.805,"total":7672,"indefinido":893,"temporal":6779,"provincia":"SA"}},{"type":"Feature","geometry":{"type":"Point","coordinates":[-2.589,41.621]},"properties":{"fecha":"2019-02-28","codigo_territorio":"42","nombre_territorio":"Soria","longitud":-2.589,"latitud":41.621,"total":2200,"indefinido":252,"temporal":1948,"provincia":"SO"}},{"type":"Feature","geometry":{"type":"Point","coordinates":[-4.535,42.37]},"properties":{"fecha":"2019-02-28","codigo_territorio":"34","nombre_territorio":"Palencia","longitud":-4.535,"latitud":42.37,"total":5957,"indefinido":403,"temporal":5554,"provincia":"PA"}},{"type":"Feature","geometry":{"type":"Point","coordinates":[-3.586,42.367]},"properties":{"fecha":"2019-02-28","codigo_territorio":"09","nombre_territorio":"Burgos","longitud":-3.586,"latitud":42.367,"total":8910,"indefinido":885,"temporal":8025,"provincia":"BU"}},{"type":"Feature","geometry":{"type":"Point","coordinates":[-5.841,42.62]},"properties":{"fecha":"2019-02-28","codigo_territorio":"24","nombre_territorio":"Le\u00f3n","longitud":-5.841,"latitud":42.62,"total":8724,"indefinido":1155,"temporal":7569,"provincia":"LE"}},{"type":"Feature","geometry":{"type":"Point","coordinates":[-4.055,41.171]},"properties":{"fecha":"2019-02-28","codigo_territorio":"40","nombre_territorio":"Segovia","longitud":-4.055,"latitud":41.171,"total":4817,"indefinido":437,"temporal":4380,"provincia":"SE"}},{"type":"Feature","geometry":{"type":"Point","coordinates":[-4.847,41.634]},"properties":{"fecha":"2019-02-28","codigo_territorio":"47","nombre_territorio":"Valladolid","longitud":-4.847,"latitud":41.634,"total":15906,"indefinido":1658,"temporal":14248,"provincia":"VA"}},{"type":"Feature","geometry":{"type":"Point","coordinates":[-5.979,41.727]},"properties":{"fecha":"2019-02-28","codigo_territorio":"49","nombre_territorio":"Zamora","longitud":-5.979,"latitud":41.727,"total":3677,"indefinido":356,"temporal":3321,"provincia":"ZA"}},{"type":"Feature","geometry":{"type":"Point","coordinates":[-4.397,41.835]},"properties":{"fecha":"2019-02-28","codigo_territorio":"07","nombre_territorio":"Castilla Le\u00f3n","longitud":-4.397,"latitud":41.835,"total":61217,"indefinido":6350,"temporal":54867,"provincia":"CYL"}},{"type":"Feature","geometry":{"type":"Point","coordinates":[-4.946,40.571]},"properties":{"fecha":"2019-01-31","codigo_territorio":"05","nombre_territorio":"\u00c1vila","longitud":-4.946,"latitud":40.571,"total":3687,"indefinido":384,"temporal":3303,"provincia":"AV"}},{"type":"Feature","geometry":{"type":"Point","coordinates":[-3.586,42.367]},"properties":{"fecha":"2019-01-31","codigo_territorio":"09","nombre_territorio":"Burgos","longitud":-3.586,"latitud":42.367,"total":10850,"indefinido":1125,"temporal":9725,"provincia":"BU"}},{"type":"Feature","geometry":{"type":"Point","coordinates":[-5.841,42.62]},"properties":{"fecha":"2019-01-31","codigo_territorio":"24","nombre_territorio":"Le\u00f3n","longitud":-5.841,"latitud":42.62,"total":9650,"indefinido":1174,"temporal":8476,"provincia":"LE"}},{"type":"Feature","geometry":{"type":"Point","coordinates":[-4.535,42.37]},"properties":{"fecha":"2019-01-31","codigo_territorio":"34","nombre_territorio":"Palencia","longitud":-4.535,"latitud":42.37,"total":6784,"indefinido":446,"temporal":6338,"provincia":"PA"}},{"type":"Feature","geometry":{"type":"Point","coordinates":[-4.055,41.171]},"properties":{"fecha":"2019-01-31","codigo_territorio":"40","nombre_territorio":"Segovia","longitud":-4.055,"latitud":41.171,"total":5619,"indefinido":472,"temporal":5147,"provincia":"SE"}},{"type":"Feature","geometry":{"type":"Point","coordinates":[-2.589,41.621]},"properties":{"fecha":"2019-01-31","codigo_territorio":"42","nombre_territorio":"Soria","longitud":-2.589,"latitud":41.621,"total":2629,"indefinido":295,"temporal":2334,"provincia":"SO"}},{"type":"Feature","geometry":{"type":"Point","coordinates":[-6.066,40.805]},"properties":{"fecha":"2019-01-31","codigo_territorio":"37","nombre_territorio":"Salamanca","longitud":-6.066,"latitud":40.805,"total":8607,"indefinido":935,"temporal":7672,"provincia":"SA"}},{"type":"Feature","geometry":{"type":"Point","coordinates":[-4.847,41.634]},"properties":{"fecha":"2019-01-31","codigo_territorio":"47","nombre_territorio":"Valladolid","longitud":-4.847,"latitud":41.634,"total":18310,"indefinido":1770,"temporal":16540,"provincia":"VA"}},{"type":"Feature","geometry":{"type":"Point","coordinates":[-5.979,41.727]},"properties":{"fecha":"2019-01-31","codigo_territorio":"49","nombre_territorio":"Zamora","longitud":-5.979,"latitud":41.727,"total":3892,"indefinido":345,"temporal":3547,"provincia":"ZA"}},{"type":"Feature","geometry":{"type":"Point","coordinates":[-4.397,41.835]},"properties":{"fecha":"2019-01-31","codigo_territorio":"07","nombre_territorio":"Castilla Le\u00f3n","longitud":-4.397,"latitud":41.835,"total":70028,"indefinido":6946,"temporal":63082,"provincia":"CYL"}},{"type":"Feature","geometry":{"type":"Point","coordinates":[-5.841,42.62]},"properties":{"fecha":"2018-12-31","codigo_territorio":"24","nombre_territorio":"Le\u00f3n","longitud":-5.841,"latitud":42.62,"total":9421,"indefinido":1143,"temporal":8278,"provincia":"LE"}},{"type":"Feature","geometry":{"type":"Point","coordinates":[-4.055,41.171]},"properties":{"fecha":"2018-12-31","codigo_territorio":"40","nombre_territorio":"Segovia","longitud":-4.055,"latitud":41.171,"total":5164,"indefinido":359,"temporal":4805,"provincia":"SE"}},{"type":"Feature","geometry":{"type":"Point","coordinates":[-4.847,41.634]},"properties":{"fecha":"2018-12-31","codigo_territorio":"47","nombre_territorio":"Valladolid","longitud":-4.847,"latitud":41.634,"total":16587,"indefinido":1691,"temporal":14896,"provincia":"VA"}},{"type":"Feature","geometry":{"type":"Point","coordinates":[-4.946,40.571]},"properties":{"fecha":"2018-12-31","codigo_territorio":"05","nombre_territorio":"\u00c1vila","longitud":-4.946,"latitud":40.571,"total":3943,"indefinido":280,"temporal":3663,"provincia":"AV"}},{"type":"Feature","geometry":{"type":"Point","coordinates":[-4.535,42.37]},"properties":{"fecha":"2018-12-31","codigo_territorio":"34","nombre_territorio":"Palencia","longitud":-4.535,"latitud":42.37,"total":5442,"indefinido":310,"temporal":5132,"provincia":"PA"}},{"type":"Feature","geometry":{"type":"Point","coordinates":[-5.979,41.727]},"properties":{"fecha":"2018-12-31","codigo_territorio":"49","nombre_territorio":"Zamora","longitud":-5.979,"latitud":41.727,"total":3721,"indefinido":280,"temporal":3441,"provincia":"ZA"}},{"type":"Feature","geometry":{"type":"Point","coordinates":[-4.397,41.835]},"properties":{"fecha":"2018-12-31","codigo_territorio":"07","nombre_territorio":"Castilla Le\u00f3n","longitud":-4.397,"latitud":41.835,"total":64812,"indefinido":5996,"temporal":58816,"provincia":"CYL"}},{"type":"Feature","geometry":{"type":"Point","coordinates":[-3.586,42.367]},"properties":{"fecha":"2018-12-31","codigo_territorio":"09","nombre_territorio":"Burgos","longitud":-3.586,"latitud":42.367,"total":9828,"indefinido":903,"temporal":8925,"provincia":"BU"}},{"type":"Feature","geometry":{"type":"Point","coordinates":[-6.066,40.805]},"properties":{"fecha":"2018-12-31","codigo_territorio":"37","nombre_territorio":"Salamanca","longitud":-6.066,"latitud":40.805,"total":8457,"indefinido":766,"temporal":7691,"provincia":"SA"}},{"type":"Feature","geometry":{"type":"Point","coordinates":[-2.589,41.621]},"properties":{"fecha":"2018-12-31","codigo_territorio":"42","nombre_territorio":"Soria","longitud":-2.589,"latitud":41.621,"total":2249,"indefinido":264,"temporal":1985,"provincia":"SO"}},{"type":"Feature","geometry":{"type":"Point","coordinates":[-4.946,40.571]},"properties":{"fecha":"2018-11-30","codigo_territorio":"05","nombre_territorio":"\u00c1vila","longitud":-4.946,"latitud":40.571,"total":4374,"indefinido":336,"temporal":4038,"provincia":"AV"}},{"type":"Feature","geometry":{"type":"Point","coordinates":[-5.841,42.62]},"properties":{"fecha":"2018-11-30","codigo_territorio":"24","nombre_territorio":"Le\u00f3n","longitud":-5.841,"latitud":42.62,"total":10871,"indefinido":1391,"temporal":9480,"provincia":"LE"}},{"type":"Feature","geometry":{"type":"Point","coordinates":[-6.066,40.805]},"properties":{"fecha":"2018-11-30","codigo_territorio":"37","nombre_territorio":"Salamanca","longitud":-6.066,"latitud":40.805,"total":9376,"indefinido":969,"temporal":8407,"provincia":"SA"}},{"type":"Feature","geometry":{"type":"Point","coordinates":[-4.847,41.634]},"properties":{"fecha":"2018-11-30","codigo_territorio":"47","nombre_territorio":"Valladolid","longitud":-4.847,"latitud":41.634,"total":19377,"indefinido":1858,"temporal":17519,"provincia":"VA"}},{"type":"Feature","geometry":{"type":"Point","coordinates":[-5.979,41.727]},"properties":{"fecha":"2018-11-30","codigo_territorio":"49","nombre_territorio":"Zamora","longitud":-5.979,"latitud":41.727,"total":3943,"indefinido":344,"temporal":3599,"provincia":"ZA"}},{"type":"Feature","geometry":{"type":"Point","coordinates":[-4.397,41.835]},"properties":{"fecha":"2018-11-30","codigo_territorio":"07","nombre_territorio":"Castilla Le\u00f3n","longitud":-4.397,"latitud":41.835,"total":74655,"indefinido":7288,"temporal":67367,"provincia":"CYL"}},{"type":"Feature","geometry":{"type":"Point","coordinates":[-3.586,42.367]},"properties":{"fecha":"2018-11-30","codigo_territorio":"09","nombre_territorio":"Burgos","longitud":-3.586,"latitud":42.367,"total":10567,"indefinido":1063,"temporal":9504,"provincia":"BU"}},{"type":"Feature","geometry":{"type":"Point","coordinates":[-4.535,42.37]},"properties":{"fecha":"2018-11-30","codigo_territorio":"34","nombre_territorio":"Palencia","longitud":-4.535,"latitud":42.37,"total":7226,"indefinido":473,"temporal":6753,"provincia":"PA"}},{"type":"Feature","geometry":{"type":"Point","coordinates":[-4.055,41.171]},"properties":{"fecha":"2018-11-30","codigo_territorio":"40","nombre_territorio":"Segovia","longitud":-4.055,"latitud":41.171,"total":6271,"indefinido":551,"temporal":5720,"provincia":"SE"}},{"type":"Feature","geometry":{"type":"Point","coordinates":[-2.589,41.621]},"properties":{"fecha":"2018-11-30","codigo_territorio":"42","nombre_territorio":"Soria","longitud":-2.589,"latitud":41.621,"total":2650,"indefinido":303,"temporal":2347,"provincia":"SO"}},{"type":"Feature","geometry":{"type":"Point","coordinates":[-4.055,41.171]},"properties":{"fecha":"2018-10-31","codigo_territorio":"40","nombre_territorio":"Segovia","longitud":-4.055,"latitud":41.171,"total":9281,"indefinido":1036,"temporal":8245,"provincia":"SE"}},{"type":"Feature","geometry":{"type":"Point","coordinates":[-5.979,41.727]},"properties":{"fecha":"2018-10-31","codigo_territorio":"49","nombre_territorio":"Zamora","longitud":-5.979,"latitud":41.727,"total":6279,"indefinido":418,"temporal":5861,"provincia":"ZA"}},{"type":"Feature","geometry":{"type":"Point","coordinates":[-4.946,40.571]},"properties":{"fecha":"2018-10-31","codigo_territorio":"05","nombre_territorio":"\u00c1vila","longitud":-4.946,"latitud":40.571,"total":7170,"indefinido":529,"temporal":6641,"provincia":"AV"}},{"type":"Feature","geometry":{"type":"Point","coordinates":[-3.586,42.367]},"properties":{"fecha":"2018-10-31","codigo_territorio":"09","nombre_territorio":"Burgos","longitud":-3.586,"latitud":42.367,"total":17237,"indefinido":1553,"temporal":15684,"provincia":"BU"}},{"type":"Feature","geometry":{"type":"Point","coordinates":[-2.589,41.621]},"properties":{"fecha":"2018-10-31","codigo_territorio":"42","nombre_territorio":"Soria","longitud":-2.589,"latitud":41.621,"total":3838,"indefinido":352,"temporal":3486,"provincia":"SO"}},{"type":"Feature","geometry":{"type":"Point","coordinates":[-4.397,41.835]},"properties":{"fecha":"2018-10-31","codigo_territorio":"07","nombre_territorio":"Castilla Le\u00f3n","longitud":-4.397,"latitud":41.835,"total":104454,"indefinido":9799,"temporal":94655,"provincia":"CYL"}},{"type":"Feature","geometry":{"type":"Point","coordinates":[-5.841,42.62]},"properties":{"fecha":"2018-10-31","codigo_territorio":"24","nombre_territorio":"Le\u00f3n","longitud":-5.841,"latitud":42.62,"total":13957,"indefinido":1539,"temporal":12418,"provincia":"LE"}},{"type":"Feature","geometry":{"type":"Point","coordinates":[-4.535,42.37]},"properties":{"fecha":"2018-10-31","codigo_territorio":"34","nombre_territorio":"Palencia","longitud":-4.535,"latitud":42.37,"total":8566,"indefinido":518,"temporal":8048,"provincia":"PA"}},{"type":"Feature","geometry":{"type":"Point","coordinates":[-6.066,40.805]},"properties":{"fecha":"2018-10-31","codigo_territorio":"37","nombre_territorio":"Salamanca","longitud":-6.066,"latitud":40.805,"total":12745,"indefinido":1250,"temporal":11495,"provincia":"SA"}},{"type":"Feature","geometry":{"type":"Point","coordinates":[-4.847,41.634]},"properties":{"fecha":"2018-10-31","codigo_territorio":"47","nombre_territorio":"Valladolid","longitud":-4.847,"latitud":41.634,"total":25381,"indefinido":2604,"temporal":22777,"provincia":"VA"}},{"type":"Feature","geometry":{"type":"Point","coordinates":[-5.841,42.62]},"properties":{"fecha":"2018-09-30","codigo_territorio":"24","nombre_territorio":"Le\u00f3n","longitud":-5.841,"latitud":42.62,"total":14197,"indefinido":1368,"temporal":12829,"provincia":"LE"}},{"type":"Feature","geometry":{"type":"Point","coordinates":[-6.066,40.805]},"properties":{"fecha":"2018-09-30","codigo_territorio":"37","nombre_territorio":"Salamanca","longitud":-6.066,"latitud":40.805,"total":11576,"indefinido":1171,"temporal":10405,"provincia":"SA"}},{"type":"Feature","geometry":{"type":"Point","coordinates":[-5.979,41.727]},"properties":{"fecha":"2018-09-30","codigo_territorio":"49","nombre_territorio":"Zamora","longitud":-5.979,"latitud":41.727,"total":5427,"indefinido":383,"temporal":5044,"provincia":"ZA"}},{"type":"Feature","geometry":{"type":"Point","coordinates":[-4.946,40.571]},"properties":{"fecha":"2018-09-30","codigo_territorio":"05","nombre_territorio":"\u00c1vila","longitud":-4.946,"latitud":40.571,"total":5651,"indefinido":489,"temporal":5162,"provincia":"AV"}},{"type":"Feature","geometry":{"type":"Point","coordinates":[-3.586,42.367]},"properties":{"fecha":"2018-09-30","codigo_territorio":"09","nombre_territorio":"Burgos","longitud":-3.586,"latitud":42.367,"total":12622,"indefinido":1469,"temporal":11153,"provincia":"BU"}},{"type":"Feature","geometry":{"type":"Point","coordinates":[-4.055,41.171]},"properties":{"fecha":"2018-09-30","codigo_territorio":"40","nombre_territorio":"Segovia","longitud":-4.055,"latitud":41.171,"total":6939,"indefinido":699,"temporal":6240,"provincia":"SE"}},{"type":"Feature","geometry":{"type":"Point","coordinates":[-4.847,41.634]},"properties":{"fecha":"2018-09-30","codigo_territorio":"47","nombre_territorio":"Valladolid","longitud":-4.847,"latitud":41.634,"total":21430,"indefinido":2533,"temporal":18897,"provincia":"VA"}},{"type":"Feature","geometry":{"type":"Point","coordinates":[-4.397,41.835]},"properties":{"fecha":"2018-09-30","codigo_territorio":"07","nombre_territorio":"Castilla Le\u00f3n","longitud":-4.397,"latitud":41.835,"total":88711,"indefinido":8953,"temporal":79758,"provincia":"CYL"}},{"type":"Feature","geometry":{"type":"Point","coordinates":[-4.535,42.37]},"properties":{"fecha":"2018-09-30","codigo_territorio":"34","nombre_territorio":"Palencia","longitud":-4.535,"latitud":42.37,"total":7660,"indefinido":493,"temporal":7167,"provincia":"PA"}},{"type":"Feature","geometry":{"type":"Point","coordinates":[-2.589,41.621]},"properties":{"fecha":"2018-09-30","codigo_territorio":"42","nombre_territorio":"Soria","longitud":-2.589,"latitud":41.621,"total":3209,"indefinido":348,"temporal":2861,"provincia":"SO"}},{"type":"Feature","geometry":{"type":"Point","coordinates":[-4.946,40.571]},"properties":{"fecha":"2018-08-31","codigo_territorio":"05","nombre_territorio":"\u00c1vila","longitud":-4.946,"latitud":40.571,"total":5024,"indefinido":278,"temporal":4746,"provincia":"AV"}},{"type":"Feature","geometry":{"type":"Point","coordinates":[-4.535,42.37]},"properties":{"fecha":"2018-08-31","codigo_territorio":"34","nombre_territorio":"Palencia","longitud":-4.535,"latitud":42.37,"total":7645,"indefinido":408,"temporal":7237,"provincia":"PA"}},{"type":"Feature","geometry":{"type":"Point","coordinates":[-6.066,40.805]},"properties":{"fecha":"2018-08-31","codigo_territorio":"37","nombre_territorio":"Salamanca","longitud":-6.066,"latitud":40.805,"total":10971,"indefinido":809,"temporal":10162,"provincia":"SA"}},{"type":"Feature","geometry":{"type":"Point","coordinates":[-2.589,41.621]},"properties":{"fecha":"2018-08-31","codigo_territorio":"42","nombre_territorio":"Soria","longitud":-2.589,"latitud":41.621,"total":3123,"indefinido":274,"temporal":2849,"provincia":"SO"}},{"type":"Feature","geometry":{"type":"Point","coordinates":[-5.841,42.62]},"properties":{"fecha":"2018-08-31","codigo_territorio":"24","nombre_territorio":"Le\u00f3n","longitud":-5.841,"latitud":42.62,"total":12029,"indefinido":1164,"temporal":10865,"provincia":"LE"}},{"type":"Feature","geometry":{"type":"Point","coordinates":[-4.055,41.171]},"properties":{"fecha":"2018-08-31","codigo_territorio":"40","nombre_territorio":"Segovia","longitud":-4.055,"latitud":41.171,"total":6387,"indefinido":389,"temporal":5998,"provincia":"SE"}},{"type":"Feature","geometry":{"type":"Point","coordinates":[-4.847,41.634]},"properties":{"fecha":"2018-08-31","codigo_territorio":"47","nombre_territorio":"Valladolid","longitud":-4.847,"latitud":41.634,"total":19012,"indefinido":1735,"temporal":17277,"provincia":"VA"}},{"type":"Feature","geometry":{"type":"Point","coordinates":[-4.397,41.835]},"properties":{"fecha":"2018-08-31","codigo_territorio":"07","nombre_territorio":"Castilla Le\u00f3n","longitud":-4.397,"latitud":41.835,"total":81577,"indefinido":6362,"temporal":75215,"provincia":"CYL"}},{"type":"Feature","geometry":{"type":"Point","coordinates":[-3.586,42.367]},"properties":{"fecha":"2018-08-31","codigo_territorio":"09","nombre_territorio":"Burgos","longitud":-3.586,"latitud":42.367,"total":11552,"indefinido":953,"temporal":10599,"provincia":"BU"}},{"type":"Feature","geometry":{"type":"Point","coordinates":[-5.979,41.727]},"properties":{"fecha":"2018-08-31","codigo_territorio":"49","nombre_territorio":"Zamora","longitud":-5.979,"latitud":41.727,"total":5834,"indefinido":352,"temporal":5482,"provincia":"ZA"}},{"type":"Feature","geometry":{"type":"Point","coordinates":[-4.946,40.571]},"properties":{"fecha":"2018-07-31","codigo_territorio":"05","nombre_territorio":"\u00c1vila","longitud":-4.946,"latitud":40.571,"total":7307,"indefinido":354,"temporal":6953,"provincia":"AV"}},{"type":"Feature","geometry":{"type":"Point","coordinates":[-3.586,42.367]},"properties":{"fecha":"2018-07-31","codigo_territorio":"09","nombre_territorio":"Burgos","longitud":-3.586,"latitud":42.367,"total":14779,"indefinido":1244,"temporal":13535,"provincia":"BU"}},{"type":"Feature","geometry":{"type":"Point","coordinates":[-5.841,42.62]},"properties":{"fecha":"2018-07-31","codigo_territorio":"24","nombre_territorio":"Le\u00f3n","longitud":-5.841,"latitud":42.62,"total":15356,"indefinido":1187,"temporal":14169,"provincia":"LE"}},{"type":"Feature","geometry":{"type":"Point","coordinates":[-4.535,42.37]},"properties":{"fecha":"2018-07-31","codigo_territorio":"34","nombre_territorio":"Palencia","longitud":-4.535,"latitud":42.37,"total":9991,"indefinido":500,"temporal":9491,"provincia":"PA"}},{"type":"Feature","geometry":{"type":"Point","coordinates":[-2.589,41.621]},"properties":{"fecha":"2018-07-31","codigo_territorio":"42","nombre_territorio":"Soria","longitud":-2.589,"latitud":41.621,"total":4344,"indefinido":382,"temporal":3962,"provincia":"SO"}},{"type":"Feature","geometry":{"type":"Point","coordinates":[-5.979,41.727]},"properties":{"fecha":"2018-07-31","codigo_territorio":"49","nombre_territorio":"Zamora","longitud":-5.979,"latitud":41.727,"total":6678,"indefinido":259,"temporal":6419,"provincia":"ZA"}},{"type":"Feature","geometry":{"type":"Point","coordinates":[-6.066,40.805]},"properties":{"fecha":"2018-07-31","codigo_territorio":"37","nombre_territorio":"Salamanca","longitud":-6.066,"latitud":40.805,"total":13053,"indefinido":811,"temporal":12242,"provincia":"SA"}},{"type":"Feature","geometry":{"type":"Point","coordinates":[-4.055,41.171]},"properties":{"fecha":"2018-07-31","codigo_territorio":"40","nombre_territorio":"Segovia","longitud":-4.055,"latitud":41.171,"total":8493,"indefinido":713,"temporal":7780,"provincia":"SE"}},{"type":"Feature","geometry":{"type":"Point","coordinates":[-4.847,41.634]},"properties":{"fecha":"2018-07-31","codigo_territorio":"47","nombre_territorio":"Valladolid","longitud":-4.847,"latitud":41.634,"total":22468,"indefinido":1846,"temporal":20622,"provincia":"VA"}},{"type":"Feature","geometry":{"type":"Point","coordinates":[-4.397,41.835]},"properties":{"fecha":"2018-07-31","codigo_territorio":"07","nombre_territorio":"Castilla Le\u00f3n","longitud":-4.397,"latitud":41.835,"total":102469,"indefinido":7296,"temporal":95173,"provincia":"CYL"}},{"type":"Feature","geometry":{"type":"Point","coordinates":[-3.586,42.367]},"properties":{"fecha":"2018-06-30","codigo_territorio":"09","nombre_territorio":"Burgos","longitud":-3.586,"latitud":42.367,"total":13533,"indefinido":1190,"temporal":12343,"provincia":"BU"}},{"type":"Feature","geometry":{"type":"Point","coordinates":[-5.841,42.62]},"properties":{"fecha":"2018-06-30","codigo_territorio":"24","nombre_territorio":"Le\u00f3n","longitud":-5.841,"latitud":42.62,"total":13352,"indefinido":1149,"temporal":12203,"provincia":"LE"}},{"type":"Feature","geometry":{"type":"Point","coordinates":[-4.535,42.37]},"properties":{"fecha":"2018-06-30","codigo_territorio":"34","nombre_territorio":"Palencia","longitud":-4.535,"latitud":42.37,"total":8159,"indefinido":413,"temporal":7746,"provincia":"PA"}},{"type":"Feature","geometry":{"type":"Point","coordinates":[-4.055,41.171]},"properties":{"fecha":"2018-06-30","codigo_territorio":"40","nombre_territorio":"Segovia","longitud":-4.055,"latitud":41.171,"total":7539,"indefinido":513,"temporal":7026,"provincia":"SE"}},{"type":"Feature","geometry":{"type":"Point","coordinates":[-2.589,41.621]},"properties":{"fecha":"2018-06-30","codigo_territorio":"42","nombre_territorio":"Soria","longitud":-2.589,"latitud":41.621,"total":3677,"indefinido":360,"temporal":3317,"provincia":"SO"}},{"type":"Feature","geometry":{"type":"Point","coordinates":[-4.397,41.835]},"properties":{"fecha":"2018-06-30","codigo_territorio":"07","nombre_territorio":"Castilla Le\u00f3n","longitud":-4.397,"latitud":41.835,"total":92894,"indefinido":7350,"temporal":85544,"provincia":"CYL"}},{"type":"Feature","geometry":{"type":"Point","coordinates":[-4.946,40.571]},"properties":{"fecha":"2018-06-30","codigo_territorio":"05","nombre_territorio":"\u00c1vila","longitud":-4.946,"latitud":40.571,"total":6008,"indefinido":420,"temporal":5588,"provincia":"AV"}},{"type":"Feature","geometry":{"type":"Point","coordinates":[-6.066,40.805]},"properties":{"fecha":"2018-06-30","codigo_territorio":"37","nombre_territorio":"Salamanca","longitud":-6.066,"latitud":40.805,"total":12184,"indefinido":923,"temporal":11261,"provincia":"SA"}},{"type":"Feature","geometry":{"type":"Point","coordinates":[-4.847,41.634]},"properties":{"fecha":"2018-06-30","codigo_territorio":"47","nombre_territorio":"Valladolid","longitud":-4.847,"latitud":41.634,"total":22645,"indefinido":2067,"temporal":20578,"provincia":"VA"}},{"type":"Feature","geometry":{"type":"Point","coordinates":[-5.979,41.727]},"properties":{"fecha":"2018-06-30","codigo_territorio":"49","nombre_territorio":"Zamora","longitud":-5.979,"latitud":41.727,"total":5797,"indefinido":315,"temporal":5482,"provincia":"ZA"}},{"type":"Feature","geometry":{"type":"Point","coordinates":[-4.946,40.571]},"properties":{"fecha":"2018-05-31","codigo_territorio":"05","nombre_territorio":"\u00c1vila","longitud":-4.946,"latitud":40.571,"total":5302,"indefinido":441,"temporal":4861,"provincia":"AV"}},{"type":"Feature","geometry":{"type":"Point","coordinates":[-3.586,42.367]},"properties":{"fecha":"2018-05-31","codigo_territorio":"09","nombre_territorio":"Burgos","longitud":-3.586,"latitud":42.367,"total":12961,"indefinido":1283,"temporal":11678,"provincia":"BU"}},{"type":"Feature","geometry":{"type":"Point","coordinates":[-5.841,42.62]},"properties":{"fecha":"2018-05-31","codigo_territorio":"24","nombre_territorio":"Le\u00f3n","longitud":-5.841,"latitud":42.62,"total":13290,"indefinido":1254,"temporal":12036,"provincia":"LE"}},{"type":"Feature","geometry":{"type":"Point","coordinates":[-4.055,41.171]},"properties":{"fecha":"2018-05-31","codigo_territorio":"40","nombre_territorio":"Segovia","longitud":-4.055,"latitud":41.171,"total":7054,"indefinido":465,"temporal":6589,"provincia":"SE"}},{"type":"Feature","geometry":{"type":"Point","coordinates":[-6.066,40.805]},"properties":{"fecha":"2018-05-31","codigo_territorio":"37","nombre_territorio":"Salamanca","longitud":-6.066,"latitud":40.805,"total":11452,"indefinido":1008,"temporal":10444,"provincia":"SA"}},{"type":"Feature","geometry":{"type":"Point","coordinates":[-4.847,41.634]},"properties":{"fecha":"2018-05-31","codigo_territorio":"47","nombre_territorio":"Valladolid","longitud":-4.847,"latitud":41.634,"total":22503,"indefinido":2111,"temporal":20392,"provincia":"VA"}},{"type":"Feature","geometry":{"type":"Point","coordinates":[-4.535,42.37]},"properties":{"fecha":"2018-05-31","codigo_territorio":"34","nombre_territorio":"Palencia","longitud":-4.535,"latitud":42.37,"total":8255,"indefinido":468,"temporal":7787,"provincia":"PA"}},{"type":"Feature","geometry":{"type":"Point","coordinates":[-2.589,41.621]},"properties":{"fecha":"2018-05-31","codigo_territorio":"42","nombre_territorio":"Soria","longitud":-2.589,"latitud":41.621,"total":3225,"indefinido":344,"temporal":2881,"provincia":"SO"}},{"type":"Feature","geometry":{"type":"Point","coordinates":[-5.979,41.727]},"properties":{"fecha":"2018-05-31","codigo_territorio":"49","nombre_territorio":"Zamora","longitud":-5.979,"latitud":41.727,"total":5386,"indefinido":315,"temporal":5071,"provincia":"ZA"}},{"type":"Feature","geometry":{"type":"Point","coordinates":[-4.397,41.835]},"properties":{"fecha":"2018-05-31","codigo_territorio":"07","nombre_territorio":"Castilla Le\u00f3n","longitud":-4.397,"latitud":41.835,"total":89428,"indefinido":7689,"temporal":81739,"provincia":"CYL"}},{"type":"Feature","geometry":{"type":"Point","coordinates":[-3.586,42.367]},"properties":{"fecha":"2018-04-30","codigo_territorio":"09","nombre_territorio":"Burgos","longitud":-3.586,"latitud":42.367,"total":10940,"indefinido":1309,"temporal":9631,"provincia":"BU"}},{"type":"Feature","geometry":{"type":"Point","coordinates":[-4.847,41.634]},"properties":{"fecha":"2018-04-30","codigo_territorio":"47","nombre_territorio":"Valladolid","longitud":-4.847,"latitud":41.634,"total":17397,"indefinido":1885,"temporal":15512,"provincia":"VA"}},{"type":"Feature","geometry":{"type":"Point","coordinates":[-5.841,42.62]},"properties":{"fecha":"2018-04-30","codigo_territorio":"24","nombre_territorio":"Le\u00f3n","longitud":-5.841,"latitud":42.62,"total":11273,"indefinido":1226,"temporal":10047,"provincia":"LE"}},{"type":"Feature","geometry":{"type":"Point","coordinates":[-6.066,40.805]},"properties":{"fecha":"2018-04-30","codigo_territorio":"37","nombre_territorio":"Salamanca","longitud":-6.066,"latitud":40.805,"total":9099,"indefinido":804,"temporal":8295,"provincia":"SA"}},{"type":"Feature","geometry":{"type":"Point","coordinates":[-4.055,41.171]},"properties":{"fecha":"2018-04-30","codigo_territorio":"40","nombre_territorio":"Segovia","longitud":-4.055,"latitud":41.171,"total":6087,"indefinido":502,"temporal":5585,"provincia":"SE"}},{"type":"Feature","geometry":{"type":"Point","coordinates":[-4.397,41.835]},"properties":{"fecha":"2018-04-30","codigo_territorio":"07","nombre_territorio":"Castilla Le\u00f3n","longitud":-4.397,"latitud":41.835,"total":73159,"indefinido":7252,"temporal":65907,"provincia":"CYL"}},{"type":"Feature","geometry":{"type":"Point","coordinates":[-4.946,40.571]},"properties":{"fecha":"2018-04-30","codigo_territorio":"05","nombre_territorio":"\u00c1vila","longitud":-4.946,"latitud":40.571,"total":4253,"indefinido":402,"temporal":3851,"provincia":"AV"}},{"type":"Feature","geometry":{"type":"Point","coordinates":[-4.535,42.37]},"properties":{"fecha":"2018-04-30","codigo_territorio":"34","nombre_territorio":"Palencia","longitud":-4.535,"latitud":42.37,"total":6892,"indefinido":459,"temporal":6433,"provincia":"PA"}},{"type":"Feature","geometry":{"type":"Point","coordinates":[-2.589,41.621]},"properties":{"fecha":"2018-04-30","codigo_territorio":"42","nombre_territorio":"Soria","longitud":-2.589,"latitud":41.621,"total":2872,"indefinido":345,"temporal":2527,"provincia":"SO"}},{"type":"Feature","geometry":{"type":"Point","coordinates":[-5.979,41.727]},"properties":{"fecha":"2018-04-30","codigo_territorio":"49","nombre_territorio":"Zamora","longitud":-5.979,"latitud":41.727,"total":4346,"indefinido":320,"temporal":4026,"provincia":"ZA"}},{"type":"Feature","geometry":{"type":"Point","coordinates":[-3.586,42.367]},"properties":{"fecha":"2018-03-31","codigo_territorio":"09","nombre_territorio":"Burgos","longitud":-3.586,"latitud":42.367,"total":10529,"indefinido":1119,"temporal":9410,"provincia":"BU"}},{"type":"Feature","geometry":{"type":"Point","coordinates":[-4.535,42.37]},"properties":{"fecha":"2018-03-31","codigo_territorio":"34","nombre_territorio":"Palencia","longitud":-4.535,"latitud":42.37,"total":6904,"indefinido":493,"temporal":6411,"provincia":"PA"}},{"type":"Feature","geometry":{"type":"Point","coordinates":[-5.979,41.727]},"properties":{"fecha":"2018-03-31","codigo_territorio":"49","nombre_territorio":"Zamora","longitud":-5.979,"latitud":41.727,"total":4207,"indefinido":389,"temporal":3818,"provincia":"ZA"}},{"type":"Feature","geometry":{"type":"Point","coordinates":[-4.055,41.171]},"properties":{"fecha":"2018-03-31","codigo_territorio":"40","nombre_territorio":"Segovia","longitud":-4.055,"latitud":41.171,"total":5394,"indefinido":473,"temporal":4921,"provincia":"SE"}},{"type":"Feature","geometry":{"type":"Point","coordinates":[-4.946,40.571]},"properties":{"fecha":"2018-03-31","codigo_territorio":"05","nombre_territorio":"\u00c1vila","longitud":-4.946,"latitud":40.571,"total":3804,"indefinido":415,"temporal":3389,"provincia":"AV"}},{"type":"Feature","geometry":{"type":"Point","coordinates":[-5.841,42.62]},"properties":{"fecha":"2018-03-31","codigo_territorio":"24","nombre_territorio":"Le\u00f3n","longitud":-5.841,"latitud":42.62,"total":10091,"indefinido":1331,"temporal":8760,"provincia":"LE"}},{"type":"Feature","geometry":{"type":"Point","coordinates":[-6.066,40.805]},"properties":{"fecha":"2018-03-31","codigo_territorio":"37","nombre_territorio":"Salamanca","longitud":-6.066,"latitud":40.805,"total":8035,"indefinido":914,"temporal":7121,"provincia":"SA"}},{"type":"Feature","geometry":{"type":"Point","coordinates":[-2.589,41.621]},"properties":{"fecha":"2018-03-31","codigo_territorio":"42","nombre_territorio":"Soria","longitud":-2.589,"latitud":41.621,"total":2768,"indefinido":344,"temporal":2424,"provincia":"SO"}},{"type":"Feature","geometry":{"type":"Point","coordinates":[-4.847,41.634]},"properties":{"fecha":"2018-03-31","codigo_territorio":"47","nombre_territorio":"Valladolid","longitud":-4.847,"latitud":41.634,"total":17780,"indefinido":1938,"temporal":15842,"provincia":"VA"}},{"type":"Feature","geometry":{"type":"Point","coordinates":[-4.397,41.835]},"properties":{"fecha":"2018-03-31","codigo_territorio":"07","nombre_territorio":"Castilla Le\u00f3n","longitud":-4.397,"latitud":41.835,"total":69512,"indefinido":7416,"temporal":62096,"provincia":"CYL"}},{"type":"Feature","geometry":{"type":"Point","coordinates":[-4.946,40.571]},"properties":{"fecha":"2018-02-28","codigo_territorio":"05","nombre_territorio":"\u00c1vila","longitud":-4.946,"latitud":40.571,"total":3488,"indefinido":305,"temporal":3183,"provincia":"AV"}},{"type":"Feature","geometry":{"type":"Point","coordinates":[-5.841,42.62]},"properties":{"fecha":"2018-02-28","codigo_territorio":"24","nombre_territorio":"Le\u00f3n","longitud":-5.841,"latitud":42.62,"total":9545,"indefinido":1120,"temporal":8425,"provincia":"LE"}},{"type":"Feature","geometry":{"type":"Point","coordinates":[-4.535,42.37]},"properties":{"fecha":"2018-02-28","codigo_territorio":"34","nombre_territorio":"Palencia","longitud":-4.535,"latitud":42.37,"total":5835,"indefinido":380,"temporal":5455,"provincia":"PA"}},{"type":"Feature","geometry":{"type":"Point","coordinates":[-6.066,40.805]},"properties":{"fecha":"2018-02-28","codigo_territorio":"37","nombre_territorio":"Salamanca","longitud":-6.066,"latitud":40.805,"total":8053,"indefinido":924,"temporal":7129,"provincia":"SA"}},{"type":"Feature","geometry":{"type":"Point","coordinates":[-5.979,41.727]},"properties":{"fecha":"2018-02-28","codigo_territorio":"49","nombre_territorio":"Zamora","longitud":-5.979,"latitud":41.727,"total":3525,"indefinido":306,"temporal":3219,"provincia":"ZA"}},{"type":"Feature","geometry":{"type":"Point","coordinates":[-3.586,42.367]},"properties":{"fecha":"2018-02-28","codigo_territorio":"09","nombre_territorio":"Burgos","longitud":-3.586,"latitud":42.367,"total":9593,"indefinido":1147,"temporal":8446,"provincia":"BU"}},{"type":"Feature","geometry":{"type":"Point","coordinates":[-4.397,41.835]},"properties":{"fecha":"2018-02-28","codigo_territorio":"07","nombre_territorio":"Castilla Le\u00f3n","longitud":-4.397,"latitud":41.835,"total":63128,"indefinido":6693,"temporal":56435,"provincia":"CYL"}},{"type":"Feature","geometry":{"type":"Point","coordinates":[-4.055,41.171]},"properties":{"fecha":"2018-02-28","codigo_territorio":"40","nombre_territorio":"Segovia","longitud":-4.055,"latitud":41.171,"total":4615,"indefinido":451,"temporal":4164,"provincia":"SE"}},{"type":"Feature","geometry":{"type":"Point","coordinates":[-2.589,41.621]},"properties":{"fecha":"2018-02-28","codigo_territorio":"42","nombre_territorio":"Soria","longitud":-2.589,"latitud":41.621,"total":2383,"indefinido":276,"temporal":2107,"provincia":"SO"}},{"type":"Feature","geometry":{"type":"Point","coordinates":[-4.847,41.634]},"properties":{"fecha":"2018-02-28","codigo_territorio":"47","nombre_territorio":"Valladolid","longitud":-4.847,"latitud":41.634,"total":16091,"indefinido":1784,"temporal":14307,"provincia":"VA"}},{"type":"Feature","geometry":{"type":"Point","coordinates":[-3.586,42.367]},"properties":{"fecha":"2018-01-31","codigo_territorio":"09","nombre_territorio":"Burgos","longitud":-3.586,"latitud":42.367,"total":10783,"indefinido":1193,"temporal":9590,"provincia":"BU"}},{"type":"Feature","geometry":{"type":"Point","coordinates":[-5.979,41.727]},"properties":{"fecha":"2018-01-31","codigo_territorio":"49","nombre_territorio":"Zamora","longitud":-5.979,"latitud":41.727,"total":3519,"indefinido":323,"temporal":3196,"provincia":"ZA"}},{"type":"Feature","geometry":{"type":"Point","coordinates":[-4.535,42.37]},"properties":{"fecha":"2018-01-31","codigo_territorio":"34","nombre_territorio":"Palencia","longitud":-4.535,"latitud":42.37,"total":6666,"indefinido":530,"temporal":6136,"provincia":"PA"}},{"type":"Feature","geometry":{"type":"Point","coordinates":[-4.055,41.171]},"properties":{"fecha":"2018-01-31","codigo_territorio":"40","nombre_territorio":"Segovia","longitud":-4.055,"latitud":41.171,"total":5673,"indefinido":395,"temporal":5278,"provincia":"SE"}},{"type":"Feature","geometry":{"type":"Point","coordinates":[-4.946,40.571]},"properties":{"fecha":"2018-01-31","codigo_territorio":"05","nombre_territorio":"\u00c1vila","longitud":-4.946,"latitud":40.571,"total":3222,"indefinido":307,"temporal":2915,"provincia":"AV"}},{"type":"Feature","geometry":{"type":"Point","coordinates":[-5.841,42.62]},"properties":{"fecha":"2018-01-31","codigo_territorio":"24","nombre_territorio":"Le\u00f3n","longitud":-5.841,"latitud":42.62,"total":10299,"indefinido":1134,"temporal":9165,"provincia":"LE"}},{"type":"Feature","geometry":{"type":"Point","coordinates":[-6.066,40.805]},"properties":{"fecha":"2018-01-31","codigo_territorio":"37","nombre_territorio":"Salamanca","longitud":-6.066,"latitud":40.805,"total":8281,"indefinido":802,"temporal":7479,"provincia":"SA"}},{"type":"Feature","geometry":{"type":"Point","coordinates":[-2.589,41.621]},"properties":{"fecha":"2018-01-31","codigo_territorio":"42","nombre_territorio":"Soria","longitud":-2.589,"latitud":41.621,"total":2614,"indefinido":312,"temporal":2302,"provincia":"SO"}},{"type":"Feature","geometry":{"type":"Point","coordinates":[-4.847,41.634]},"properties":{"fecha":"2018-01-31","codigo_territorio":"47","nombre_territorio":"Valladolid","longitud":-4.847,"latitud":41.634,"total":16903,"indefinido":1769,"temporal":15134,"provincia":"VA"}},{"type":"Feature","geometry":{"type":"Point","coordinates":[-4.397,41.835]},"properties":{"fecha":"2018-01-31","codigo_territorio":"07","nombre_territorio":"Castilla Le\u00f3n","longitud":-4.397,"latitud":41.835,"total":67960,"indefinido":6765,"temporal":61195,"provincia":"CYL"}},{"type":"Feature","geometry":{"type":"Point","coordinates":[-3.586,42.367]},"properties":{"fecha":"2017-12-31","codigo_territorio":"09","nombre_territorio":"Burgos","longitud":-3.586,"latitud":42.367,"total":9872,"indefinido":835,"temporal":9037,"provincia":"BU"}},{"type":"Feature","geometry":{"type":"Point","coordinates":[-5.841,42.62]},"properties":{"fecha":"2017-12-31","codigo_territorio":"24","nombre_territorio":"Le\u00f3n","longitud":-5.841,"latitud":42.62,"total":9900,"indefinido":1003,"temporal":8897,"provincia":"LE"}},{"type":"Feature","geometry":{"type":"Point","coordinates":[-4.055,41.171]},"properties":{"fecha":"2017-12-31","codigo_territorio":"40","nombre_territorio":"Segovia","longitud":-4.055,"latitud":41.171,"total":5224,"indefinido":337,"temporal":4887,"provincia":"SE"}},{"type":"Feature","geometry":{"type":"Point","coordinates":[-2.589,41.621]},"properties":{"fecha":"2017-12-31","codigo_territorio":"42","nombre_territorio":"Soria","longitud":-2.589,"latitud":41.621,"total":2190,"indefinido":229,"temporal":1961,"provincia":"SO"}},{"type":"Feature","geometry":{"type":"Point","coordinates":[-5.979,41.727]},"properties":{"fecha":"2017-12-31","codigo_territorio":"49","nombre_territorio":"Zamora","longitud":-5.979,"latitud":41.727,"total":3840,"indefinido":272,"temporal":3568,"provincia":"ZA"}},{"type":"Feature","geometry":{"type":"Point","coordinates":[-4.946,40.571]},"properties":{"fecha":"2017-12-31","codigo_territorio":"05","nombre_territorio":"\u00c1vila","longitud":-4.946,"latitud":40.571,"total":4136,"indefinido":271,"temporal":3865,"provincia":"AV"}},{"type":"Feature","geometry":{"type":"Point","coordinates":[-4.535,42.37]},"properties":{"fecha":"2017-12-31","codigo_territorio":"34","nombre_territorio":"Palencia","longitud":-4.535,"latitud":42.37,"total":6794,"indefinido":331,"temporal":6463,"provincia":"PA"}},{"type":"Feature","geometry":{"type":"Point","coordinates":[-6.066,40.805]},"properties":{"fecha":"2017-12-31","codigo_territorio":"37","nombre_territorio":"Salamanca","longitud":-6.066,"latitud":40.805,"total":7992,"indefinido":690,"temporal":7302,"provincia":"SA"}},{"type":"Feature","geometry":{"type":"Point","coordinates":[-4.847,41.634]},"properties":{"fecha":"2017-12-31","codigo_territorio":"47","nombre_territorio":"Valladolid","longitud":-4.847,"latitud":41.634,"total":16665,"indefinido":1402,"temporal":15263,"provincia":"VA"}},{"type":"Feature","geometry":{"type":"Point","coordinates":[-4.397,41.835]},"properties":{"fecha":"2017-12-31","codigo_territorio":"07","nombre_territorio":"Castilla Le\u00f3n","longitud":-4.397,"latitud":41.835,"total":66613,"indefinido":5370,"temporal":61243,"provincia":"CYL"}},{"type":"Feature","geometry":{"type":"Point","coordinates":[-4.946,40.571]},"properties":{"fecha":"2017-11-30","codigo_territorio":"05","nombre_territorio":"\u00c1vila","longitud":-4.946,"latitud":40.571,"total":4375,"indefinido":372,"temporal":4003,"provincia":"AV"}},{"type":"Feature","geometry":{"type":"Point","coordinates":[-6.066,40.805]},"properties":{"fecha":"2017-11-30","codigo_territorio":"37","nombre_territorio":"Salamanca","longitud":-6.066,"latitud":40.805,"total":8623,"indefinido":829,"temporal":7794,"provincia":"SA"}},{"type":"Feature","geometry":{"type":"Point","coordinates":[-2.589,41.621]},"properties":{"fecha":"2017-11-30","codigo_territorio":"42","nombre_territorio":"Soria","longitud":-2.589,"latitud":41.621,"total":2566,"indefinido":273,"temporal":2293,"provincia":"SO"}},{"type":"Feature","geometry":{"type":"Point","coordinates":[-5.841,42.62]},"properties":{"fecha":"2017-11-30","codigo_territorio":"24","nombre_territorio":"Le\u00f3n","longitud":-5.841,"latitud":42.62,"total":11156,"indefinido":1238,"temporal":9918,"provincia":"LE"}},{"type":"Feature","geometry":{"type":"Point","coordinates":[-5.979,41.727]},"properties":{"fecha":"2017-11-30","codigo_territorio":"49","nombre_territorio":"Zamora","longitud":-5.979,"latitud":41.727,"total":3887,"indefinido":293,"temporal":3594,"provincia":"ZA"}},{"type":"Feature","geometry":{"type":"Point","coordinates":[-4.397,41.835]},"properties":{"fecha":"2017-11-30","codigo_territorio":"07","nombre_territorio":"Castilla Le\u00f3n","longitud":-4.397,"latitud":41.835,"total":73064,"indefinido":6932,"temporal":66132,"provincia":"CYL"}},{"type":"Feature","geometry":{"type":"Point","coordinates":[-3.586,42.367]},"properties":{"fecha":"2017-11-30","codigo_territorio":"09","nombre_territorio":"Burgos","longitud":-3.586,"latitud":42.367,"total":10810,"indefinido":1008,"temporal":9802,"provincia":"BU"}},{"type":"Feature","geometry":{"type":"Point","coordinates":[-4.535,42.37]},"properties":{"fecha":"2017-11-30","codigo_territorio":"34","nombre_territorio":"Palencia","longitud":-4.535,"latitud":42.37,"total":6929,"indefinido":469,"temporal":6460,"provincia":"PA"}},{"type":"Feature","geometry":{"type":"Point","coordinates":[-4.055,41.171]},"properties":{"fecha":"2017-11-30","codigo_territorio":"40","nombre_territorio":"Segovia","longitud":-4.055,"latitud":41.171,"total":6150,"indefinido":485,"temporal":5665,"provincia":"SE"}},{"type":"Feature","geometry":{"type":"Point","coordinates":[-4.847,41.634]},"properties":{"fecha":"2017-11-30","codigo_territorio":"47","nombre_territorio":"Valladolid","longitud":-4.847,"latitud":41.634,"total":18568,"indefinido":1965,"temporal":16603,"provincia":"VA"}},{"type":"Feature","geometry":{"type":"Point","coordinates":[-3.586,42.367]},"properties":{"fecha":"2017-10-31","codigo_territorio":"09","nombre_territorio":"Burgos","longitud":-3.586,"latitud":42.367,"total":14021,"indefinido":1375,"temporal":12646,"provincia":"BU"}},{"type":"Feature","geometry":{"type":"Point","coordinates":[-4.535,42.37]},"properties":{"fecha":"2017-10-31","codigo_territorio":"34","nombre_territorio":"Palencia","longitud":-4.535,"latitud":42.37,"total":7630,"indefinido":448,"temporal":7182,"provincia":"PA"}},{"type":"Feature","geometry":{"type":"Point","coordinates":[-6.066,40.805]},"properties":{"fecha":"2017-10-31","codigo_territorio":"37","nombre_territorio":"Salamanca","longitud":-6.066,"latitud":40.805,"total":11038,"indefinido":1039,"temporal":9999,"provincia":"SA"}},{"type":"Feature","geometry":{"type":"Point","coordinates":[-4.055,41.171]},"properties":{"fecha":"2017-10-31","codigo_territorio":"40","nombre_territorio":"Segovia","longitud":-4.055,"latitud":41.171,"total":8324,"indefinido":823,"temporal":7501,"provincia":"SE"}},{"type":"Feature","geometry":{"type":"Point","coordinates":[-2.589,41.621]},"properties":{"fecha":"2017-10-31","codigo_territorio":"42","nombre_territorio":"Soria","longitud":-2.589,"latitud":41.621,"total":3464,"indefinido":287,"temporal":3177,"provincia":"SO"}},{"type":"Feature","geometry":{"type":"Point","coordinates":[-4.847,41.634]},"properties":{"fecha":"2017-10-31","codigo_territorio":"47","nombre_territorio":"Valladolid","longitud":-4.847,"latitud":41.634,"total":21949,"indefinido":2419,"temporal":19530,"provincia":"VA"}},{"type":"Feature","geometry":{"type":"Point","coordinates":[-5.841,42.62]},"properties":{"fecha":"2017-10-31","codigo_territorio":"24","nombre_territorio":"Le\u00f3n","longitud":-5.841,"latitud":42.62,"total":13099,"indefinido":1333,"temporal":11766,"provincia":"LE"}},{"type":"Feature","geometry":{"type":"Point","coordinates":[-4.397,41.835]},"properties":{"fecha":"2017-10-31","codigo_territorio":"07","nombre_territorio":"Castilla Le\u00f3n","longitud":-4.397,"latitud":41.835,"total":91434,"indefinido":8590,"temporal":82844,"provincia":"CYL"}},{"type":"Feature","geometry":{"type":"Point","coordinates":[-4.946,40.571]},"properties":{"fecha":"2017-10-31","codigo_territorio":"05","nombre_territorio":"\u00c1vila","longitud":-4.946,"latitud":40.571,"total":7122,"indefinido":462,"temporal":6660,"provincia":"AV"}},{"type":"Feature","geometry":{"type":"Point","coordinates":[-5.979,41.727]},"properties":{"fecha":"2017-10-31","codigo_territorio":"49","nombre_territorio":"Zamora","longitud":-5.979,"latitud":41.727,"total":4787,"indefinido":404,"temporal":4383,"provincia":"ZA"}},{"type":"Feature","geometry":{"type":"Point","coordinates":[-4.946,40.571]},"properties":{"fecha":"2017-09-30","codigo_territorio":"05","nombre_territorio":"\u00c1vila","longitud":-4.946,"latitud":40.571,"total":5665,"indefinido":395,"temporal":5270,"provincia":"AV"}},{"type":"Feature","geometry":{"type":"Point","coordinates":[-3.586,42.367]},"properties":{"fecha":"2017-09-30","codigo_territorio":"09","nombre_territorio":"Burgos","longitud":-3.586,"latitud":42.367,"total":15332,"indefinido":1152,"temporal":14180,"provincia":"BU"}},{"type":"Feature","geometry":{"type":"Point","coordinates":[-5.841,42.62]},"properties":{"fecha":"2017-09-30","codigo_territorio":"24","nombre_territorio":"Le\u00f3n","longitud":-5.841,"latitud":42.62,"total":13177,"indefinido":1183,"temporal":11994,"provincia":"LE"}},{"type":"Feature","geometry":{"type":"Point","coordinates":[-6.066,40.805]},"properties":{"fecha":"2017-09-30","codigo_territorio":"37","nombre_territorio":"Salamanca","longitud":-6.066,"latitud":40.805,"total":11263,"indefinido":901,"temporal":10362,"provincia":"SA"}},{"type":"Feature","geometry":{"type":"Point","coordinates":[-2.589,41.621]},"properties":{"fecha":"2017-09-30","codigo_territorio":"42","nombre_territorio":"Soria","longitud":-2.589,"latitud":41.621,"total":3570,"indefinido":314,"temporal":3256,"provincia":"SO"}},{"type":"Feature","geometry":{"type":"Point","coordinates":[-4.847,41.634]},"properties":{"fecha":"2017-09-30","codigo_territorio":"47","nombre_territorio":"Valladolid","longitud":-4.847,"latitud":41.634,"total":23178,"indefinido":2192,"temporal":20986,"provincia":"VA"}},{"type":"Feature","geometry":{"type":"Point","coordinates":[-5.979,41.727]},"properties":{"fecha":"2017-09-30","codigo_territorio":"49","nombre_territorio":"Zamora","longitud":-5.979,"latitud":41.727,"total":6355,"indefinido":322,"temporal":6033,"provincia":"ZA"}},{"type":"Feature","geometry":{"type":"Point","coordinates":[-4.535,42.37]},"properties":{"fecha":"2017-09-30","codigo_territorio":"34","nombre_territorio":"Palencia","longitud":-4.535,"latitud":42.37,"total":7785,"indefinido":367,"temporal":7418,"provincia":"PA"}},{"type":"Feature","geometry":{"type":"Point","coordinates":[-4.055,41.171]},"properties":{"fecha":"2017-09-30","codigo_territorio":"40","nombre_territorio":"Segovia","longitud":-4.055,"latitud":41.171,"total":6867,"indefinido":456,"temporal":6411,"provincia":"SE"}},{"type":"Feature","geometry":{"type":"Point","coordinates":[-4.397,41.835]},"properties":{"fecha":"2017-09-30","codigo_territorio":"07","nombre_territorio":"Castilla Le\u00f3n","longitud":-4.397,"latitud":41.835,"total":93192,"indefinido":7282,"temporal":85910,"provincia":"CYL"}},{"type":"Feature","geometry":{"type":"Point","coordinates":[-4.946,40.571]},"properties":{"fecha":"2017-08-31","codigo_territorio":"05","nombre_territorio":"\u00c1vila","longitud":-4.946,"latitud":40.571,"total":5082,"indefinido":241,"temporal":4841,"provincia":"AV"}},{"type":"Feature","geometry":{"type":"Point","coordinates":[-4.535,42.37]},"properties":{"fecha":"2017-08-31","codigo_territorio":"34","nombre_territorio":"Palencia","longitud":-4.535,"latitud":42.37,"total":7105,"indefinido":362,"temporal":6743,"provincia":"PA"}},{"type":"Feature","geometry":{"type":"Point","coordinates":[-4.055,41.171]},"properties":{"fecha":"2017-08-31","codigo_territorio":"40","nombre_territorio":"Segovia","longitud":-4.055,"latitud":41.171,"total":5917,"indefinido":399,"temporal":5518,"provincia":"SE"}},{"type":"Feature","geometry":{"type":"Point","coordinates":[-3.586,42.367]},"properties":{"fecha":"2017-08-31","codigo_territorio":"09","nombre_territorio":"Burgos","longitud":-3.586,"latitud":42.367,"total":10747,"indefinido":786,"temporal":9961,"provincia":"BU"}},{"type":"Feature","geometry":{"type":"Point","coordinates":[-5.841,42.62]},"properties":{"fecha":"2017-08-31","codigo_territorio":"24","nombre_territorio":"Le\u00f3n","longitud":-5.841,"latitud":42.62,"total":12610,"indefinido":856,"temporal":11754,"provincia":"LE"}},{"type":"Feature","geometry":{"type":"Point","coordinates":[-6.066,40.805]},"properties":{"fecha":"2017-08-31","codigo_territorio":"37","nombre_territorio":"Salamanca","longitud":-6.066,"latitud":40.805,"total":10383,"indefinido":659,"temporal":9724,"provincia":"SA"}},{"type":"Feature","geometry":{"type":"Point","coordinates":[-2.589,41.621]},"properties":{"fecha":"2017-08-31","codigo_territorio":"42","nombre_territorio":"Soria","longitud":-2.589,"latitud":41.621,"total":3247,"indefinido":194,"temporal":3053,"provincia":"SO"}},{"type":"Feature","geometry":{"type":"Point","coordinates":[-4.847,41.634]},"properties":{"fecha":"2017-08-31","codigo_territorio":"47","nombre_territorio":"Valladolid","longitud":-4.847,"latitud":41.634,"total":18126,"indefinido":1700,"temporal":16426,"provincia":"VA"}},{"type":"Feature","geometry":{"type":"Point","coordinates":[-4.397,41.835]},"properties":{"fecha":"2017-08-31","codigo_territorio":"07","nombre_territorio":"Castilla Le\u00f3n","longitud":-4.397,"latitud":41.835,"total":78400,"indefinido":5404,"temporal":72996,"provincia":"CYL"}},{"type":"Feature","geometry":{"type":"Point","coordinates":[-5.979,41.727]},"properties":{"fecha":"2017-08-31","codigo_territorio":"49","nombre_territorio":"Zamora","longitud":-5.979,"latitud":41.727,"total":5183,"indefinido":207,"temporal":4976,"provincia":"ZA"}},{"type":"Feature","geometry":{"type":"Point","coordinates":[-4.946,40.571]},"properties":{"fecha":"2017-07-31","codigo_territorio":"05","nombre_territorio":"\u00c1vila","longitud":-4.946,"latitud":40.571,"total":6775,"indefinido":347,"temporal":6428,"provincia":"AV"}},{"type":"Feature","geometry":{"type":"Point","coordinates":[-4.055,41.171]},"properties":{"fecha":"2017-07-31","codigo_territorio":"40","nombre_territorio":"Segovia","longitud":-4.055,"latitud":41.171,"total":7502,"indefinido":549,"temporal":6953,"provincia":"SE"}},{"type":"Feature","geometry":{"type":"Point","coordinates":[-4.397,41.835]},"properties":{"fecha":"2017-07-31","codigo_territorio":"07","nombre_territorio":"Castilla Le\u00f3n","longitud":-4.397,"latitud":41.835,"total":92991,"indefinido":6404,"temporal":86587,"provincia":"CYL"}},{"type":"Feature","geometry":{"type":"Point","coordinates":[-5.841,42.62]},"properties":{"fecha":"2017-07-31","codigo_territorio":"24","nombre_territorio":"Le\u00f3n","longitud":-5.841,"latitud":42.62,"total":13965,"indefinido":1035,"temporal":12930,"provincia":"LE"}},{"type":"Feature","geometry":{"type":"Point","coordinates":[-4.535,42.37]},"properties":{"fecha":"2017-07-31","codigo_territorio":"34","nombre_territorio":"Palencia","longitud":-4.535,"latitud":42.37,"total":8417,"indefinido":438,"temporal":7979,"provincia":"PA"}},{"type":"Feature","geometry":{"type":"Point","coordinates":[-4.847,41.634]},"properties":{"fecha":"2017-07-31","codigo_territorio":"47","nombre_territorio":"Valladolid","longitud":-4.847,"latitud":41.634,"total":20788,"indefinido":1756,"temporal":19032,"provincia":"VA"}},{"type":"Feature","geometry":{"type":"Point","coordinates":[-3.586,42.367]},"properties":{"fecha":"2017-07-31","codigo_territorio":"09","nombre_territorio":"Burgos","longitud":-3.586,"latitud":42.367,"total":13995,"indefinido":924,"temporal":13071,"provincia":"BU"}},{"type":"Feature","geometry":{"type":"Point","coordinates":[-6.066,40.805]},"properties":{"fecha":"2017-07-31","codigo_territorio":"37","nombre_territorio":"Salamanca","longitud":-6.066,"latitud":40.805,"total":11803,"indefinido":791,"temporal":11012,"provincia":"SA"}},{"type":"Feature","geometry":{"type":"Point","coordinates":[-2.589,41.621]},"properties":{"fecha":"2017-07-31","codigo_territorio":"42","nombre_territorio":"Soria","longitud":-2.589,"latitud":41.621,"total":3937,"indefinido":286,"temporal":3651,"provincia":"SO"}},{"type":"Feature","geometry":{"type":"Point","coordinates":[-5.979,41.727]},"properties":{"fecha":"2017-07-31","codigo_territorio":"49","nombre_territorio":"Zamora","longitud":-5.979,"latitud":41.727,"total":5809,"indefinido":278,"temporal":5531,"provincia":"ZA"}},{"type":"Feature","geometry":{"type":"Point","coordinates":[-5.841,42.62]},"properties":{"fecha":"2017-06-30","codigo_territorio":"24","nombre_territorio":"Le\u00f3n","longitud":-5.841,"latitud":42.62,"total":14307,"indefinido":1125,"temporal":13182,"provincia":"LE"}},{"type":"Feature","geometry":{"type":"Point","coordinates":[-6.066,40.805]},"properties":{"fecha":"2017-06-30","codigo_territorio":"37","nombre_territorio":"Salamanca","longitud":-6.066,"latitud":40.805,"total":12412,"indefinido":878,"temporal":11534,"provincia":"SA"}},{"type":"Feature","geometry":{"type":"Point","coordinates":[-4.055,41.171]},"properties":{"fecha":"2017-06-30","codigo_territorio":"40","nombre_territorio":"Segovia","longitud":-4.055,"latitud":41.171,"total":7496,"indefinido":435,"temporal":7061,"provincia":"SE"}},{"type":"Feature","geometry":{"type":"Point","coordinates":[-4.535,42.37]},"properties":{"fecha":"2017-06-30","codigo_territorio":"34","nombre_territorio":"Palencia","longitud":-4.535,"latitud":42.37,"total":7957,"indefinido":471,"temporal":7486,"provincia":"PA"}},{"type":"Feature","geometry":{"type":"Point","coordinates":[-2.589,41.621]},"properties":{"fecha":"2017-06-30","codigo_territorio":"42","nombre_territorio":"Soria","longitud":-2.589,"latitud":41.621,"total":3927,"indefinido":339,"temporal":3588,"provincia":"SO"}},{"type":"Feature","geometry":{"type":"Point","coordinates":[-4.847,41.634]},"properties":{"fecha":"2017-06-30","codigo_territorio":"47","nombre_territorio":"Valladolid","longitud":-4.847,"latitud":41.634,"total":22070,"indefinido":1739,"temporal":20331,"provincia":"VA"}},{"type":"Feature","geometry":{"type":"Point","coordinates":[-5.979,41.727]},"properties":{"fecha":"2017-06-30","codigo_territorio":"49","nombre_territorio":"Zamora","longitud":-5.979,"latitud":41.727,"total":5867,"indefinido":306,"temporal":5561,"provincia":"ZA"}},{"type":"Feature","geometry":{"type":"Point","coordinates":[-4.946,40.571]},"properties":{"fecha":"2017-06-30","codigo_territorio":"05","nombre_territorio":"\u00c1vila","longitud":-4.946,"latitud":40.571,"total":6557,"indefinido":347,"temporal":6210,"provincia":"AV"}},{"type":"Feature","geometry":{"type":"Point","coordinates":[-3.586,42.367]},"properties":{"fecha":"2017-06-30","codigo_territorio":"09","nombre_territorio":"Burgos","longitud":-3.586,"latitud":42.367,"total":14326,"indefinido":969,"temporal":13357,"provincia":"BU"}},{"type":"Feature","geometry":{"type":"Point","coordinates":[-4.397,41.835]},"properties":{"fecha":"2017-06-30","codigo_territorio":"07","nombre_territorio":"Castilla Le\u00f3n","longitud":-4.397,"latitud":41.835,"total":94919,"indefinido":6609,"temporal":88310,"provincia":"CYL"}},{"type":"Feature","geometry":{"type":"Point","coordinates":[-3.586,42.367]},"properties":{"fecha":"2017-05-31","codigo_territorio":"09","nombre_territorio":"Burgos","longitud":-3.586,"latitud":42.367,"total":12556,"indefinido":1020,"temporal":11536,"provincia":"BU"}},{"type":"Feature","geometry":{"type":"Point","coordinates":[-4.535,42.37]},"properties":{"fecha":"2017-05-31","codigo_territorio":"34","nombre_territorio":"Palencia","longitud":-4.535,"latitud":42.37,"total":7605,"indefinido":432,"temporal":7173,"provincia":"PA"}},{"type":"Feature","geometry":{"type":"Point","coordinates":[-6.066,40.805]},"properties":{"fecha":"2017-05-31","codigo_territorio":"37","nombre_territorio":"Salamanca","longitud":-6.066,"latitud":40.805,"total":10516,"indefinido":805,"temporal":9711,"provincia":"SA"}},{"type":"Feature","geometry":{"type":"Point","coordinates":[-4.055,41.171]},"properties":{"fecha":"2017-05-31","codigo_territorio":"40","nombre_territorio":"Segovia","longitud":-4.055,"latitud":41.171,"total":6743,"indefinido":549,"temporal":6194,"provincia":"SE"}},{"type":"Feature","geometry":{"type":"Point","coordinates":[-2.589,41.621]},"properties":{"fecha":"2017-05-31","codigo_territorio":"42","nombre_territorio":"Soria","longitud":-2.589,"latitud":41.621,"total":3161,"indefinido":310,"temporal":2851,"provincia":"SO"}},{"type":"Feature","geometry":{"type":"Point","coordinates":[-4.847,41.634]},"properties":{"fecha":"2017-05-31","codigo_territorio":"47","nombre_territorio":"Valladolid","longitud":-4.847,"latitud":41.634,"total":21354,"indefinido":1936,"temporal":19418,"provincia":"VA"}},{"type":"Feature","geometry":{"type":"Point","coordinates":[-4.397,41.835]},"properties":{"fecha":"2017-05-31","codigo_territorio":"07","nombre_territorio":"Castilla Le\u00f3n","longitud":-4.397,"latitud":41.835,"total":85594,"indefinido":6929,"temporal":78665,"provincia":"CYL"}},{"type":"Feature","geometry":{"type":"Point","coordinates":[-4.946,40.571]},"properties":{"fecha":"2017-05-31","codigo_territorio":"05","nombre_territorio":"\u00c1vila","longitud":-4.946,"latitud":40.571,"total":5288,"indefinido":347,"temporal":4941,"provincia":"AV"}},{"type":"Feature","geometry":{"type":"Point","coordinates":[-5.841,42.62]},"properties":{"fecha":"2017-05-31","codigo_territorio":"24","nombre_territorio":"Le\u00f3n","longitud":-5.841,"latitud":42.62,"total":13582,"indefinido":1244,"temporal":12338,"provincia":"LE"}},{"type":"Feature","geometry":{"type":"Point","coordinates":[-5.979,41.727]},"properties":{"fecha":"2017-05-31","codigo_territorio":"49","nombre_territorio":"Zamora","longitud":-5.979,"latitud":41.727,"total":4789,"indefinido":286,"temporal":4503,"provincia":"ZA"}},{"type":"Feature","geometry":{"type":"Point","coordinates":[-4.535,42.37]},"properties":{"fecha":"2017-04-30","codigo_territorio":"34","nombre_territorio":"Palencia","longitud":-4.535,"latitud":42.37,"total":6541,"indefinido":404,"temporal":6137,"provincia":"PA"}},{"type":"Feature","geometry":{"type":"Point","coordinates":[-6.066,40.805]},"properties":{"fecha":"2017-04-30","codigo_territorio":"37","nombre_territorio":"Salamanca","longitud":-6.066,"latitud":40.805,"total":8043,"indefinido":711,"temporal":7332,"provincia":"SA"}},{"type":"Feature","geometry":{"type":"Point","coordinates":[-4.055,41.171]},"properties":{"fecha":"2017-04-30","codigo_territorio":"40","nombre_territorio":"Segovia","longitud":-4.055,"latitud":41.171,"total":5360,"indefinido":358,"temporal":5002,"provincia":"SE"}},{"type":"Feature","geometry":{"type":"Point","coordinates":[-2.589,41.621]},"properties":{"fecha":"2017-04-30","codigo_territorio":"42","nombre_territorio":"Soria","longitud":-2.589,"latitud":41.621,"total":2655,"indefinido":196,"temporal":2459,"provincia":"SO"}},{"type":"Feature","geometry":{"type":"Point","coordinates":[-4.847,41.634]},"properties":{"fecha":"2017-04-30","codigo_territorio":"47","nombre_territorio":"Valladolid","longitud":-4.847,"latitud":41.634,"total":15037,"indefinido":1545,"temporal":13492,"provincia":"VA"}},{"type":"Feature","geometry":{"type":"Point","coordinates":[-4.397,41.835]},"properties":{"fecha":"2017-04-30","codigo_territorio":"07","nombre_territorio":"Castilla Le\u00f3n","longitud":-4.397,"latitud":41.835,"total":67054,"indefinido":5865,"temporal":61189,"provincia":"CYL"}},{"type":"Feature","geometry":{"type":"Point","coordinates":[-3.586,42.367]},"properties":{"fecha":"2017-04-30","codigo_territorio":"09","nombre_territorio":"Burgos","longitud":-3.586,"latitud":42.367,"total":10030,"indefinido":924,"temporal":9106,"provincia":"BU"}},{"type":"Feature","geometry":{"type":"Point","coordinates":[-4.946,40.571]},"properties":{"fecha":"2017-04-30","codigo_territorio":"05","nombre_territorio":"\u00c1vila","longitud":-4.946,"latitud":40.571,"total":4378,"indefinido":302,"temporal":4076,"provincia":"AV"}},{"type":"Feature","geometry":{"type":"Point","coordinates":[-5.841,42.62]},"properties":{"fecha":"2017-04-30","codigo_territorio":"24","nombre_territorio":"Le\u00f3n","longitud":-5.841,"latitud":42.62,"total":10758,"indefinido":1211,"temporal":9547,"provincia":"LE"}},{"type":"Feature","geometry":{"type":"Point","coordinates":[-5.979,41.727]},"properties":{"fecha":"2017-04-30","codigo_territorio":"49","nombre_territorio":"Zamora","longitud":-5.979,"latitud":41.727,"total":4252,"indefinido":214,"temporal":4038,"provincia":"ZA"}},{"type":"Feature","geometry":{"type":"Point","coordinates":[-3.586,42.367]},"properties":{"fecha":"2017-03-31","codigo_territorio":"09","nombre_territorio":"Burgos","longitud":-3.586,"latitud":42.367,"total":10784,"indefinido":1186,"temporal":9598,"provincia":"BU"}},{"type":"Feature","geometry":{"type":"Point","coordinates":[-6.066,40.805]},"properties":{"fecha":"2017-03-31","codigo_territorio":"37","nombre_territorio":"Salamanca","longitud":-6.066,"latitud":40.805,"total":8735,"indefinido":870,"temporal":7865,"provincia":"SA"}},{"type":"Feature","geometry":{"type":"Point","coordinates":[-4.055,41.171]},"properties":{"fecha":"2017-03-31","codigo_territorio":"40","nombre_territorio":"Segovia","longitud":-4.055,"latitud":41.171,"total":5410,"indefinido":477,"temporal":4933,"provincia":"SE"}},{"type":"Feature","geometry":{"type":"Point","coordinates":[-2.589,41.621]},"properties":{"fecha":"2017-03-31","codigo_territorio":"42","nombre_territorio":"Soria","longitud":-2.589,"latitud":41.621,"total":2732,"indefinido":303,"temporal":2429,"provincia":"SO"}},{"type":"Feature","geometry":{"type":"Point","coordinates":[-4.847,41.634]},"properties":{"fecha":"2017-03-31","codigo_territorio":"47","nombre_territorio":"Valladolid","longitud":-4.847,"latitud":41.634,"total":16811,"indefinido":1827,"temporal":14984,"provincia":"VA"}},{"type":"Feature","geometry":{"type":"Point","coordinates":[-5.979,41.727]},"properties":{"fecha":"2017-03-31","codigo_territorio":"49","nombre_territorio":"Zamora","longitud":-5.979,"latitud":41.727,"total":3979,"indefinido":346,"temporal":3633,"provincia":"ZA"}},{"type":"Feature","geometry":{"type":"Point","coordinates":[-4.946,40.571]},"properties":{"fecha":"2017-03-31","codigo_territorio":"05","nombre_territorio":"\u00c1vila","longitud":-4.946,"latitud":40.571,"total":3900,"indefinido":342,"temporal":3558,"provincia":"AV"}},{"type":"Feature","geometry":{"type":"Point","coordinates":[-4.535,42.37]},"properties":{"fecha":"2017-03-31","codigo_territorio":"34","nombre_territorio":"Palencia","longitud":-4.535,"latitud":42.37,"total":6357,"indefinido":463,"temporal":5894,"provincia":"PA"}},{"type":"Feature","geometry":{"type":"Point","coordinates":[-4.397,41.835]},"properties":{"fecha":"2017-03-31","codigo_territorio":"07","nombre_territorio":"Castilla Le\u00f3n","longitud":-4.397,"latitud":41.835,"total":69688,"indefinido":7036,"temporal":62652,"provincia":"CYL"}},{"type":"Feature","geometry":{"type":"Point","coordinates":[-5.841,42.62]},"properties":{"fecha":"2017-03-31","codigo_territorio":"24","nombre_territorio":"Le\u00f3n","longitud":-5.841,"latitud":42.62,"total":10980,"indefinido":1222,"temporal":9758,"provincia":"LE"}},{"type":"Feature","geometry":{"type":"Point","coordinates":[-5.841,42.62]},"properties":{"fecha":"2017-02-28","codigo_territorio":"24","nombre_territorio":"Le\u00f3n","longitud":-5.841,"latitud":42.62,"total":8656,"indefinido":1104,"temporal":7552,"provincia":"LE"}},{"type":"Feature","geometry":{"type":"Point","coordinates":[-4.055,41.171]},"properties":{"fecha":"2017-02-28","codigo_territorio":"40","nombre_territorio":"Segovia","longitud":-4.055,"latitud":41.171,"total":4362,"indefinido":377,"temporal":3985,"provincia":"SE"}},{"type":"Feature","geometry":{"type":"Point","coordinates":[-4.847,41.634]},"properties":{"fecha":"2017-02-28","codigo_territorio":"47","nombre_territorio":"Valladolid","longitud":-4.847,"latitud":41.634,"total":14791,"indefinido":1599,"temporal":13192,"provincia":"VA"}},{"type":"Feature","geometry":{"type":"Point","coordinates":[-6.066,40.805]},"properties":{"fecha":"2017-02-28","codigo_territorio":"37","nombre_territorio":"Salamanca","longitud":-6.066,"latitud":40.805,"total":7564,"indefinido":750,"temporal":6814,"provincia":"SA"}},{"type":"Feature","geometry":{"type":"Point","coordinates":[-2.589,41.621]},"properties":{"fecha":"2017-02-28","codigo_territorio":"42","nombre_territorio":"Soria","longitud":-2.589,"latitud":41.621,"total":2371,"indefinido":316,"temporal":2055,"provincia":"SO"}},{"type":"Feature","geometry":{"type":"Point","coordinates":[-4.946,40.571]},"properties":{"fecha":"2017-02-28","codigo_territorio":"05","nombre_territorio":"\u00c1vila","longitud":-4.946,"latitud":40.571,"total":3307,"indefinido":279,"temporal":3028,"provincia":"AV"}},{"type":"Feature","geometry":{"type":"Point","coordinates":[-3.586,42.367]},"properties":{"fecha":"2017-02-28","codigo_territorio":"09","nombre_territorio":"Burgos","longitud":-3.586,"latitud":42.367,"total":8949,"indefinido":993,"temporal":7956,"provincia":"BU"}},{"type":"Feature","geometry":{"type":"Point","coordinates":[-4.535,42.37]},"properties":{"fecha":"2017-02-28","codigo_territorio":"34","nombre_territorio":"Palencia","longitud":-4.535,"latitud":42.37,"total":5610,"indefinido":375,"temporal":5235,"provincia":"PA"}},{"type":"Feature","geometry":{"type":"Point","coordinates":[-5.979,41.727]},"properties":{"fecha":"2017-02-28","codigo_territorio":"49","nombre_territorio":"Zamora","longitud":-5.979,"latitud":41.727,"total":3106,"indefinido":262,"temporal":2844,"provincia":"ZA"}},{"type":"Feature","geometry":{"type":"Point","coordinates":[-4.397,41.835]},"properties":{"fecha":"2017-02-28","codigo_territorio":"07","nombre_territorio":"Castilla Le\u00f3n","longitud":-4.397,"latitud":41.835,"total":58716,"indefinido":6055,"temporal":52661,"provincia":"CYL"}},{"type":"Feature","geometry":{"type":"Point","coordinates":[-4.535,42.37]},"properties":{"fecha":"2017-01-31","codigo_territorio":"34","nombre_territorio":"Palencia","longitud":-4.535,"latitud":42.37,"total":6559,"indefinido":544,"temporal":6015,"provincia":"PA"}},{"type":"Feature","geometry":{"type":"Point","coordinates":[-2.589,41.621]},"properties":{"fecha":"2017-01-31","codigo_territorio":"42","nombre_territorio":"Soria","longitud":-2.589,"latitud":41.621,"total":2668,"indefinido":293,"temporal":2375,"provincia":"SO"}},{"type":"Feature","geometry":{"type":"Point","coordinates":[-3.586,42.367]},"properties":{"fecha":"2017-01-31","codigo_territorio":"09","nombre_territorio":"Burgos","longitud":-3.586,"latitud":42.367,"total":9863,"indefinido":1068,"temporal":8795,"provincia":"BU"}},{"type":"Feature","geometry":{"type":"Point","coordinates":[-5.841,42.62]},"properties":{"fecha":"2017-01-31","codigo_territorio":"24","nombre_territorio":"Le\u00f3n","longitud":-5.841,"latitud":42.62,"total":9099,"indefinido":1119,"temporal":7980,"provincia":"LE"}},{"type":"Feature","geometry":{"type":"Point","coordinates":[-6.066,40.805]},"properties":{"fecha":"2017-01-31","codigo_territorio":"37","nombre_territorio":"Salamanca","longitud":-6.066,"latitud":40.805,"total":7767,"indefinido":828,"temporal":6939,"provincia":"SA"}},{"type":"Feature","geometry":{"type":"Point","coordinates":[-4.946,40.571]},"properties":{"fecha":"2017-01-31","codigo_territorio":"05","nombre_territorio":"\u00c1vila","longitud":-4.946,"latitud":40.571,"total":3217,"indefinido":300,"temporal":2917,"provincia":"AV"}},{"type":"Feature","geometry":{"type":"Point","coordinates":[-4.055,41.171]},"properties":{"fecha":"2017-01-31","codigo_territorio":"40","nombre_territorio":"Segovia","longitud":-4.055,"latitud":41.171,"total":4635,"indefinido":369,"temporal":4266,"provincia":"SE"}},{"type":"Feature","geometry":{"type":"Point","coordinates":[-4.847,41.634]},"properties":{"fecha":"2017-01-31","codigo_territorio":"47","nombre_territorio":"Valladolid","longitud":-4.847,"latitud":41.634,"total":16529,"indefinido":1830,"temporal":14699,"provincia":"VA"}},{"type":"Feature","geometry":{"type":"Point","coordinates":[-5.979,41.727]},"properties":{"fecha":"2017-01-31","codigo_territorio":"49","nombre_territorio":"Zamora","longitud":-5.979,"latitud":41.727,"total":3185,"indefinido":311,"temporal":2874,"provincia":"ZA"}},{"type":"Feature","geometry":{"type":"Point","coordinates":[-4.397,41.835]},"properties":{"fecha":"2017-01-31","codigo_territorio":"07","nombre_territorio":"Castilla Le\u00f3n","longitud":-4.397,"latitud":41.835,"total":63522,"indefinido":6662,"temporal":56860,"provincia":"CYL"}},{"type":"Feature","geometry":{"type":"Point","coordinates":[-3.586,42.367]},"properties":{"fecha":"2016-12-31","codigo_territorio":"09","nombre_territorio":"Burgos","longitud":-3.586,"latitud":42.367,"total":9443,"indefinido":762,"temporal":8681,"provincia":"BU"}},{"type":"Feature","geometry":{"type":"Point","coordinates":[-2.589,41.621]},"properties":{"fecha":"2016-12-31","codigo_territorio":"42","nombre_territorio":"Soria","longitud":-2.589,"latitud":41.621,"total":2297,"indefinido":207,"temporal":2090,"provincia":"SO"}},{"type":"Feature","geometry":{"type":"Point","coordinates":[-5.979,41.727]},"properties":{"fecha":"2016-12-31","codigo_territorio":"49","nombre_territorio":"Zamora","longitud":-5.979,"latitud":41.727,"total":3739,"indefinido":192,"temporal":3547,"provincia":"ZA"}},{"type":"Feature","geometry":{"type":"Point","coordinates":[-4.397,41.835]},"properties":{"fecha":"2016-12-31","codigo_territorio":"07","nombre_territorio":"Castilla Le\u00f3n","longitud":-4.397,"latitud":41.835,"total":64022,"indefinido":4788,"temporal":59234,"provincia":"CYL"}},{"type":"Feature","geometry":{"type":"Point","coordinates":[-4.946,40.571]},"properties":{"fecha":"2016-12-31","codigo_territorio":"05","nombre_territorio":"\u00c1vila","longitud":-4.946,"latitud":40.571,"total":3699,"indefinido":203,"temporal":3496,"provincia":"AV"}},{"type":"Feature","geometry":{"type":"Point","coordinates":[-4.535,42.37]},"properties":{"fecha":"2016-12-31","codigo_territorio":"34","nombre_territorio":"Palencia","longitud":-4.535,"latitud":42.37,"total":6274,"indefinido":339,"temporal":5935,"provincia":"PA"}},{"type":"Feature","geometry":{"type":"Point","coordinates":[-5.841,42.62]},"properties":{"fecha":"2016-12-31","codigo_territorio":"24","nombre_territorio":"Le\u00f3n","longitud":-5.841,"latitud":42.62,"total":9560,"indefinido":843,"temporal":8717,"provincia":"LE"}},{"type":"Feature","geometry":{"type":"Point","coordinates":[-6.066,40.805]},"properties":{"fecha":"2016-12-31","codigo_territorio":"37","nombre_territorio":"Salamanca","longitud":-6.066,"latitud":40.805,"total":7956,"indefinido":633,"temporal":7323,"provincia":"SA"}},{"type":"Feature","geometry":{"type":"Point","coordinates":[-4.055,41.171]},"properties":{"fecha":"2016-12-31","codigo_territorio":"40","nombre_territorio":"Segovia","longitud":-4.055,"latitud":41.171,"total":4697,"indefinido":299,"temporal":4398,"provincia":"SE"}},{"type":"Feature","geometry":{"type":"Point","coordinates":[-4.847,41.634]},"properties":{"fecha":"2016-12-31","codigo_territorio":"47","nombre_territorio":"Valladolid","longitud":-4.847,"latitud":41.634,"total":16357,"indefinido":1310,"temporal":15047,"provincia":"VA"}},{"type":"Feature","geometry":{"type":"Point","coordinates":[-4.535,42.37]},"properties":{"fecha":"2016-11-30","codigo_territorio":"34","nombre_territorio":"Palencia","longitud":-4.535,"latitud":42.37,"total":6433,"indefinido":386,"temporal":6047,"provincia":"PA"}},{"type":"Feature","geometry":{"type":"Point","coordinates":[-4.055,41.171]},"properties":{"fecha":"2016-11-30","codigo_territorio":"40","nombre_territorio":"Segovia","longitud":-4.055,"latitud":41.171,"total":6343,"indefinido":403,"temporal":5940,"provincia":"SE"}},{"type":"Feature","geometry":{"type":"Point","coordinates":[-5.979,41.727]},"properties":{"fecha":"2016-11-30","codigo_territorio":"49","nombre_territorio":"Zamora","longitud":-5.979,"latitud":41.727,"total":3901,"indefinido":311,"temporal":3590,"provincia":"ZA"}},{"type":"Feature","geometry":{"type":"Point","coordinates":[-4.397,41.835]},"properties":{"fecha":"2016-11-30","codigo_territorio":"07","nombre_territorio":"Castilla Le\u00f3n","longitud":-4.397,"latitud":41.835,"total":72253,"indefinido":6249,"temporal":66004,"provincia":"CYL"}},{"type":"Feature","geometry":{"type":"Point","coordinates":[-4.946,40.571]},"properties":{"fecha":"2016-11-30","codigo_territorio":"05","nombre_territorio":"\u00c1vila","longitud":-4.946,"latitud":40.571,"total":3848,"indefinido":301,"temporal":3547,"provincia":"AV"}},{"type":"Feature","geometry":{"type":"Point","coordinates":[-3.586,42.367]},"properties":{"fecha":"2016-11-30","codigo_territorio":"09","nombre_territorio":"Burgos","longitud":-3.586,"latitud":42.367,"total":10476,"indefinido":925,"temporal":9551,"provincia":"BU"}},{"type":"Feature","geometry":{"type":"Point","coordinates":[-2.589,41.621]},"properties":{"fecha":"2016-11-30","codigo_territorio":"42","nombre_territorio":"Soria","longitud":-2.589,"latitud":41.621,"total":2497,"indefinido":273,"temporal":2224,"provincia":"SO"}},{"type":"Feature","geometry":{"type":"Point","coordinates":[-4.847,41.634]},"properties":{"fecha":"2016-11-30","codigo_territorio":"47","nombre_territorio":"Valladolid","longitud":-4.847,"latitud":41.634,"total":18673,"indefinido":1703,"temporal":16970,"provincia":"VA"}},{"type":"Feature","geometry":{"type":"Point","coordinates":[-5.841,42.62]},"properties":{"fecha":"2016-11-30","codigo_territorio":"24","nombre_territorio":"Le\u00f3n","longitud":-5.841,"latitud":42.62,"total":10729,"indefinido":1163,"temporal":9566,"provincia":"LE"}},{"type":"Feature","geometry":{"type":"Point","coordinates":[-6.066,40.805]},"properties":{"fecha":"2016-11-30","codigo_territorio":"37","nombre_territorio":"Salamanca","longitud":-6.066,"latitud":40.805,"total":9353,"indefinido":784,"temporal":8569,"provincia":"SA"}},{"type":"Feature","geometry":{"type":"Point","coordinates":[-5.841,42.62]},"properties":{"fecha":"2016-10-31","codigo_territorio":"24","nombre_territorio":"Le\u00f3n","longitud":-5.841,"latitud":42.62,"total":11456,"indefinido":1066,"temporal":10390,"provincia":"LE"}},{"type":"Feature","geometry":{"type":"Point","coordinates":[-4.946,40.571]},"properties":{"fecha":"2016-10-31","codigo_territorio":"05","nombre_territorio":"\u00c1vila","longitud":-4.946,"latitud":40.571,"total":6629,"indefinido":431,"temporal":6198,"provincia":"AV"}},{"type":"Feature","geometry":{"type":"Point","coordinates":[-3.586,42.367]},"properties":{"fecha":"2016-10-31","codigo_territorio":"09","nombre_territorio":"Burgos","longitud":-3.586,"latitud":42.367,"total":16501,"indefinido":1097,"temporal":15404,"provincia":"BU"}},{"type":"Feature","geometry":{"type":"Point","coordinates":[-4.535,42.37]},"properties":{"fecha":"2016-10-31","codigo_territorio":"34","nombre_territorio":"Palencia","longitud":-4.535,"latitud":42.37,"total":7088,"indefinido":432,"temporal":6656,"provincia":"PA"}},{"type":"Feature","geometry":{"type":"Point","coordinates":[-2.589,41.621]},"properties":{"fecha":"2016-10-31","codigo_territorio":"42","nombre_territorio":"Soria","longitud":-2.589,"latitud":41.621,"total":3216,"indefinido":249,"temporal":2967,"provincia":"SO"}},{"type":"Feature","geometry":{"type":"Point","coordinates":[-4.847,41.634]},"properties":{"fecha":"2016-10-31","codigo_territorio":"47","nombre_territorio":"Valladolid","longitud":-4.847,"latitud":41.634,"total":21474,"indefinido":2104,"temporal":19370,"provincia":"VA"}},{"type":"Feature","geometry":{"type":"Point","coordinates":[-6.066,40.805]},"properties":{"fecha":"2016-10-31","codigo_territorio":"37","nombre_territorio":"Salamanca","longitud":-6.066,"latitud":40.805,"total":10437,"indefinido":869,"temporal":9568,"provincia":"SA"}},{"type":"Feature","geometry":{"type":"Point","coordinates":[-4.055,41.171]},"properties":{"fecha":"2016-10-31","codigo_territorio":"40","nombre_territorio":"Segovia","longitud":-4.055,"latitud":41.171,"total":7394,"indefinido":674,"temporal":6720,"provincia":"SE"}},{"type":"Feature","geometry":{"type":"Point","coordinates":[-5.979,41.727]},"properties":{"fecha":"2016-10-31","codigo_territorio":"49","nombre_territorio":"Zamora","longitud":-5.979,"latitud":41.727,"total":5949,"indefinido":300,"temporal":5649,"provincia":"ZA"}},{"type":"Feature","geometry":{"type":"Point","coordinates":[-4.397,41.835]},"properties":{"fecha":"2016-10-31","codigo_territorio":"07","nombre_territorio":"Castilla Le\u00f3n","longitud":-4.397,"latitud":41.835,"total":90144,"indefinido":7222,"temporal":82922,"provincia":"CYL"}},{"type":"Feature","geometry":{"type":"Point","coordinates":[-5.841,42.62]},"properties":{"fecha":"2016-09-30","codigo_territorio":"24","nombre_territorio":"Le\u00f3n","longitud":-5.841,"latitud":42.62,"total":14514,"indefinido":1038,"temporal":13476,"provincia":"LE"}},{"type":"Feature","geometry":{"type":"Point","coordinates":[-4.535,42.37]},"properties":{"fecha":"2016-09-30","codigo_territorio":"34","nombre_territorio":"Palencia","longitud":-4.535,"latitud":42.37,"total":8056,"indefinido":431,"temporal":7625,"provincia":"PA"}},{"type":"Feature","geometry":{"type":"Point","coordinates":[-2.589,41.621]},"properties":{"fecha":"2016-09-30","codigo_territorio":"42","nombre_territorio":"Soria","longitud":-2.589,"latitud":41.621,"total":3359,"indefinido":302,"temporal":3057,"provincia":"SO"}},{"type":"Feature","geometry":{"type":"Point","coordinates":[-5.979,41.727]},"properties":{"fecha":"2016-09-30","codigo_territorio":"49","nombre_territorio":"Zamora","longitud":-5.979,"latitud":41.727,"total":5699,"indefinido":275,"temporal":5424,"provincia":"ZA"}},{"type":"Feature","geometry":{"type":"Point","coordinates":[-6.066,40.805]},"properties":{"fecha":"2016-09-30","codigo_territorio":"37","nombre_territorio":"Salamanca","longitud":-6.066,"latitud":40.805,"total":12117,"indefinido":950,"temporal":11167,"provincia":"SA"}},{"type":"Feature","geometry":{"type":"Point","coordinates":[-4.397,41.835]},"properties":{"fecha":"2016-09-30","codigo_territorio":"07","nombre_territorio":"Castilla Le\u00f3n","longitud":-4.397,"latitud":41.835,"total":89415,"indefinido":6881,"temporal":82534,"provincia":"CYL"}},{"type":"Feature","geometry":{"type":"Point","coordinates":[-4.946,40.571]},"properties":{"fecha":"2016-09-30","codigo_territorio":"05","nombre_territorio":"\u00c1vila","longitud":-4.946,"latitud":40.571,"total":5295,"indefinido":375,"temporal":4920,"provincia":"AV"}},{"type":"Feature","geometry":{"type":"Point","coordinates":[-3.586,42.367]},"properties":{"fecha":"2016-09-30","codigo_territorio":"09","nombre_territorio":"Burgos","longitud":-3.586,"latitud":42.367,"total":12420,"indefinido":1145,"temporal":11275,"provincia":"BU"}},{"type":"Feature","geometry":{"type":"Point","coordinates":[-4.055,41.171]},"properties":{"fecha":"2016-09-30","codigo_territorio":"40","nombre_territorio":"Segovia","longitud":-4.055,"latitud":41.171,"total":6305,"indefinido":409,"temporal":5896,"provincia":"SE"}},{"type":"Feature","geometry":{"type":"Point","coordinates":[-4.847,41.634]},"properties":{"fecha":"2016-09-30","codigo_territorio":"47","nombre_territorio":"Valladolid","longitud":-4.847,"latitud":41.634,"total":21650,"indefinido":1956,"temporal":19694,"provincia":"VA"}},{"type":"Feature","geometry":{"type":"Point","coordinates":[-2.589,41.621]},"properties":{"fecha":"2016-08-31","codigo_territorio":"42","nombre_territorio":"Soria","longitud":-2.589,"latitud":41.621,"total":3567,"indefinido":237,"temporal":3330,"provincia":"SO"}},{"type":"Feature","geometry":{"type":"Point","coordinates":[-3.586,42.367]},"properties":{"fecha":"2016-08-31","codigo_territorio":"09","nombre_territorio":"Burgos","longitud":-3.586,"latitud":42.367,"total":11296,"indefinido":713,"temporal":10583,"provincia":"BU"}},{"type":"Feature","geometry":{"type":"Point","coordinates":[-4.535,42.37]},"properties":{"fecha":"2016-08-31","codigo_territorio":"34","nombre_territorio":"Palencia","longitud":-4.535,"latitud":42.37,"total":8391,"indefinido":310,"temporal":8081,"provincia":"PA"}},{"type":"Feature","geometry":{"type":"Point","coordinates":[-6.066,40.805]},"properties":{"fecha":"2016-08-31","codigo_territorio":"37","nombre_territorio":"Salamanca","longitud":-6.066,"latitud":40.805,"total":10932,"indefinido":605,"temporal":10327,"provincia":"SA"}},{"type":"Feature","geometry":{"type":"Point","coordinates":[-4.055,41.171]},"properties":{"fecha":"2016-08-31","codigo_territorio":"40","nombre_territorio":"Segovia","longitud":-4.055,"latitud":41.171,"total":6048,"indefinido":352,"temporal":5696,"provincia":"SE"}},{"type":"Feature","geometry":{"type":"Point","coordinates":[-4.847,41.634]},"properties":{"fecha":"2016-08-31","codigo_territorio":"47","nombre_territorio":"Valladolid","longitud":-4.847,"latitud":41.634,"total":17770,"indefinido":1271,"temporal":16499,"provincia":"VA"}},{"type":"Feature","geometry":{"type":"Point","coordinates":[-4.946,40.571]},"properties":{"fecha":"2016-08-31","codigo_territorio":"05","nombre_territorio":"\u00c1vila","longitud":-4.946,"latitud":40.571,"total":4909,"indefinido":248,"temporal":4661,"provincia":"AV"}},{"type":"Feature","geometry":{"type":"Point","coordinates":[-5.841,42.62]},"properties":{"fecha":"2016-08-31","codigo_territorio":"24","nombre_territorio":"Le\u00f3n","longitud":-5.841,"latitud":42.62,"total":11440,"indefinido":937,"temporal":10503,"provincia":"LE"}},{"type":"Feature","geometry":{"type":"Point","coordinates":[-5.979,41.727]},"properties":{"fecha":"2016-08-31","codigo_territorio":"49","nombre_territorio":"Zamora","longitud":-5.979,"latitud":41.727,"total":5225,"indefinido":248,"temporal":4977,"provincia":"ZA"}},{"type":"Feature","geometry":{"type":"Point","coordinates":[-4.397,41.835]},"properties":{"fecha":"2016-08-31","codigo_territorio":"07","nombre_territorio":"Castilla Le\u00f3n","longitud":-4.397,"latitud":41.835,"total":79578,"indefinido":4921,"temporal":74657,"provincia":"CYL"}},{"type":"Feature","geometry":{"type":"Point","coordinates":[-6.066,40.805]},"properties":{"fecha":"2016-07-31","codigo_territorio":"37","nombre_territorio":"Salamanca","longitud":-6.066,"latitud":40.805,"total":11537,"indefinido":767,"temporal":10770,"provincia":"SA"}},{"type":"Feature","geometry":{"type":"Point","coordinates":[-4.847,41.634]},"properties":{"fecha":"2016-07-31","codigo_territorio":"47","nombre_territorio":"Valladolid","longitud":-4.847,"latitud":41.634,"total":20338,"indefinido":1361,"temporal":18977,"provincia":"VA"}},{"type":"Feature","geometry":{"type":"Point","coordinates":[-5.979,41.727]},"properties":{"fecha":"2016-07-31","codigo_territorio":"49","nombre_territorio":"Zamora","longitud":-5.979,"latitud":41.727,"total":5531,"indefinido":279,"temporal":5252,"provincia":"ZA"}},{"type":"Feature","geometry":{"type":"Point","coordinates":[-4.946,40.571]},"properties":{"fecha":"2016-07-31","codigo_territorio":"05","nombre_territorio":"\u00c1vila","longitud":-4.946,"latitud":40.571,"total":5753,"indefinido":291,"temporal":5462,"provincia":"AV"}},{"type":"Feature","geometry":{"type":"Point","coordinates":[-4.055,41.171]},"properties":{"fecha":"2016-07-31","codigo_territorio":"40","nombre_territorio":"Segovia","longitud":-4.055,"latitud":41.171,"total":7557,"indefinido":478,"temporal":7079,"provincia":"SE"}},{"type":"Feature","geometry":{"type":"Point","coordinates":[-4.397,41.835]},"properties":{"fecha":"2016-07-31","codigo_territorio":"07","nombre_territorio":"Castilla Le\u00f3n","longitud":-4.397,"latitud":41.835,"total":89011,"indefinido":5696,"temporal":83315,"provincia":"CYL"}},{"type":"Feature","geometry":{"type":"Point","coordinates":[-3.586,42.367]},"properties":{"fecha":"2016-07-31","codigo_territorio":"09","nombre_territorio":"Burgos","longitud":-3.586,"latitud":42.367,"total":13195,"indefinido":990,"temporal":12205,"provincia":"BU"}},{"type":"Feature","geometry":{"type":"Point","coordinates":[-5.841,42.62]},"properties":{"fecha":"2016-07-31","codigo_territorio":"24","nombre_territorio":"Le\u00f3n","longitud":-5.841,"latitud":42.62,"total":12806,"indefinido":994,"temporal":11812,"provincia":"LE"}},{"type":"Feature","geometry":{"type":"Point","coordinates":[-4.535,42.37]},"properties":{"fecha":"2016-07-31","codigo_territorio":"34","nombre_territorio":"Palencia","longitud":-4.535,"latitud":42.37,"total":8594,"indefinido":296,"temporal":8298,"provincia":"PA"}},{"type":"Feature","geometry":{"type":"Point","coordinates":[-2.589,41.621]},"properties":{"fecha":"2016-07-31","codigo_territorio":"42","nombre_territorio":"Soria","longitud":-2.589,"latitud":41.621,"total":3700,"indefinido":240,"temporal":3460,"provincia":"SO"}},{"type":"Feature","geometry":{"type":"Point","coordinates":[-4.946,40.571]},"properties":{"fecha":"2016-06-30","codigo_territorio":"05","nombre_territorio":"\u00c1vila","longitud":-4.946,"latitud":40.571,"total":5769,"indefinido":311,"temporal":5458,"provincia":"AV"}},{"type":"Feature","geometry":{"type":"Point","coordinates":[-5.841,42.62]},"properties":{"fecha":"2016-06-30","codigo_territorio":"24","nombre_territorio":"Le\u00f3n","longitud":-5.841,"latitud":42.62,"total":13040,"indefinido":1105,"temporal":11935,"provincia":"LE"}},{"type":"Feature","geometry":{"type":"Point","coordinates":[-4.535,42.37]},"properties":{"fecha":"2016-06-30","codigo_territorio":"34","nombre_territorio":"Palencia","longitud":-4.535,"latitud":42.37,"total":8204,"indefinido":456,"temporal":7748,"provincia":"PA"}},{"type":"Feature","geometry":{"type":"Point","coordinates":[-6.066,40.805]},"properties":{"fecha":"2016-06-30","codigo_territorio":"37","nombre_territorio":"Salamanca","longitud":-6.066,"latitud":40.805,"total":12229,"indefinido":943,"temporal":11286,"provincia":"SA"}},{"type":"Feature","geometry":{"type":"Point","coordinates":[-4.055,41.171]},"properties":{"fecha":"2016-06-30","codigo_territorio":"40","nombre_territorio":"Segovia","longitud":-4.055,"latitud":41.171,"total":6384,"indefinido":420,"temporal":5964,"provincia":"SE"}},{"type":"Feature","geometry":{"type":"Point","coordinates":[-4.847,41.634]},"properties":{"fecha":"2016-06-30","codigo_territorio":"47","nombre_territorio":"Valladolid","longitud":-4.847,"latitud":41.634,"total":19766,"indefinido":1503,"temporal":18263,"provincia":"VA"}},{"type":"Feature","geometry":{"type":"Point","coordinates":[-3.586,42.367]},"properties":{"fecha":"2016-06-30","codigo_territorio":"09","nombre_territorio":"Burgos","longitud":-3.586,"latitud":42.367,"total":13460,"indefinido":934,"temporal":12526,"provincia":"BU"}},{"type":"Feature","geometry":{"type":"Point","coordinates":[-2.589,41.621]},"properties":{"fecha":"2016-06-30","codigo_territorio":"42","nombre_territorio":"Soria","longitud":-2.589,"latitud":41.621,"total":3443,"indefinido":266,"temporal":3177,"provincia":"SO"}},{"type":"Feature","geometry":{"type":"Point","coordinates":[-5.979,41.727]},"properties":{"fecha":"2016-06-30","codigo_territorio":"49","nombre_territorio":"Zamora","longitud":-5.979,"latitud":41.727,"total":5631,"indefinido":285,"temporal":5346,"provincia":"ZA"}},{"type":"Feature","geometry":{"type":"Point","coordinates":[-4.397,41.835]},"properties":{"fecha":"2016-06-30","codigo_territorio":"07","nombre_territorio":"Castilla Le\u00f3n","longitud":-4.397,"latitud":41.835,"total":87926,"indefinido":6223,"temporal":81703,"provincia":"CYL"}},{"type":"Feature","geometry":{"type":"Point","coordinates":[-4.946,40.571]},"properties":{"fecha":"2016-05-31","codigo_territorio":"05","nombre_territorio":"\u00c1vila","longitud":-4.946,"latitud":40.571,"total":4967,"indefinido":279,"temporal":4688,"provincia":"AV"}},{"type":"Feature","geometry":{"type":"Point","coordinates":[-6.066,40.805]},"properties":{"fecha":"2016-05-31","codigo_territorio":"37","nombre_territorio":"Salamanca","longitud":-6.066,"latitud":40.805,"total":10439,"indefinido":615,"temporal":9824,"provincia":"SA"}},{"type":"Feature","geometry":{"type":"Point","coordinates":[-4.397,41.835]},"properties":{"fecha":"2016-05-31","codigo_territorio":"07","nombre_territorio":"Castilla Le\u00f3n","longitud":-4.397,"latitud":41.835,"total":78543,"indefinido":5793,"temporal":72750,"provincia":"CYL"}},{"type":"Feature","geometry":{"type":"Point","coordinates":[-5.841,42.62]},"properties":{"fecha":"2016-05-31","codigo_territorio":"24","nombre_territorio":"Le\u00f3n","longitud":-5.841,"latitud":42.62,"total":11795,"indefinido":976,"temporal":10819,"provincia":"LE"}},{"type":"Feature","geometry":{"type":"Point","coordinates":[-4.055,41.171]},"properties":{"fecha":"2016-05-31","codigo_territorio":"40","nombre_territorio":"Segovia","longitud":-4.055,"latitud":41.171,"total":5993,"indefinido":437,"temporal":5556,"provincia":"SE"}},{"type":"Feature","geometry":{"type":"Point","coordinates":[-3.586,42.367]},"properties":{"fecha":"2016-05-31","codigo_territorio":"09","nombre_territorio":"Burgos","longitud":-3.586,"latitud":42.367,"total":11764,"indefinido":1003,"temporal":10761,"provincia":"BU"}},{"type":"Feature","geometry":{"type":"Point","coordinates":[-4.535,42.37]},"properties":{"fecha":"2016-05-31","codigo_territorio":"34","nombre_territorio":"Palencia","longitud":-4.535,"latitud":42.37,"total":7058,"indefinido":390,"temporal":6668,"provincia":"PA"}},{"type":"Feature","geometry":{"type":"Point","coordinates":[-2.589,41.621]},"properties":{"fecha":"2016-05-31","codigo_territorio":"42","nombre_territorio":"Soria","longitud":-2.589,"latitud":41.621,"total":2835,"indefinido":265,"temporal":2570,"provincia":"SO"}},{"type":"Feature","geometry":{"type":"Point","coordinates":[-4.847,41.634]},"properties":{"fecha":"2016-05-31","codigo_territorio":"47","nombre_territorio":"Valladolid","longitud":-4.847,"latitud":41.634,"total":18848,"indefinido":1496,"temporal":17352,"provincia":"VA"}},{"type":"Feature","geometry":{"type":"Point","coordinates":[-5.979,41.727]},"properties":{"fecha":"2016-05-31","codigo_territorio":"49","nombre_territorio":"Zamora","longitud":-5.979,"latitud":41.727,"total":4844,"indefinido":332,"temporal":4512,"provincia":"ZA"}},{"type":"Feature","geometry":{"type":"Point","coordinates":[-4.946,40.571]},"properties":{"fecha":"2016-04-30","codigo_territorio":"05","nombre_territorio":"\u00c1vila","longitud":-4.946,"latitud":40.571,"total":3281,"indefinido":275,"temporal":3006,"provincia":"AV"}},{"type":"Feature","geometry":{"type":"Point","coordinates":[-3.586,42.367]},"properties":{"fecha":"2016-04-30","codigo_territorio":"09","nombre_territorio":"Burgos","longitud":-3.586,"latitud":42.367,"total":9395,"indefinido":971,"temporal":8424,"provincia":"BU"}},{"type":"Feature","geometry":{"type":"Point","coordinates":[-6.066,40.805]},"properties":{"fecha":"2016-04-30","codigo_territorio":"37","nombre_territorio":"Salamanca","longitud":-6.066,"latitud":40.805,"total":7919,"indefinido":677,"temporal":7242,"provincia":"SA"}},{"type":"Feature","geometry":{"type":"Point","coordinates":[-5.979,41.727]},"properties":{"fecha":"2016-04-30","codigo_territorio":"49","nombre_territorio":"Zamora","longitud":-5.979,"latitud":41.727,"total":3584,"indefinido":310,"temporal":3274,"provincia":"ZA"}},{"type":"Feature","geometry":{"type":"Point","coordinates":[-5.841,42.62]},"properties":{"fecha":"2016-04-30","codigo_territorio":"24","nombre_territorio":"Le\u00f3n","longitud":-5.841,"latitud":42.62,"total":9150,"indefinido":993,"temporal":8157,"provincia":"LE"}},{"type":"Feature","geometry":{"type":"Point","coordinates":[-4.535,42.37]},"properties":{"fecha":"2016-04-30","codigo_territorio":"34","nombre_territorio":"Palencia","longitud":-4.535,"latitud":42.37,"total":6184,"indefinido":467,"temporal":5717,"provincia":"PA"}},{"type":"Feature","geometry":{"type":"Point","coordinates":[-4.055,41.171]},"properties":{"fecha":"2016-04-30","codigo_territorio":"40","nombre_territorio":"Segovia","longitud":-4.055,"latitud":41.171,"total":4525,"indefinido":418,"temporal":4107,"provincia":"SE"}},{"type":"Feature","geometry":{"type":"Point","coordinates":[-2.589,41.621]},"properties":{"fecha":"2016-04-30","codigo_territorio":"42","nombre_territorio":"Soria","longitud":-2.589,"latitud":41.621,"total":2617,"indefinido":247,"temporal":2370,"provincia":"SO"}},{"type":"Feature","geometry":{"type":"Point","coordinates":[-4.847,41.634]},"properties":{"fecha":"2016-04-30","codigo_territorio":"47","nombre_territorio":"Valladolid","longitud":-4.847,"latitud":41.634,"total":15095,"indefinido":1488,"temporal":13607,"provincia":"VA"}},{"type":"Feature","geometry":{"type":"Point","coordinates":[-4.397,41.835]},"properties":{"fecha":"2016-04-30","codigo_territorio":"07","nombre_territorio":"Castilla Le\u00f3n","longitud":-4.397,"latitud":41.835,"total":61750,"indefinido":5846,"temporal":55904,"provincia":"CYL"}},{"type":"Feature","geometry":{"type":"Point","coordinates":[-4.946,40.571]},"properties":{"fecha":"2016-03-31","codigo_territorio":"05","nombre_territorio":"\u00c1vila","longitud":-4.946,"latitud":40.571,"total":3931,"indefinido":410,"temporal":3521,"provincia":"AV"}},{"type":"Feature","geometry":{"type":"Point","coordinates":[-6.066,40.805]},"properties":{"fecha":"2016-03-31","codigo_territorio":"37","nombre_territorio":"Salamanca","longitud":-6.066,"latitud":40.805,"total":7751,"indefinido":716,"temporal":7035,"provincia":"SA"}},{"type":"Feature","geometry":{"type":"Point","coordinates":[-5.979,41.727]},"properties":{"fecha":"2016-03-31","codigo_territorio":"49","nombre_territorio":"Zamora","longitud":-5.979,"latitud":41.727,"total":3924,"indefinido":344,"temporal":3580,"provincia":"ZA"}},{"type":"Feature","geometry":{"type":"Point","coordinates":[-3.586,42.367]},"properties":{"fecha":"2016-03-31","codigo_territorio":"09","nombre_territorio":"Burgos","longitud":-3.586,"latitud":42.367,"total":9413,"indefinido":994,"temporal":8419,"provincia":"BU"}},{"type":"Feature","geometry":{"type":"Point","coordinates":[-4.535,42.37]},"properties":{"fecha":"2016-03-31","codigo_territorio":"34","nombre_territorio":"Palencia","longitud":-4.535,"latitud":42.37,"total":5958,"indefinido":386,"temporal":5572,"provincia":"PA"}},{"type":"Feature","geometry":{"type":"Point","coordinates":[-4.055,41.171]},"properties":{"fecha":"2016-03-31","codigo_territorio":"40","nombre_territorio":"Segovia","longitud":-4.055,"latitud":41.171,"total":4777,"indefinido":395,"temporal":4382,"provincia":"SE"}},{"type":"Feature","geometry":{"type":"Point","coordinates":[-2.589,41.621]},"properties":{"fecha":"2016-03-31","codigo_territorio":"42","nombre_territorio":"Soria","longitud":-2.589,"latitud":41.621,"total":2533,"indefinido":273,"temporal":2260,"provincia":"SO"}},{"type":"Feature","geometry":{"type":"Point","coordinates":[-4.847,41.634]},"properties":{"fecha":"2016-03-31","codigo_territorio":"47","nombre_territorio":"Valladolid","longitud":-4.847,"latitud":41.634,"total":15201,"indefinido":1509,"temporal":13692,"provincia":"VA"}},{"type":"Feature","geometry":{"type":"Point","coordinates":[-5.841,42.62]},"properties":{"fecha":"2016-03-31","codigo_territorio":"24","nombre_territorio":"Le\u00f3n","longitud":-5.841,"latitud":42.62,"total":9821,"indefinido":1087,"temporal":8734,"provincia":"LE"}},{"type":"Feature","geometry":{"type":"Point","coordinates":[-4.397,41.835]},"properties":{"fecha":"2016-03-31","codigo_territorio":"07","nombre_territorio":"Castilla Le\u00f3n","longitud":-4.397,"latitud":41.835,"total":63309,"indefinido":6114,"temporal":57195,"provincia":"CYL"}},{"type":"Feature","geometry":{"type":"Point","coordinates":[-4.847,41.634]},"properties":{"fecha":"2016-02-29","codigo_territorio":"47","nombre_territorio":"Valladolid","longitud":-4.847,"latitud":41.634,"total":14599,"indefinido":1596,"temporal":13003,"provincia":"VA"}},{"type":"Feature","geometry":{"type":"Point","coordinates":[-4.946,40.571]},"properties":{"fecha":"2016-02-29","codigo_territorio":"05","nombre_territorio":"\u00c1vila","longitud":-4.946,"latitud":40.571,"total":3026,"indefinido":319,"temporal":2707,"provincia":"AV"}},{"type":"Feature","geometry":{"type":"Point","coordinates":[-3.586,42.367]},"properties":{"fecha":"2016-02-29","codigo_territorio":"09","nombre_territorio":"Burgos","longitud":-3.586,"latitud":42.367,"total":8439,"indefinido":988,"temporal":7451,"provincia":"BU"}},{"type":"Feature","geometry":{"type":"Point","coordinates":[-4.535,42.37]},"properties":{"fecha":"2016-02-29","codigo_territorio":"34","nombre_territorio":"Palencia","longitud":-4.535,"latitud":42.37,"total":5198,"indefinido":410,"temporal":4788,"provincia":"PA"}},{"type":"Feature","geometry":{"type":"Point","coordinates":[-6.066,40.805]},"properties":{"fecha":"2016-02-29","codigo_territorio":"37","nombre_territorio":"Salamanca","longitud":-6.066,"latitud":40.805,"total":7433,"indefinido":774,"temporal":6659,"provincia":"SA"}},{"type":"Feature","geometry":{"type":"Point","coordinates":[-2.589,41.621]},"properties":{"fecha":"2016-02-29","codigo_territorio":"42","nombre_territorio":"Soria","longitud":-2.589,"latitud":41.621,"total":2272,"indefinido":240,"temporal":2032,"provincia":"SO"}},{"type":"Feature","geometry":{"type":"Point","coordinates":[-5.841,42.62]},"properties":{"fecha":"2016-02-29","codigo_territorio":"24","nombre_territorio":"Le\u00f3n","longitud":-5.841,"latitud":42.62,"total":8841,"indefinido":1071,"temporal":7770,"provincia":"LE"}},{"type":"Feature","geometry":{"type":"Point","coordinates":[-4.055,41.171]},"properties":{"fecha":"2016-02-29","codigo_territorio":"40","nombre_territorio":"Segovia","longitud":-4.055,"latitud":41.171,"total":4119,"indefinido":450,"temporal":3669,"provincia":"SE"}},{"type":"Feature","geometry":{"type":"Point","coordinates":[-5.979,41.727]},"properties":{"fecha":"2016-02-29","codigo_territorio":"49","nombre_territorio":"Zamora","longitud":-5.979,"latitud":41.727,"total":3040,"indefinido":313,"temporal":2727,"provincia":"ZA"}},{"type":"Feature","geometry":{"type":"Point","coordinates":[-4.397,41.835]},"properties":{"fecha":"2016-02-29","codigo_territorio":"07","nombre_territorio":"Castilla Le\u00f3n","longitud":-4.397,"latitud":41.835,"total":56967,"indefinido":6161,"temporal":50806,"provincia":"CYL"}},{"type":"Feature","geometry":{"type":"Point","coordinates":[-5.841,42.62]},"properties":{"fecha":"2016-01-31","codigo_territorio":"24","nombre_territorio":"Le\u00f3n","longitud":-5.841,"latitud":42.62,"total":7706,"indefinido":877,"temporal":6829,"provincia":"LE"}},{"type":"Feature","geometry":{"type":"Point","coordinates":[-4.055,41.171]},"properties":{"fecha":"2016-01-31","codigo_territorio":"40","nombre_territorio":"Segovia","longitud":-4.055,"latitud":41.171,"total":3818,"indefinido":352,"temporal":3466,"provincia":"SE"}},{"type":"Feature","geometry":{"type":"Point","coordinates":[-2.589,41.621]},"properties":{"fecha":"2016-01-31","codigo_territorio":"42","nombre_territorio":"Soria","longitud":-2.589,"latitud":41.621,"total":2216,"indefinido":270,"temporal":1946,"provincia":"SO"}},{"type":"Feature","geometry":{"type":"Point","coordinates":[-4.397,41.835]},"properties":{"fecha":"2016-01-31","codigo_territorio":"07","nombre_territorio":"Castilla Le\u00f3n","longitud":-4.397,"latitud":41.835,"total":53924,"indefinido":5136,"temporal":48788,"provincia":"CYL"}},{"type":"Feature","geometry":{"type":"Point","coordinates":[-4.946,40.571]},"properties":{"fecha":"2016-01-31","codigo_territorio":"05","nombre_territorio":"\u00c1vila","longitud":-4.946,"latitud":40.571,"total":2775,"indefinido":236,"temporal":2539,"provincia":"AV"}},{"type":"Feature","geometry":{"type":"Point","coordinates":[-3.586,42.367]},"properties":{"fecha":"2016-01-31","codigo_territorio":"09","nombre_territorio":"Burgos","longitud":-3.586,"latitud":42.367,"total":8809,"indefinido":834,"temporal":7975,"provincia":"BU"}},{"type":"Feature","geometry":{"type":"Point","coordinates":[-4.847,41.634]},"properties":{"fecha":"2016-01-31","codigo_territorio":"47","nombre_territorio":"Valladolid","longitud":-4.847,"latitud":41.634,"total":13295,"indefinido":1295,"temporal":12000,"provincia":"VA"}},{"type":"Feature","geometry":{"type":"Point","coordinates":[-4.535,42.37]},"properties":{"fecha":"2016-01-31","codigo_territorio":"34","nombre_territorio":"Palencia","longitud":-4.535,"latitud":42.37,"total":5489,"indefinido":340,"temporal":5149,"provincia":"PA"}},{"type":"Feature","geometry":{"type":"Point","coordinates":[-6.066,40.805]},"properties":{"fecha":"2016-01-31","codigo_territorio":"37","nombre_territorio":"Salamanca","longitud":-6.066,"latitud":40.805,"total":6736,"indefinido":699,"temporal":6037,"provincia":"SA"}},{"type":"Feature","geometry":{"type":"Point","coordinates":[-5.979,41.727]},"properties":{"fecha":"2016-01-31","codigo_territorio":"49","nombre_territorio":"Zamora","longitud":-5.979,"latitud":41.727,"total":3080,"indefinido":233,"temporal":2847,"provincia":"ZA"}},{"type":"Feature","geometry":{"type":"Point","coordinates":[-3.586,42.367]},"properties":{"fecha":"2015-12-31","codigo_territorio":"09","nombre_territorio":"Burgos","longitud":-3.586,"latitud":42.367,"total":9289,"indefinido":636,"temporal":8653,"provincia":"BU"}},{"type":"Feature","geometry":{"type":"Point","coordinates":[-4.055,41.171]},"properties":{"fecha":"2015-12-31","codigo_territorio":"40","nombre_territorio":"Segovia","longitud":-4.055,"latitud":41.171,"total":4845,"indefinido":322,"temporal":4523,"provincia":"SE"}},{"type":"Feature","geometry":{"type":"Point","coordinates":[-2.589,41.621]},"properties":{"fecha":"2015-12-31","codigo_territorio":"42","nombre_territorio":"Soria","longitud":-2.589,"latitud":41.621,"total":2007,"indefinido":156,"temporal":1851,"provincia":"SO"}},{"type":"Feature","geometry":{"type":"Point","coordinates":[-4.946,40.571]},"properties":{"fecha":"2015-12-31","codigo_territorio":"05","nombre_territorio":"\u00c1vila","longitud":-4.946,"latitud":40.571,"total":3931,"indefinido":218,"temporal":3713,"provincia":"AV"}},{"type":"Feature","geometry":{"type":"Point","coordinates":[-6.066,40.805]},"properties":{"fecha":"2015-12-31","codigo_territorio":"37","nombre_territorio":"Salamanca","longitud":-6.066,"latitud":40.805,"total":8038,"indefinido":581,"temporal":7457,"provincia":"SA"}},{"type":"Feature","geometry":{"type":"Point","coordinates":[-5.841,42.62]},"properties":{"fecha":"2015-12-31","codigo_territorio":"24","nombre_territorio":"Le\u00f3n","longitud":-5.841,"latitud":42.62,"total":8581,"indefinido":773,"temporal":7808,"provincia":"LE"}},{"type":"Feature","geometry":{"type":"Point","coordinates":[-4.535,42.37]},"properties":{"fecha":"2015-12-31","codigo_territorio":"34","nombre_territorio":"Palencia","longitud":-4.535,"latitud":42.37,"total":5899,"indefinido":241,"temporal":5658,"provincia":"PA"}},{"type":"Feature","geometry":{"type":"Point","coordinates":[-4.847,41.634]},"properties":{"fecha":"2015-12-31","codigo_territorio":"47","nombre_territorio":"Valladolid","longitud":-4.847,"latitud":41.634,"total":15013,"indefinido":1039,"temporal":13974,"provincia":"VA"}},{"type":"Feature","geometry":{"type":"Point","coordinates":[-5.979,41.727]},"properties":{"fecha":"2015-12-31","codigo_territorio":"49","nombre_territorio":"Zamora","longitud":-5.979,"latitud":41.727,"total":3701,"indefinido":263,"temporal":3438,"provincia":"ZA"}},{"type":"Feature","geometry":{"type":"Point","coordinates":[-4.397,41.835]},"properties":{"fecha":"2015-12-31","codigo_territorio":"07","nombre_territorio":"Castilla Le\u00f3n","longitud":-4.397,"latitud":41.835,"total":61304,"indefinido":4229,"temporal":57075,"provincia":"CYL"}},{"type":"Feature","geometry":{"type":"Point","coordinates":[-4.946,40.571]},"properties":{"fecha":"2015-11-30","codigo_territorio":"05","nombre_territorio":"\u00c1vila","longitud":-4.946,"latitud":40.571,"total":3783,"indefinido":267,"temporal":3516,"provincia":"AV"}},{"type":"Feature","geometry":{"type":"Point","coordinates":[-3.586,42.367]},"properties":{"fecha":"2015-11-30","codigo_territorio":"09","nombre_territorio":"Burgos","longitud":-3.586,"latitud":42.367,"total":8632,"indefinido":695,"temporal":7937,"provincia":"BU"}},{"type":"Feature","geometry":{"type":"Point","coordinates":[-4.535,42.37]},"properties":{"fecha":"2015-11-30","codigo_territorio":"34","nombre_territorio":"Palencia","longitud":-4.535,"latitud":42.37,"total":5239,"indefinido":355,"temporal":4884,"provincia":"PA"}},{"type":"Feature","geometry":{"type":"Point","coordinates":[-6.066,40.805]},"properties":{"fecha":"2015-11-30","codigo_territorio":"37","nombre_territorio":"Salamanca","longitud":-6.066,"latitud":40.805,"total":7452,"indefinido":678,"temporal":6774,"provincia":"SA"}},{"type":"Feature","geometry":{"type":"Point","coordinates":[-2.589,41.621]},"properties":{"fecha":"2015-11-30","codigo_territorio":"42","nombre_territorio":"Soria","longitud":-2.589,"latitud":41.621,"total":2327,"indefinido":191,"temporal":2136,"provincia":"SO"}},{"type":"Feature","geometry":{"type":"Point","coordinates":[-5.841,42.62]},"properties":{"fecha":"2015-11-30","codigo_territorio":"24","nombre_territorio":"Le\u00f3n","longitud":-5.841,"latitud":42.62,"total":9156,"indefinido":916,"temporal":8240,"provincia":"LE"}},{"type":"Feature","geometry":{"type":"Point","coordinates":[-4.055,41.171]},"properties":{"fecha":"2015-11-30","codigo_territorio":"40","nombre_territorio":"Segovia","longitud":-4.055,"latitud":41.171,"total":5433,"indefinido":376,"temporal":5057,"provincia":"SE"}},{"type":"Feature","geometry":{"type":"Point","coordinates":[-4.847,41.634]},"properties":{"fecha":"2015-11-30","codigo_territorio":"47","nombre_territorio":"Valladolid","longitud":-4.847,"latitud":41.634,"total":16053,"indefinido":1268,"temporal":14785,"provincia":"VA"}},{"type":"Feature","geometry":{"type":"Point","coordinates":[-5.979,41.727]},"properties":{"fecha":"2015-11-30","codigo_territorio":"49","nombre_territorio":"Zamora","longitud":-5.979,"latitud":41.727,"total":3695,"indefinido":266,"temporal":3429,"provincia":"ZA"}},{"type":"Feature","geometry":{"type":"Point","coordinates":[-4.397,41.835]},"properties":{"fecha":"2015-11-30","codigo_territorio":"07","nombre_territorio":"Castilla Le\u00f3n","longitud":-4.397,"latitud":41.835,"total":61770,"indefinido":5012,"temporal":56758,"provincia":"CYL"}},{"type":"Feature","geometry":{"type":"Point","coordinates":[-3.586,42.367]},"properties":{"fecha":"2015-10-31","codigo_territorio":"09","nombre_territorio":"Burgos","longitud":-3.586,"latitud":42.367,"total":13457,"indefinido":1013,"temporal":12444,"provincia":"BU"}},{"type":"Feature","geometry":{"type":"Point","coordinates":[-6.066,40.805]},"properties":{"fecha":"2015-10-31","codigo_territorio":"37","nombre_territorio":"Salamanca","longitud":-6.066,"latitud":40.805,"total":10016,"indefinido":767,"temporal":9249,"provincia":"SA"}},{"type":"Feature","geometry":{"type":"Point","coordinates":[-4.055,41.171]},"properties":{"fecha":"2015-10-31","codigo_territorio":"40","nombre_territorio":"Segovia","longitud":-4.055,"latitud":41.171,"total":7056,"indefinido":756,"temporal":6300,"provincia":"SE"}},{"type":"Feature","geometry":{"type":"Point","coordinates":[-4.847,41.634]},"properties":{"fecha":"2015-10-31","codigo_territorio":"47","nombre_territorio":"Valladolid","longitud":-4.847,"latitud":41.634,"total":19869,"indefinido":1768,"temporal":18101,"provincia":"VA"}},{"type":"Feature","geometry":{"type":"Point","coordinates":[-5.979,41.727]},"properties":{"fecha":"2015-10-31","codigo_territorio":"49","nombre_territorio":"Zamora","longitud":-5.979,"latitud":41.727,"total":4831,"indefinido":212,"temporal":4619,"provincia":"ZA"}},{"type":"Feature","geometry":{"type":"Point","coordinates":[-5.841,42.62]},"properties":{"fecha":"2015-10-31","codigo_territorio":"24","nombre_territorio":"Le\u00f3n","longitud":-5.841,"latitud":42.62,"total":11210,"indefinido":1070,"temporal":10140,"provincia":"LE"}},{"type":"Feature","geometry":{"type":"Point","coordinates":[-4.535,42.37]},"properties":{"fecha":"2015-10-31","codigo_territorio":"34","nombre_territorio":"Palencia","longitud":-4.535,"latitud":42.37,"total":6450,"indefinido":330,"temporal":6120,"provincia":"PA"}},{"type":"Feature","geometry":{"type":"Point","coordinates":[-2.589,41.621]},"properties":{"fecha":"2015-10-31","codigo_territorio":"42","nombre_territorio":"Soria","longitud":-2.589,"latitud":41.621,"total":2861,"indefinido":221,"temporal":2640,"provincia":"SO"}},{"type":"Feature","geometry":{"type":"Point","coordinates":[-4.397,41.835]},"properties":{"fecha":"2015-10-31","codigo_territorio":"07","nombre_territorio":"Castilla Le\u00f3n","longitud":-4.397,"latitud":41.835,"total":81987,"indefinido":6551,"temporal":75436,"provincia":"CYL"}},{"type":"Feature","geometry":{"type":"Point","coordinates":[-4.946,40.571]},"properties":{"fecha":"2015-10-31","codigo_territorio":"05","nombre_territorio":"\u00c1vila","longitud":-4.946,"latitud":40.571,"total":6237,"indefinido":414,"temporal":5823,"provincia":"AV"}},{"type":"Feature","geometry":{"type":"Point","coordinates":[-3.586,42.367]},"properties":{"fecha":"2015-09-30","codigo_territorio":"09","nombre_territorio":"Burgos","longitud":-3.586,"latitud":42.367,"total":13481,"indefinido":950,"temporal":12531,"provincia":"BU"}},{"type":"Feature","geometry":{"type":"Point","coordinates":[-2.589,41.621]},"properties":{"fecha":"2015-09-30","codigo_territorio":"42","nombre_territorio":"Soria","longitud":-2.589,"latitud":41.621,"total":3124,"indefinido":211,"temporal":2913,"provincia":"SO"}},{"type":"Feature","geometry":{"type":"Point","coordinates":[-4.946,40.571]},"properties":{"fecha":"2015-09-30","codigo_territorio":"05","nombre_territorio":"\u00c1vila","longitud":-4.946,"latitud":40.571,"total":5153,"indefinido":294,"temporal":4859,"provincia":"AV"}},{"type":"Feature","geometry":{"type":"Point","coordinates":[-5.841,42.62]},"properties":{"fecha":"2015-09-30","codigo_territorio":"24","nombre_territorio":"Le\u00f3n","longitud":-5.841,"latitud":42.62,"total":13145,"indefinido":1001,"temporal":12144,"provincia":"LE"}},{"type":"Feature","geometry":{"type":"Point","coordinates":[-4.535,42.37]},"properties":{"fecha":"2015-09-30","codigo_territorio":"34","nombre_territorio":"Palencia","longitud":-4.535,"latitud":42.37,"total":7328,"indefinido":371,"temporal":6957,"provincia":"PA"}},{"type":"Feature","geometry":{"type":"Point","coordinates":[-6.066,40.805]},"properties":{"fecha":"2015-09-30","codigo_territorio":"37","nombre_territorio":"Salamanca","longitud":-6.066,"latitud":40.805,"total":11208,"indefinido":772,"temporal":10436,"provincia":"SA"}},{"type":"Feature","geometry":{"type":"Point","coordinates":[-4.055,41.171]},"properties":{"fecha":"2015-09-30","codigo_territorio":"40","nombre_territorio":"Segovia","longitud":-4.055,"latitud":41.171,"total":6129,"indefinido":383,"temporal":5746,"provincia":"SE"}},{"type":"Feature","geometry":{"type":"Point","coordinates":[-4.397,41.835]},"properties":{"fecha":"2015-09-30","codigo_territorio":"07","nombre_territorio":"Castilla Le\u00f3n","longitud":-4.397,"latitud":41.835,"total":87490,"indefinido":5714,"temporal":81776,"provincia":"CYL"}},{"type":"Feature","geometry":{"type":"Point","coordinates":[-4.847,41.634]},"properties":{"fecha":"2015-09-30","codigo_territorio":"47","nombre_territorio":"Valladolid","longitud":-4.847,"latitud":41.634,"total":21761,"indefinido":1456,"temporal":20305,"provincia":"VA"}},{"type":"Feature","geometry":{"type":"Point","coordinates":[-5.979,41.727]},"properties":{"fecha":"2015-09-30","codigo_territorio":"49","nombre_territorio":"Zamora","longitud":-5.979,"latitud":41.727,"total":6161,"indefinido":276,"temporal":5885,"provincia":"ZA"}},{"type":"Feature","geometry":{"type":"Point","coordinates":[-5.841,42.62]},"properties":{"fecha":"2015-08-31","codigo_territorio":"24","nombre_territorio":"Le\u00f3n","longitud":-5.841,"latitud":42.62,"total":9814,"indefinido":669,"temporal":9145,"provincia":"LE"}},{"type":"Feature","geometry":{"type":"Point","coordinates":[-4.397,41.835]},"properties":{"fecha":"2015-08-31","codigo_territorio":"07","nombre_territorio":"Castilla Le\u00f3n","longitud":-4.397,"latitud":41.835,"total":65044,"indefinido":3629,"temporal":61415,"provincia":"CYL"}},{"type":"Feature","geometry":{"type":"Point","coordinates":[-4.946,40.571]},"properties":{"fecha":"2015-08-31","codigo_territorio":"05","nombre_territorio":"\u00c1vila","longitud":-4.946,"latitud":40.571,"total":4083,"indefinido":179,"temporal":3904,"provincia":"AV"}},{"type":"Feature","geometry":{"type":"Point","coordinates":[-3.586,42.367]},"properties":{"fecha":"2015-08-31","codigo_territorio":"09","nombre_territorio":"Burgos","longitud":-3.586,"latitud":42.367,"total":9500,"indefinido":590,"temporal":8910,"provincia":"BU"}},{"type":"Feature","geometry":{"type":"Point","coordinates":[-4.535,42.37]},"properties":{"fecha":"2015-08-31","codigo_territorio":"34","nombre_territorio":"Palencia","longitud":-4.535,"latitud":42.37,"total":5781,"indefinido":217,"temporal":5564,"provincia":"PA"}},{"type":"Feature","geometry":{"type":"Point","coordinates":[-4.055,41.171]},"properties":{"fecha":"2015-08-31","codigo_territorio":"40","nombre_territorio":"Segovia","longitud":-4.055,"latitud":41.171,"total":4888,"indefinido":278,"temporal":4610,"provincia":"SE"}},{"type":"Feature","geometry":{"type":"Point","coordinates":[-2.589,41.621]},"properties":{"fecha":"2015-08-31","codigo_territorio":"42","nombre_territorio":"Soria","longitud":-2.589,"latitud":41.621,"total":2908,"indefinido":132,"temporal":2776,"provincia":"SO"}},{"type":"Feature","geometry":{"type":"Point","coordinates":[-4.847,41.634]},"properties":{"fecha":"2015-08-31","codigo_territorio":"47","nombre_territorio":"Valladolid","longitud":-4.847,"latitud":41.634,"total":14619,"indefinido":914,"temporal":13705,"provincia":"VA"}},{"type":"Feature","geometry":{"type":"Point","coordinates":[-6.066,40.805]},"properties":{"fecha":"2015-08-31","codigo_territorio":"37","nombre_territorio":"Salamanca","longitud":-6.066,"latitud":40.805,"total":9277,"indefinido":465,"temporal":8812,"provincia":"SA"}},{"type":"Feature","geometry":{"type":"Point","coordinates":[-5.979,41.727]},"properties":{"fecha":"2015-08-31","codigo_territorio":"49","nombre_territorio":"Zamora","longitud":-5.979,"latitud":41.727,"total":4174,"indefinido":185,"temporal":3989,"provincia":"ZA"}},{"type":"Feature","geometry":{"type":"Point","coordinates":[-4.946,40.571]},"properties":{"fecha":"2015-07-31","codigo_territorio":"05","nombre_territorio":"\u00c1vila","longitud":-4.946,"latitud":40.571,"total":6110,"indefinido":327,"temporal":5783,"provincia":"AV"}},{"type":"Feature","geometry":{"type":"Point","coordinates":[-5.841,42.62]},"properties":{"fecha":"2015-07-31","codigo_territorio":"24","nombre_territorio":"Le\u00f3n","longitud":-5.841,"latitud":42.62,"total":13051,"indefinido":967,"temporal":12084,"provincia":"LE"}},{"type":"Feature","geometry":{"type":"Point","coordinates":[-4.535,42.37]},"properties":{"fecha":"2015-07-31","codigo_territorio":"34","nombre_territorio":"Palencia","longitud":-4.535,"latitud":42.37,"total":7495,"indefinido":354,"temporal":7141,"provincia":"PA"}},{"type":"Feature","geometry":{"type":"Point","coordinates":[-4.055,41.171]},"properties":{"fecha":"2015-07-31","codigo_territorio":"40","nombre_territorio":"Segovia","longitud":-4.055,"latitud":41.171,"total":7101,"indefinido":391,"temporal":6710,"provincia":"SE"}},{"type":"Feature","geometry":{"type":"Point","coordinates":[-2.589,41.621]},"properties":{"fecha":"2015-07-31","codigo_territorio":"42","nombre_territorio":"Soria","longitud":-2.589,"latitud":41.621,"total":3765,"indefinido":232,"temporal":3533,"provincia":"SO"}},{"type":"Feature","geometry":{"type":"Point","coordinates":[-4.397,41.835]},"properties":{"fecha":"2015-07-31","codigo_territorio":"07","nombre_territorio":"Castilla Le\u00f3n","longitud":-4.397,"latitud":41.835,"total":87954,"indefinido":5281,"temporal":82673,"provincia":"CYL"}},{"type":"Feature","geometry":{"type":"Point","coordinates":[-3.586,42.367]},"properties":{"fecha":"2015-07-31","codigo_territorio":"09","nombre_territorio":"Burgos","longitud":-3.586,"latitud":42.367,"total":13425,"indefinido":790,"temporal":12635,"provincia":"BU"}},{"type":"Feature","geometry":{"type":"Point","coordinates":[-6.066,40.805]},"properties":{"fecha":"2015-07-31","codigo_territorio":"37","nombre_territorio":"Salamanca","longitud":-6.066,"latitud":40.805,"total":11516,"indefinido":635,"temporal":10881,"provincia":"SA"}},{"type":"Feature","geometry":{"type":"Point","coordinates":[-4.847,41.634]},"properties":{"fecha":"2015-07-31","codigo_territorio":"47","nombre_territorio":"Valladolid","longitud":-4.847,"latitud":41.634,"total":19926,"indefinido":1356,"temporal":18570,"provincia":"VA"}},{"type":"Feature","geometry":{"type":"Point","coordinates":[-5.979,41.727]},"properties":{"fecha":"2015-07-31","codigo_territorio":"49","nombre_territorio":"Zamora","longitud":-5.979,"latitud":41.727,"total":5565,"indefinido":229,"temporal":5336,"provincia":"ZA"}},{"type":"Feature","geometry":{"type":"Point","coordinates":[-3.586,42.367]},"properties":{"fecha":"2015-06-30","codigo_territorio":"09","nombre_territorio":"Burgos","longitud":-3.586,"latitud":42.367,"total":11943,"indefinido":778,"temporal":11165,"provincia":"BU"}},{"type":"Feature","geometry":{"type":"Point","coordinates":[-5.841,42.62]},"properties":{"fecha":"2015-06-30","codigo_territorio":"24","nombre_territorio":"Le\u00f3n","longitud":-5.841,"latitud":42.62,"total":11724,"indefinido":909,"temporal":10815,"provincia":"LE"}},{"type":"Feature","geometry":{"type":"Point","coordinates":[-4.946,40.571]},"properties":{"fecha":"2015-06-30","codigo_territorio":"05","nombre_territorio":"\u00c1vila","longitud":-4.946,"latitud":40.571,"total":5176,"indefinido":301,"temporal":4875,"provincia":"AV"}},{"type":"Feature","geometry":{"type":"Point","coordinates":[-4.055,41.171]},"properties":{"fecha":"2015-06-30","codigo_territorio":"40","nombre_territorio":"Segovia","longitud":-4.055,"latitud":41.171,"total":6125,"indefinido":341,"temporal":5784,"provincia":"SE"}},{"type":"Feature","geometry":{"type":"Point","coordinates":[-4.847,41.634]},"properties":{"fecha":"2015-06-30","codigo_territorio":"47","nombre_territorio":"Valladolid","longitud":-4.847,"latitud":41.634,"total":18062,"indefinido":1407,"temporal":16655,"provincia":"VA"}},{"type":"Feature","geometry":{"type":"Point","coordinates":[-5.979,41.727]},"properties":{"fecha":"2015-06-30","codigo_territorio":"49","nombre_territorio":"Zamora","longitud":-5.979,"latitud":41.727,"total":4833,"indefinido":237,"temporal":4596,"provincia":"ZA"}},{"type":"Feature","geometry":{"type":"Point","coordinates":[-4.535,42.37]},"properties":{"fecha":"2015-06-30","codigo_territorio":"34","nombre_territorio":"Palencia","longitud":-4.535,"latitud":42.37,"total":6958,"indefinido":290,"temporal":6668,"provincia":"PA"}},{"type":"Feature","geometry":{"type":"Point","coordinates":[-6.066,40.805]},"properties":{"fecha":"2015-06-30","codigo_territorio":"37","nombre_territorio":"Salamanca","longitud":-6.066,"latitud":40.805,"total":10433,"indefinido":616,"temporal":9817,"provincia":"SA"}},{"type":"Feature","geometry":{"type":"Point","coordinates":[-2.589,41.621]},"properties":{"fecha":"2015-06-30","codigo_territorio":"42","nombre_territorio":"Soria","longitud":-2.589,"latitud":41.621,"total":3094,"indefinido":196,"temporal":2898,"provincia":"SO"}},{"type":"Feature","geometry":{"type":"Point","coordinates":[-4.397,41.835]},"properties":{"fecha":"2015-06-30","codigo_territorio":"07","nombre_territorio":"Castilla Le\u00f3n","longitud":-4.397,"latitud":41.835,"total":78348,"indefinido":5075,"temporal":73273,"provincia":"CYL"}},{"type":"Feature","geometry":{"type":"Point","coordinates":[-4.946,40.571]},"properties":{"fecha":"2015-05-31","codigo_territorio":"05","nombre_territorio":"\u00c1vila","longitud":-4.946,"latitud":40.571,"total":4231,"indefinido":196,"temporal":4035,"provincia":"AV"}},{"type":"Feature","geometry":{"type":"Point","coordinates":[-4.535,42.37]},"properties":{"fecha":"2015-05-31","codigo_territorio":"34","nombre_territorio":"Palencia","longitud":-4.535,"latitud":42.37,"total":5870,"indefinido":352,"temporal":5518,"provincia":"PA"}},{"type":"Feature","geometry":{"type":"Point","coordinates":[-6.066,40.805]},"properties":{"fecha":"2015-05-31","codigo_territorio":"37","nombre_territorio":"Salamanca","longitud":-6.066,"latitud":40.805,"total":8589,"indefinido":647,"temporal":7942,"provincia":"SA"}},{"type":"Feature","geometry":{"type":"Point","coordinates":[-4.055,41.171]},"properties":{"fecha":"2015-05-31","codigo_territorio":"40","nombre_territorio":"Segovia","longitud":-4.055,"latitud":41.171,"total":5322,"indefinido":330,"temporal":4992,"provincia":"SE"}},{"type":"Feature","geometry":{"type":"Point","coordinates":[-5.979,41.727]},"properties":{"fecha":"2015-05-31","codigo_territorio":"49","nombre_territorio":"Zamora","longitud":-5.979,"latitud":41.727,"total":4060,"indefinido":291,"temporal":3769,"provincia":"ZA"}},{"type":"Feature","geometry":{"type":"Point","coordinates":[-5.841,42.62]},"properties":{"fecha":"2015-05-31","codigo_territorio":"24","nombre_territorio":"Le\u00f3n","longitud":-5.841,"latitud":42.62,"total":9530,"indefinido":778,"temporal":8752,"provincia":"LE"}},{"type":"Feature","geometry":{"type":"Point","coordinates":[-3.586,42.367]},"properties":{"fecha":"2015-05-31","codigo_territorio":"09","nombre_territorio":"Burgos","longitud":-3.586,"latitud":42.367,"total":11078,"indefinido":769,"temporal":10309,"provincia":"BU"}},{"type":"Feature","geometry":{"type":"Point","coordinates":[-2.589,41.621]},"properties":{"fecha":"2015-05-31","codigo_territorio":"42","nombre_territorio":"Soria","longitud":-2.589,"latitud":41.621,"total":2441,"indefinido":197,"temporal":2244,"provincia":"SO"}},{"type":"Feature","geometry":{"type":"Point","coordinates":[-4.847,41.634]},"properties":{"fecha":"2015-05-31","codigo_territorio":"47","nombre_territorio":"Valladolid","longitud":-4.847,"latitud":41.634,"total":16323,"indefinido":1252,"temporal":15071,"provincia":"VA"}},{"type":"Feature","geometry":{"type":"Point","coordinates":[-4.397,41.835]},"properties":{"fecha":"2015-05-31","codigo_territorio":"07","nombre_territorio":"Castilla Le\u00f3n","longitud":-4.397,"latitud":41.835,"total":67444,"indefinido":4812,"temporal":62632,"provincia":"CYL"}},{"type":"Feature","geometry":{"type":"Point","coordinates":[-4.946,40.571]},"properties":{"fecha":"2015-04-30","codigo_territorio":"05","nombre_territorio":"\u00c1vila","longitud":-4.946,"latitud":40.571,"total":4024,"indefinido":234,"temporal":3790,"provincia":"AV"}},{"type":"Feature","geometry":{"type":"Point","coordinates":[-3.586,42.367]},"properties":{"fecha":"2015-04-30","codigo_territorio":"09","nombre_territorio":"Burgos","longitud":-3.586,"latitud":42.367,"total":9433,"indefinido":711,"temporal":8722,"provincia":"BU"}},{"type":"Feature","geometry":{"type":"Point","coordinates":[-5.841,42.62]},"properties":{"fecha":"2015-04-30","codigo_territorio":"24","nombre_territorio":"Le\u00f3n","longitud":-5.841,"latitud":42.62,"total":9889,"indefinido":806,"temporal":9083,"provincia":"LE"}},{"type":"Feature","geometry":{"type":"Point","coordinates":[-4.535,42.37]},"properties":{"fecha":"2015-04-30","codigo_territorio":"34","nombre_territorio":"Palencia","longitud":-4.535,"latitud":42.37,"total":5754,"indefinido":287,"temporal":5467,"provincia":"PA"}},{"type":"Feature","geometry":{"type":"Point","coordinates":[-6.066,40.805]},"properties":{"fecha":"2015-04-30","codigo_territorio":"37","nombre_territorio":"Salamanca","longitud":-6.066,"latitud":40.805,"total":8282,"indefinido":575,"temporal":7707,"provincia":"SA"}},{"type":"Feature","geometry":{"type":"Point","coordinates":[-2.589,41.621]},"properties":{"fecha":"2015-04-30","codigo_territorio":"42","nombre_territorio":"Soria","longitud":-2.589,"latitud":41.621,"total":2635,"indefinido":209,"temporal":2426,"provincia":"SO"}},{"type":"Feature","geometry":{"type":"Point","coordinates":[-5.979,41.727]},"properties":{"fecha":"2015-04-30","codigo_territorio":"49","nombre_territorio":"Zamora","longitud":-5.979,"latitud":41.727,"total":4021,"indefinido":211,"temporal":3810,"provincia":"ZA"}},{"type":"Feature","geometry":{"type":"Point","coordinates":[-4.397,41.835]},"properties":{"fecha":"2015-04-30","codigo_territorio":"07","nombre_territorio":"Castilla Le\u00f3n","longitud":-4.397,"latitud":41.835,"total":63372,"indefinido":4539,"temporal":58833,"provincia":"CYL"}},{"type":"Feature","geometry":{"type":"Point","coordinates":[-4.847,41.634]},"properties":{"fecha":"2015-04-30","codigo_territorio":"47","nombre_territorio":"Valladolid","longitud":-4.847,"latitud":41.634,"total":14239,"indefinido":1167,"temporal":13072,"provincia":"VA"}},{"type":"Feature","geometry":{"type":"Point","coordinates":[-4.055,41.171]},"properties":{"fecha":"2015-04-30","codigo_territorio":"40","nombre_territorio":"Segovia","longitud":-4.055,"latitud":41.171,"total":5095,"indefinido":339,"temporal":4756,"provincia":"SE"}},{"type":"Feature","geometry":{"type":"Point","coordinates":[-4.535,42.37]},"properties":{"fecha":"2015-03-31","codigo_territorio":"34","nombre_territorio":"Palencia","longitud":-4.535,"latitud":42.37,"total":5492,"indefinido":409,"temporal":5083,"provincia":"PA"}},{"type":"Feature","geometry":{"type":"Point","coordinates":[-4.397,41.835]},"properties":{"fecha":"2015-03-31","codigo_territorio":"07","nombre_territorio":"Castilla Le\u00f3n","longitud":-4.397,"latitud":41.835,"total":59943,"indefinido":6058,"temporal":53885,"provincia":"CYL"}},{"type":"Feature","geometry":{"type":"Point","coordinates":[-4.946,40.571]},"properties":{"fecha":"2015-03-31","codigo_territorio":"05","nombre_territorio":"\u00c1vila","longitud":-4.946,"latitud":40.571,"total":3577,"indefinido":271,"temporal":3306,"provincia":"AV"}},{"type":"Feature","geometry":{"type":"Point","coordinates":[-5.841,42.62]},"properties":{"fecha":"2015-03-31","codigo_territorio":"24","nombre_territorio":"Le\u00f3n","longitud":-5.841,"latitud":42.62,"total":9257,"indefinido":1105,"temporal":8152,"provincia":"LE"}},{"type":"Feature","geometry":{"type":"Point","coordinates":[-6.066,40.805]},"properties":{"fecha":"2015-03-31","codigo_territorio":"37","nombre_territorio":"Salamanca","longitud":-6.066,"latitud":40.805,"total":7466,"indefinido":742,"temporal":6724,"provincia":"SA"}},{"type":"Feature","geometry":{"type":"Point","coordinates":[-4.055,41.171]},"properties":{"fecha":"2015-03-31","codigo_territorio":"40","nombre_territorio":"Segovia","longitud":-4.055,"latitud":41.171,"total":4378,"indefinido":450,"temporal":3928,"provincia":"SE"}},{"type":"Feature","geometry":{"type":"Point","coordinates":[-3.586,42.367]},"properties":{"fecha":"2015-03-31","codigo_territorio":"09","nombre_territorio":"Burgos","longitud":-3.586,"latitud":42.367,"total":9117,"indefinido":1065,"temporal":8052,"provincia":"BU"}},{"type":"Feature","geometry":{"type":"Point","coordinates":[-2.589,41.621]},"properties":{"fecha":"2015-03-31","codigo_territorio":"42","nombre_territorio":"Soria","longitud":-2.589,"latitud":41.621,"total":2700,"indefinido":248,"temporal":2452,"provincia":"SO"}},{"type":"Feature","geometry":{"type":"Point","coordinates":[-4.847,41.634]},"properties":{"fecha":"2015-03-31","codigo_territorio":"47","nombre_territorio":"Valladolid","longitud":-4.847,"latitud":41.634,"total":14291,"indefinido":1449,"temporal":12842,"provincia":"VA"}},{"type":"Feature","geometry":{"type":"Point","coordinates":[-5.979,41.727]},"properties":{"fecha":"2015-03-31","codigo_territorio":"49","nombre_territorio":"Zamora","longitud":-5.979,"latitud":41.727,"total":3665,"indefinido":319,"temporal":3346,"provincia":"ZA"}},{"type":"Feature","geometry":{"type":"Point","coordinates":[-6.066,40.805]},"properties":{"fecha":"2015-02-28","codigo_territorio":"37","nombre_territorio":"Salamanca","longitud":-6.066,"latitud":40.805,"total":6405,"indefinido":630,"temporal":5775,"provincia":"SA"}},{"type":"Feature","geometry":{"type":"Point","coordinates":[-4.055,41.171]},"properties":{"fecha":"2015-02-28","codigo_territorio":"40","nombre_territorio":"Segovia","longitud":-4.055,"latitud":41.171,"total":3663,"indefinido":351,"temporal":3312,"provincia":"SE"}},{"type":"Feature","geometry":{"type":"Point","coordinates":[-4.946,40.571]},"properties":{"fecha":"2015-02-28","codigo_territorio":"05","nombre_territorio":"\u00c1vila","longitud":-4.946,"latitud":40.571,"total":2710,"indefinido":231,"temporal":2479,"provincia":"AV"}},{"type":"Feature","geometry":{"type":"Point","coordinates":[-4.535,42.37]},"properties":{"fecha":"2015-02-28","codigo_territorio":"34","nombre_territorio":"Palencia","longitud":-4.535,"latitud":42.37,"total":4149,"indefinido":256,"temporal":3893,"provincia":"PA"}},{"type":"Feature","geometry":{"type":"Point","coordinates":[-4.847,41.634]},"properties":{"fecha":"2015-02-28","codigo_territorio":"47","nombre_territorio":"Valladolid","longitud":-4.847,"latitud":41.634,"total":12350,"indefinido":1325,"temporal":11025,"provincia":"VA"}},{"type":"Feature","geometry":{"type":"Point","coordinates":[-5.979,41.727]},"properties":{"fecha":"2015-02-28","codigo_territorio":"49","nombre_territorio":"Zamora","longitud":-5.979,"latitud":41.727,"total":2647,"indefinido":228,"temporal":2419,"provincia":"ZA"}},{"type":"Feature","geometry":{"type":"Point","coordinates":[-3.586,42.367]},"properties":{"fecha":"2015-02-28","codigo_territorio":"09","nombre_territorio":"Burgos","longitud":-3.586,"latitud":42.367,"total":7139,"indefinido":667,"temporal":6472,"provincia":"BU"}},{"type":"Feature","geometry":{"type":"Point","coordinates":[-5.841,42.62]},"properties":{"fecha":"2015-02-28","codigo_territorio":"24","nombre_territorio":"Le\u00f3n","longitud":-5.841,"latitud":42.62,"total":7015,"indefinido":989,"temporal":6026,"provincia":"LE"}},{"type":"Feature","geometry":{"type":"Point","coordinates":[-2.589,41.621]},"properties":{"fecha":"2015-02-28","codigo_territorio":"42","nombre_territorio":"Soria","longitud":-2.589,"latitud":41.621,"total":1756,"indefinido":170,"temporal":1586,"provincia":"SO"}},{"type":"Feature","geometry":{"type":"Point","coordinates":[-4.397,41.835]},"properties":{"fecha":"2015-02-28","codigo_territorio":"07","nombre_territorio":"Castilla Le\u00f3n","longitud":-4.397,"latitud":41.835,"total":47834,"indefinido":4847,"temporal":42987,"provincia":"CYL"}},{"type":"Feature","geometry":{"type":"Point","coordinates":[-4.946,40.571]},"properties":{"fecha":"2015-01-31","codigo_territorio":"05","nombre_territorio":"\u00c1vila","longitud":-4.946,"latitud":40.571,"total":3094,"indefinido":253,"temporal":2841,"provincia":"AV"}},{"type":"Feature","geometry":{"type":"Point","coordinates":[-3.586,42.367]},"properties":{"fecha":"2015-01-31","codigo_territorio":"09","nombre_territorio":"Burgos","longitud":-3.586,"latitud":42.367,"total":8887,"indefinido":777,"temporal":8110,"provincia":"BU"}},{"type":"Feature","geometry":{"type":"Point","coordinates":[-4.535,42.37]},"properties":{"fecha":"2015-01-31","codigo_territorio":"34","nombre_territorio":"Palencia","longitud":-4.535,"latitud":42.37,"total":6026,"indefinido":330,"temporal":5696,"provincia":"PA"}},{"type":"Feature","geometry":{"type":"Point","coordinates":[-4.847,41.634]},"properties":{"fecha":"2015-01-31","codigo_territorio":"47","nombre_territorio":"Valladolid","longitud":-4.847,"latitud":41.634,"total":13253,"indefinido":1318,"temporal":11935,"provincia":"VA"}},{"type":"Feature","geometry":{"type":"Point","coordinates":[-4.397,41.835]},"properties":{"fecha":"2015-01-31","codigo_territorio":"07","nombre_territorio":"Castilla Le\u00f3n","longitud":-4.397,"latitud":41.835,"total":55346,"indefinido":5063,"temporal":50283,"provincia":"CYL"}},{"type":"Feature","geometry":{"type":"Point","coordinates":[-5.841,42.62]},"properties":{"fecha":"2015-01-31","codigo_territorio":"24","nombre_territorio":"Le\u00f3n","longitud":-5.841,"latitud":42.62,"total":7580,"indefinido":879,"temporal":6701,"provincia":"LE"}},{"type":"Feature","geometry":{"type":"Point","coordinates":[-6.066,40.805]},"properties":{"fecha":"2015-01-31","codigo_territorio":"37","nombre_territorio":"Salamanca","longitud":-6.066,"latitud":40.805,"total":7568,"indefinido":717,"temporal":6851,"provincia":"SA"}},{"type":"Feature","geometry":{"type":"Point","coordinates":[-4.055,41.171]},"properties":{"fecha":"2015-01-31","codigo_territorio":"40","nombre_territorio":"Segovia","longitud":-4.055,"latitud":41.171,"total":3864,"indefinido":327,"temporal":3537,"provincia":"SE"}},{"type":"Feature","geometry":{"type":"Point","coordinates":[-5.979,41.727]},"properties":{"fecha":"2015-01-31","codigo_territorio":"49","nombre_territorio":"Zamora","longitud":-5.979,"latitud":41.727,"total":2998,"indefinido":263,"temporal":2735,"provincia":"ZA"}},{"type":"Feature","geometry":{"type":"Point","coordinates":[-2.589,41.621]},"properties":{"fecha":"2015-01-31","codigo_territorio":"42","nombre_territorio":"Soria","longitud":-2.589,"latitud":41.621,"total":2076,"indefinido":199,"temporal":1877,"provincia":"SO"}},{"type":"Feature","geometry":{"type":"Point","coordinates":[-4.535,42.37]},"properties":{"fecha":"2014-12-31","codigo_territorio":"34","nombre_territorio":"Palencia","longitud":-4.535,"latitud":42.37,"total":4699,"indefinido":343,"temporal":4356,"provincia":"PA"}},{"type":"Feature","geometry":{"type":"Point","coordinates":[-4.397,41.835]},"properties":{"fecha":"2014-12-31","codigo_territorio":"07","nombre_territorio":"Castilla Le\u00f3n","longitud":-4.397,"latitud":41.835,"total":53164,"indefinido":4421,"temporal":48743,"provincia":"CYL"}},{"type":"Feature","geometry":{"type":"Point","coordinates":[-4.946,40.571]},"properties":{"fecha":"2014-12-31","codigo_territorio":"05","nombre_territorio":"\u00c1vila","longitud":-4.946,"latitud":40.571,"total":3378,"indefinido":214,"temporal":3164,"provincia":"AV"}},{"type":"Feature","geometry":{"type":"Point","coordinates":[-3.586,42.367]},"properties":{"fecha":"2014-12-31","codigo_territorio":"09","nombre_territorio":"Burgos","longitud":-3.586,"latitud":42.367,"total":8371,"indefinido":666,"temporal":7705,"provincia":"BU"}},{"type":"Feature","geometry":{"type":"Point","coordinates":[-6.066,40.805]},"properties":{"fecha":"2014-12-31","codigo_territorio":"37","nombre_territorio":"Salamanca","longitud":-6.066,"latitud":40.805,"total":6858,"indefinido":570,"temporal":6288,"provincia":"SA"}},{"type":"Feature","geometry":{"type":"Point","coordinates":[-4.055,41.171]},"properties":{"fecha":"2014-12-31","codigo_territorio":"40","nombre_territorio":"Segovia","longitud":-4.055,"latitud":41.171,"total":3818,"indefinido":303,"temporal":3515,"provincia":"SE"}},{"type":"Feature","geometry":{"type":"Point","coordinates":[-5.979,41.727]},"properties":{"fecha":"2014-12-31","codigo_territorio":"49","nombre_territorio":"Zamora","longitud":-5.979,"latitud":41.727,"total":2755,"indefinido":200,"temporal":2555,"provincia":"ZA"}},{"type":"Feature","geometry":{"type":"Point","coordinates":[-5.841,42.62]},"properties":{"fecha":"2014-12-31","codigo_territorio":"24","nombre_territorio":"Le\u00f3n","longitud":-5.841,"latitud":42.62,"total":7937,"indefinido":690,"temporal":7247,"provincia":"LE"}},{"type":"Feature","geometry":{"type":"Point","coordinates":[-2.589,41.621]},"properties":{"fecha":"2014-12-31","codigo_territorio":"42","nombre_territorio":"Soria","longitud":-2.589,"latitud":41.621,"total":1723,"indefinido":173,"temporal":1550,"provincia":"SO"}},{"type":"Feature","geometry":{"type":"Point","coordinates":[-4.847,41.634]},"properties":{"fecha":"2014-12-31","codigo_territorio":"47","nombre_territorio":"Valladolid","longitud":-4.847,"latitud":41.634,"total":13625,"indefinido":1262,"temporal":12363,"provincia":"VA"}},{"type":"Feature","geometry":{"type":"Point","coordinates":[-3.586,42.367]},"properties":{"fecha":"2014-11-30","codigo_territorio":"09","nombre_territorio":"Burgos","longitud":-3.586,"latitud":42.367,"total":8034,"indefinido":835,"temporal":7199,"provincia":"BU"}},{"type":"Feature","geometry":{"type":"Point","coordinates":[-4.535,42.37]},"properties":{"fecha":"2014-11-30","codigo_territorio":"34","nombre_territorio":"Palencia","longitud":-4.535,"latitud":42.37,"total":4756,"indefinido":339,"temporal":4417,"provincia":"PA"}},{"type":"Feature","geometry":{"type":"Point","coordinates":[-6.066,40.805]},"properties":{"fecha":"2014-11-30","codigo_territorio":"37","nombre_territorio":"Salamanca","longitud":-6.066,"latitud":40.805,"total":6329,"indefinido":613,"temporal":5716,"provincia":"SA"}},{"type":"Feature","geometry":{"type":"Point","coordinates":[-2.589,41.621]},"properties":{"fecha":"2014-11-30","codigo_territorio":"42","nombre_territorio":"Soria","longitud":-2.589,"latitud":41.621,"total":1751,"indefinido":177,"temporal":1574,"provincia":"SO"}},{"type":"Feature","geometry":{"type":"Point","coordinates":[-5.979,41.727]},"properties":{"fecha":"2014-11-30","codigo_territorio":"49","nombre_territorio":"Zamora","longitud":-5.979,"latitud":41.727,"total":2819,"indefinido":207,"temporal":2612,"provincia":"ZA"}},{"type":"Feature","geometry":{"type":"Point","coordinates":[-4.397,41.835]},"properties":{"fecha":"2014-11-30","codigo_territorio":"07","nombre_territorio":"Castilla Le\u00f3n","longitud":-4.397,"latitud":41.835,"total":52283,"indefinido":4682,"temporal":47601,"provincia":"CYL"}},{"type":"Feature","geometry":{"type":"Point","coordinates":[-4.946,40.571]},"properties":{"fecha":"2014-11-30","codigo_territorio":"05","nombre_territorio":"\u00c1vila","longitud":-4.946,"latitud":40.571,"total":3263,"indefinido":212,"temporal":3051,"provincia":"AV"}},{"type":"Feature","geometry":{"type":"Point","coordinates":[-5.841,42.62]},"properties":{"fecha":"2014-11-30","codigo_territorio":"24","nombre_territorio":"Le\u00f3n","longitud":-5.841,"latitud":42.62,"total":7534,"indefinido":797,"temporal":6737,"provincia":"LE"}},{"type":"Feature","geometry":{"type":"Point","coordinates":[-4.055,41.171]},"properties":{"fecha":"2014-11-30","codigo_territorio":"40","nombre_territorio":"Segovia","longitud":-4.055,"latitud":41.171,"total":3971,"indefinido":258,"temporal":3713,"provincia":"SE"}},{"type":"Feature","geometry":{"type":"Point","coordinates":[-4.847,41.634]},"properties":{"fecha":"2014-11-30","codigo_territorio":"47","nombre_territorio":"Valladolid","longitud":-4.847,"latitud":41.634,"total":13826,"indefinido":1244,"temporal":12582,"provincia":"VA"}},{"type":"Feature","geometry":{"type":"Point","coordinates":[-5.979,41.727]},"properties":{"fecha":"2014-10-31","codigo_territorio":"49","nombre_territorio":"Zamora","longitud":-5.979,"latitud":41.727,"total":4387,"indefinido":289,"temporal":4098,"provincia":"ZA"}},{"type":"Feature","geometry":{"type":"Point","coordinates":[-4.397,41.835]},"properties":{"fecha":"2014-10-31","codigo_territorio":"07","nombre_territorio":"Castilla Le\u00f3n","longitud":-4.397,"latitud":41.835,"total":79063,"indefinido":6091,"temporal":72972,"provincia":"CYL"}},{"type":"Feature","geometry":{"type":"Point","coordinates":[-4.946,40.571]},"properties":{"fecha":"2014-10-31","codigo_territorio":"05","nombre_territorio":"\u00c1vila","longitud":-4.946,"latitud":40.571,"total":6070,"indefinido":286,"temporal":5784,"provincia":"AV"}},{"type":"Feature","geometry":{"type":"Point","coordinates":[-3.586,42.367]},"properties":{"fecha":"2014-10-31","codigo_territorio":"09","nombre_territorio":"Burgos","longitud":-3.586,"latitud":42.367,"total":14557,"indefinido":969,"temporal":13588,"provincia":"BU"}},{"type":"Feature","geometry":{"type":"Point","coordinates":[-4.535,42.37]},"properties":{"fecha":"2014-10-31","codigo_territorio":"34","nombre_territorio":"Palencia","longitud":-4.535,"latitud":42.37,"total":5659,"indefinido":326,"temporal":5333,"provincia":"PA"}},{"type":"Feature","geometry":{"type":"Point","coordinates":[-4.055,41.171]},"properties":{"fecha":"2014-10-31","codigo_territorio":"40","nombre_territorio":"Segovia","longitud":-4.055,"latitud":41.171,"total":6265,"indefinido":682,"temporal":5583,"provincia":"SE"}},{"type":"Feature","geometry":{"type":"Point","coordinates":[-2.589,41.621]},"properties":{"fecha":"2014-10-31","codigo_territorio":"42","nombre_territorio":"Soria","longitud":-2.589,"latitud":41.621,"total":2556,"indefinido":218,"temporal":2338,"provincia":"SO"}},{"type":"Feature","geometry":{"type":"Point","coordinates":[-4.847,41.634]},"properties":{"fecha":"2014-10-31","codigo_territorio":"47","nombre_territorio":"Valladolid","longitud":-4.847,"latitud":41.634,"total":19374,"indefinido":1542,"temporal":17832,"provincia":"VA"}},{"type":"Feature","geometry":{"type":"Point","coordinates":[-5.841,42.62]},"properties":{"fecha":"2014-10-31","codigo_territorio":"24","nombre_territorio":"Le\u00f3n","longitud":-5.841,"latitud":42.62,"total":11008,"indefinido":1077,"temporal":9931,"provincia":"LE"}},{"type":"Feature","geometry":{"type":"Point","coordinates":[-6.066,40.805]},"properties":{"fecha":"2014-10-31","codigo_territorio":"37","nombre_territorio":"Salamanca","longitud":-6.066,"latitud":40.805,"total":9187,"indefinido":702,"temporal":8485,"provincia":"SA"}},{"type":"Feature","geometry":{"type":"Point","coordinates":[-3.586,42.367]},"properties":{"fecha":"2014-09-30","codigo_territorio":"09","nombre_territorio":"Burgos","longitud":-3.586,"latitud":42.367,"total":12477,"indefinido":816,"temporal":11661,"provincia":"BU"}},{"type":"Feature","geometry":{"type":"Point","coordinates":[-6.066,40.805]},"properties":{"fecha":"2014-09-30","codigo_territorio":"37","nombre_territorio":"Salamanca","longitud":-6.066,"latitud":40.805,"total":10078,"indefinido":738,"temporal":9340,"provincia":"SA"}},{"type":"Feature","geometry":{"type":"Point","coordinates":[-5.979,41.727]},"properties":{"fecha":"2014-09-30","codigo_territorio":"49","nombre_territorio":"Zamora","longitud":-5.979,"latitud":41.727,"total":5704,"indefinido":277,"temporal":5427,"provincia":"ZA"}},{"type":"Feature","geometry":{"type":"Point","coordinates":[-4.946,40.571]},"properties":{"fecha":"2014-09-30","codigo_territorio":"05","nombre_territorio":"\u00c1vila","longitud":-4.946,"latitud":40.571,"total":4890,"indefinido":269,"temporal":4621,"provincia":"AV"}},{"type":"Feature","geometry":{"type":"Point","coordinates":[-5.841,42.62]},"properties":{"fecha":"2014-09-30","codigo_territorio":"24","nombre_territorio":"Le\u00f3n","longitud":-5.841,"latitud":42.62,"total":12936,"indefinido":1004,"temporal":11932,"provincia":"LE"}},{"type":"Feature","geometry":{"type":"Point","coordinates":[-4.535,42.37]},"properties":{"fecha":"2014-09-30","codigo_territorio":"34","nombre_territorio":"Palencia","longitud":-4.535,"latitud":42.37,"total":5685,"indefinido":339,"temporal":5346,"provincia":"PA"}},{"type":"Feature","geometry":{"type":"Point","coordinates":[-4.397,41.835]},"properties":{"fecha":"2014-09-30","codigo_territorio":"07","nombre_territorio":"Castilla Le\u00f3n","longitud":-4.397,"latitud":41.835,"total":81512,"indefinido":5372,"temporal":76140,"provincia":"CYL"}},{"type":"Feature","geometry":{"type":"Point","coordinates":[-4.055,41.171]},"properties":{"fecha":"2014-09-30","codigo_territorio":"40","nombre_territorio":"Segovia","longitud":-4.055,"latitud":41.171,"total":5631,"indefinido":377,"temporal":5254,"provincia":"SE"}},{"type":"Feature","geometry":{"type":"Point","coordinates":[-2.589,41.621]},"properties":{"fecha":"2014-09-30","codigo_territorio":"42","nombre_territorio":"Soria","longitud":-2.589,"latitud":41.621,"total":2868,"indefinido":175,"temporal":2693,"provincia":"SO"}},{"type":"Feature","geometry":{"type":"Point","coordinates":[-4.847,41.634]},"properties":{"fecha":"2014-09-30","codigo_territorio":"47","nombre_territorio":"Valladolid","longitud":-4.847,"latitud":41.634,"total":21243,"indefinido":1377,"temporal":19866,"provincia":"VA"}},{"type":"Feature","geometry":{"type":"Point","coordinates":[-4.535,42.37]},"properties":{"fecha":"2014-08-31","codigo_territorio":"34","nombre_territorio":"Palencia","longitud":-4.535,"latitud":42.37,"total":4566,"indefinido":214,"temporal":4352,"provincia":"PA"}},{"type":"Feature","geometry":{"type":"Point","coordinates":[-5.979,41.727]},"properties":{"fecha":"2014-08-31","codigo_territorio":"49","nombre_territorio":"Zamora","longitud":-5.979,"latitud":41.727,"total":4088,"indefinido":180,"temporal":3908,"provincia":"ZA"}},{"type":"Feature","geometry":{"type":"Point","coordinates":[-3.586,42.367]},"properties":{"fecha":"2014-08-31","codigo_territorio":"09","nombre_territorio":"Burgos","longitud":-3.586,"latitud":42.367,"total":9160,"indefinido":502,"temporal":8658,"provincia":"BU"}},{"type":"Feature","geometry":{"type":"Point","coordinates":[-4.055,41.171]},"properties":{"fecha":"2014-08-31","codigo_territorio":"40","nombre_territorio":"Segovia","longitud":-4.055,"latitud":41.171,"total":4679,"indefinido":253,"temporal":4426,"provincia":"SE"}},{"type":"Feature","geometry":{"type":"Point","coordinates":[-2.589,41.621]},"properties":{"fecha":"2014-08-31","codigo_territorio":"42","nombre_territorio":"Soria","longitud":-2.589,"latitud":41.621,"total":2724,"indefinido":158,"temporal":2566,"provincia":"SO"}},{"type":"Feature","geometry":{"type":"Point","coordinates":[-4.946,40.571]},"properties":{"fecha":"2014-08-31","codigo_territorio":"05","nombre_territorio":"\u00c1vila","longitud":-4.946,"latitud":40.571,"total":3819,"indefinido":178,"temporal":3641,"provincia":"AV"}},{"type":"Feature","geometry":{"type":"Point","coordinates":[-5.841,42.62]},"properties":{"fecha":"2014-08-31","codigo_territorio":"24","nombre_territorio":"Le\u00f3n","longitud":-5.841,"latitud":42.62,"total":9612,"indefinido":564,"temporal":9048,"provincia":"LE"}},{"type":"Feature","geometry":{"type":"Point","coordinates":[-6.066,40.805]},"properties":{"fecha":"2014-08-31","codigo_territorio":"37","nombre_territorio":"Salamanca","longitud":-6.066,"latitud":40.805,"total":8694,"indefinido":470,"temporal":8224,"provincia":"SA"}},{"type":"Feature","geometry":{"type":"Point","coordinates":[-4.847,41.634]},"properties":{"fecha":"2014-08-31","codigo_territorio":"47","nombre_territorio":"Valladolid","longitud":-4.847,"latitud":41.634,"total":13520,"indefinido":814,"temporal":12706,"provincia":"VA"}},{"type":"Feature","geometry":{"type":"Point","coordinates":[-4.397,41.835]},"properties":{"fecha":"2014-08-31","codigo_territorio":"07","nombre_territorio":"Castilla Le\u00f3n","longitud":-4.397,"latitud":41.835,"total":60862,"indefinido":3333,"temporal":57529,"provincia":"CYL"}},{"type":"Feature","geometry":{"type":"Point","coordinates":[-3.586,42.367]},"properties":{"fecha":"2014-07-31","codigo_territorio":"09","nombre_territorio":"Burgos","longitud":-3.586,"latitud":42.367,"total":12828,"indefinido":683,"temporal":12145,"provincia":"BU"}},{"type":"Feature","geometry":{"type":"Point","coordinates":[-4.397,41.835]},"properties":{"fecha":"2014-07-31","codigo_territorio":"07","nombre_territorio":"Castilla Le\u00f3n","longitud":-4.397,"latitud":41.835,"total":79792,"indefinido":4698,"temporal":75094,"provincia":"CYL"}},{"type":"Feature","geometry":{"type":"Point","coordinates":[-4.946,40.571]},"properties":{"fecha":"2014-07-31","codigo_territorio":"05","nombre_territorio":"\u00c1vila","longitud":-4.946,"latitud":40.571,"total":5329,"indefinido":243,"temporal":5086,"provincia":"AV"}},{"type":"Feature","geometry":{"type":"Point","coordinates":[-5.841,42.62]},"properties":{"fecha":"2014-07-31","codigo_territorio":"24","nombre_territorio":"Le\u00f3n","longitud":-5.841,"latitud":42.62,"total":11598,"indefinido":853,"temporal":10745,"provincia":"LE"}},{"type":"Feature","geometry":{"type":"Point","coordinates":[-4.535,42.37]},"properties":{"fecha":"2014-07-31","codigo_territorio":"34","nombre_territorio":"Palencia","longitud":-4.535,"latitud":42.37,"total":6800,"indefinido":384,"temporal":6416,"provincia":"PA"}},{"type":"Feature","geometry":{"type":"Point","coordinates":[-6.066,40.805]},"properties":{"fecha":"2014-07-31","codigo_territorio":"37","nombre_territorio":"Salamanca","longitud":-6.066,"latitud":40.805,"total":10804,"indefinido":576,"temporal":10228,"provincia":"SA"}},{"type":"Feature","geometry":{"type":"Point","coordinates":[-2.589,41.621]},"properties":{"fecha":"2014-07-31","codigo_territorio":"42","nombre_territorio":"Soria","longitud":-2.589,"latitud":41.621,"total":3426,"indefinido":150,"temporal":3276,"provincia":"SO"}},{"type":"Feature","geometry":{"type":"Point","coordinates":[-4.847,41.634]},"properties":{"fecha":"2014-07-31","codigo_territorio":"47","nombre_territorio":"Valladolid","longitud":-4.847,"latitud":41.634,"total":17670,"indefinido":1204,"temporal":16466,"provincia":"VA"}},{"type":"Feature","geometry":{"type":"Point","coordinates":[-5.979,41.727]},"properties":{"fecha":"2014-07-31","codigo_territorio":"49","nombre_territorio":"Zamora","longitud":-5.979,"latitud":41.727,"total":4921,"indefinido":237,"temporal":4684,"provincia":"ZA"}},{"type":"Feature","geometry":{"type":"Point","coordinates":[-4.055,41.171]},"properties":{"fecha":"2014-07-31","codigo_territorio":"40","nombre_territorio":"Segovia","longitud":-4.055,"latitud":41.171,"total":6416,"indefinido":368,"temporal":6048,"provincia":"SE"}},{"type":"Feature","geometry":{"type":"Point","coordinates":[-4.946,40.571]},"properties":{"fecha":"2014-06-30","codigo_territorio":"05","nombre_territorio":"\u00c1vila","longitud":-4.946,"latitud":40.571,"total":4471,"indefinido":240,"temporal":4231,"provincia":"AV"}},{"type":"Feature","geometry":{"type":"Point","coordinates":[-5.979,41.727]},"properties":{"fecha":"2014-06-30","codigo_territorio":"49","nombre_territorio":"Zamora","longitud":-5.979,"latitud":41.727,"total":4998,"indefinido":275,"temporal":4723,"provincia":"ZA"}},{"type":"Feature","geometry":{"type":"Point","coordinates":[-3.586,42.367]},"properties":{"fecha":"2014-06-30","codigo_territorio":"09","nombre_territorio":"Burgos","longitud":-3.586,"latitud":42.367,"total":11578,"indefinido":717,"temporal":10861,"provincia":"BU"}},{"type":"Feature","geometry":{"type":"Point","coordinates":[-5.841,42.62]},"properties":{"fecha":"2014-06-30","codigo_territorio":"24","nombre_territorio":"Le\u00f3n","longitud":-5.841,"latitud":42.62,"total":10408,"indefinido":823,"temporal":9585,"provincia":"LE"}},{"type":"Feature","geometry":{"type":"Point","coordinates":[-4.535,42.37]},"properties":{"fecha":"2014-06-30","codigo_territorio":"34","nombre_territorio":"Palencia","longitud":-4.535,"latitud":42.37,"total":6135,"indefinido":312,"temporal":5823,"provincia":"PA"}},{"type":"Feature","geometry":{"type":"Point","coordinates":[-2.589,41.621]},"properties":{"fecha":"2014-06-30","codigo_territorio":"42","nombre_territorio":"Soria","longitud":-2.589,"latitud":41.621,"total":2905,"indefinido":185,"temporal":2720,"provincia":"SO"}},{"type":"Feature","geometry":{"type":"Point","coordinates":[-4.397,41.835]},"properties":{"fecha":"2014-06-30","codigo_territorio":"07","nombre_territorio":"Castilla Le\u00f3n","longitud":-4.397,"latitud":41.835,"total":71571,"indefinido":4585,"temporal":66986,"provincia":"CYL"}},{"type":"Feature","geometry":{"type":"Point","coordinates":[-6.066,40.805]},"properties":{"fecha":"2014-06-30","codigo_territorio":"37","nombre_territorio":"Salamanca","longitud":-6.066,"latitud":40.805,"total":9957,"indefinido":627,"temporal":9330,"provincia":"SA"}},{"type":"Feature","geometry":{"type":"Point","coordinates":[-4.055,41.171]},"properties":{"fecha":"2014-06-30","codigo_territorio":"40","nombre_territorio":"Segovia","longitud":-4.055,"latitud":41.171,"total":4953,"indefinido":326,"temporal":4627,"provincia":"SE"}},{"type":"Feature","geometry":{"type":"Point","coordinates":[-4.847,41.634]},"properties":{"fecha":"2014-06-30","codigo_territorio":"47","nombre_territorio":"Valladolid","longitud":-4.847,"latitud":41.634,"total":16166,"indefinido":1080,"temporal":15086,"provincia":"VA"}},{"type":"Feature","geometry":{"type":"Point","coordinates":[-6.066,40.805]},"properties":{"fecha":"2014-05-31","codigo_territorio":"37","nombre_territorio":"Salamanca","longitud":-6.066,"latitud":40.805,"total":8393,"indefinido":573,"temporal":7820,"provincia":"SA"}},{"type":"Feature","geometry":{"type":"Point","coordinates":[-4.847,41.634]},"properties":{"fecha":"2014-05-31","codigo_territorio":"47","nombre_territorio":"Valladolid","longitud":-4.847,"latitud":41.634,"total":15340,"indefinido":1057,"temporal":14283,"provincia":"VA"}},{"type":"Feature","geometry":{"type":"Point","coordinates":[-3.586,42.367]},"properties":{"fecha":"2014-05-31","codigo_territorio":"09","nombre_territorio":"Burgos","longitud":-3.586,"latitud":42.367,"total":10039,"indefinido":693,"temporal":9346,"provincia":"BU"}},{"type":"Feature","geometry":{"type":"Point","coordinates":[-5.841,42.62]},"properties":{"fecha":"2014-05-31","codigo_territorio":"24","nombre_territorio":"Le\u00f3n","longitud":-5.841,"latitud":42.62,"total":9189,"indefinido":944,"temporal":8245,"provincia":"LE"}},{"type":"Feature","geometry":{"type":"Point","coordinates":[-4.535,42.37]},"properties":{"fecha":"2014-05-31","codigo_territorio":"34","nombre_territorio":"Palencia","longitud":-4.535,"latitud":42.37,"total":4988,"indefinido":359,"temporal":4629,"provincia":"PA"}},{"type":"Feature","geometry":{"type":"Point","coordinates":[-5.979,41.727]},"properties":{"fecha":"2014-05-31","codigo_territorio":"49","nombre_territorio":"Zamora","longitud":-5.979,"latitud":41.727,"total":3729,"indefinido":297,"temporal":3432,"provincia":"ZA"}},{"type":"Feature","geometry":{"type":"Point","coordinates":[-4.397,41.835]},"properties":{"fecha":"2014-05-31","codigo_territorio":"07","nombre_territorio":"Castilla Le\u00f3n","longitud":-4.397,"latitud":41.835,"total":61663,"indefinido":4635,"temporal":57028,"provincia":"CYL"}},{"type":"Feature","geometry":{"type":"Point","coordinates":[-4.946,40.571]},"properties":{"fecha":"2014-05-31","codigo_territorio":"05","nombre_territorio":"\u00c1vila","longitud":-4.946,"latitud":40.571,"total":3562,"indefinido":251,"temporal":3311,"provincia":"AV"}},{"type":"Feature","geometry":{"type":"Point","coordinates":[-4.055,41.171]},"properties":{"fecha":"2014-05-31","codigo_territorio":"40","nombre_territorio":"Segovia","longitud":-4.055,"latitud":41.171,"total":4213,"indefinido":294,"temporal":3919,"provincia":"SE"}},{"type":"Feature","geometry":{"type":"Point","coordinates":[-2.589,41.621]},"properties":{"fecha":"2014-05-31","codigo_territorio":"42","nombre_territorio":"Soria","longitud":-2.589,"latitud":41.621,"total":2210,"indefinido":167,"temporal":2043,"provincia":"SO"}},{"type":"Feature","geometry":{"type":"Point","coordinates":[-2.589,41.621]},"properties":{"fecha":"2014-04-30","codigo_territorio":"42","nombre_territorio":"Soria","longitud":-2.589,"latitud":41.621,"total":2201,"indefinido":197,"temporal":2004,"provincia":"SO"}},{"type":"Feature","geometry":{"type":"Point","coordinates":[-4.847,41.634]},"properties":{"fecha":"2014-04-30","codigo_territorio":"47","nombre_territorio":"Valladolid","longitud":-4.847,"latitud":41.634,"total":12296,"indefinido":1081,"temporal":11215,"provincia":"VA"}},{"type":"Feature","geometry":{"type":"Point","coordinates":[-4.397,41.835]},"properties":{"fecha":"2014-04-30","codigo_territorio":"07","nombre_territorio":"Castilla Le\u00f3n","longitud":-4.397,"latitud":41.835,"total":52498,"indefinido":4730,"temporal":47768,"provincia":"CYL"}},{"type":"Feature","geometry":{"type":"Point","coordinates":[-4.946,40.571]},"properties":{"fecha":"2014-04-30","codigo_territorio":"05","nombre_territorio":"\u00c1vila","longitud":-4.946,"latitud":40.571,"total":3205,"indefinido":239,"temporal":2966,"provincia":"AV"}},{"type":"Feature","geometry":{"type":"Point","coordinates":[-3.586,42.367]},"properties":{"fecha":"2014-04-30","codigo_territorio":"09","nombre_territorio":"Burgos","longitud":-3.586,"latitud":42.367,"total":8511,"indefinido":739,"temporal":7772,"provincia":"BU"}},{"type":"Feature","geometry":{"type":"Point","coordinates":[-5.841,42.62]},"properties":{"fecha":"2014-04-30","codigo_territorio":"24","nombre_territorio":"Le\u00f3n","longitud":-5.841,"latitud":42.62,"total":8450,"indefinido":921,"temporal":7529,"provincia":"LE"}},{"type":"Feature","geometry":{"type":"Point","coordinates":[-4.535,42.37]},"properties":{"fecha":"2014-04-30","codigo_territorio":"34","nombre_territorio":"Palencia","longitud":-4.535,"latitud":42.37,"total":4291,"indefinido":331,"temporal":3960,"provincia":"PA"}},{"type":"Feature","geometry":{"type":"Point","coordinates":[-6.066,40.805]},"properties":{"fecha":"2014-04-30","codigo_territorio":"37","nombre_territorio":"Salamanca","longitud":-6.066,"latitud":40.805,"total":6588,"indefinido":625,"temporal":5963,"provincia":"SA"}},{"type":"Feature","geometry":{"type":"Point","coordinates":[-4.055,41.171]},"properties":{"fecha":"2014-04-30","codigo_territorio":"40","nombre_territorio":"Segovia","longitud":-4.055,"latitud":41.171,"total":3777,"indefinido":323,"temporal":3454,"provincia":"SE"}},{"type":"Feature","geometry":{"type":"Point","coordinates":[-5.979,41.727]},"properties":{"fecha":"2014-04-30","codigo_territorio":"49","nombre_territorio":"Zamora","longitud":-5.979,"latitud":41.727,"total":3179,"indefinido":274,"temporal":2905,"provincia":"ZA"}},{"type":"Feature","geometry":{"type":"Point","coordinates":[-3.586,42.367]},"properties":{"fecha":"2014-03-31","codigo_territorio":"09","nombre_territorio":"Burgos","longitud":-3.586,"latitud":42.367,"total":7649,"indefinido":673,"temporal":6976,"provincia":"BU"}},{"type":"Feature","geometry":{"type":"Point","coordinates":[-5.841,42.62]},"properties":{"fecha":"2014-03-31","codigo_territorio":"24","nombre_territorio":"Le\u00f3n","longitud":-5.841,"latitud":42.62,"total":7349,"indefinido":799,"temporal":6550,"provincia":"LE"}},{"type":"Feature","geometry":{"type":"Point","coordinates":[-6.066,40.805]},"properties":{"fecha":"2014-03-31","codigo_territorio":"37","nombre_territorio":"Salamanca","longitud":-6.066,"latitud":40.805,"total":6008,"indefinido":639,"temporal":5369,"provincia":"SA"}},{"type":"Feature","geometry":{"type":"Point","coordinates":[-5.979,41.727]},"properties":{"fecha":"2014-03-31","codigo_territorio":"49","nombre_territorio":"Zamora","longitud":-5.979,"latitud":41.727,"total":2874,"indefinido":206,"temporal":2668,"provincia":"ZA"}},{"type":"Feature","geometry":{"type":"Point","coordinates":[-4.535,42.37]},"properties":{"fecha":"2014-03-31","codigo_territorio":"34","nombre_territorio":"Palencia","longitud":-4.535,"latitud":42.37,"total":4190,"indefinido":303,"temporal":3887,"provincia":"PA"}},{"type":"Feature","geometry":{"type":"Point","coordinates":[-4.055,41.171]},"properties":{"fecha":"2014-03-31","codigo_territorio":"40","nombre_territorio":"Segovia","longitud":-4.055,"latitud":41.171,"total":3487,"indefinido":282,"temporal":3205,"provincia":"SE"}},{"type":"Feature","geometry":{"type":"Point","coordinates":[-4.946,40.571]},"properties":{"fecha":"2014-03-31","codigo_territorio":"05","nombre_territorio":"\u00c1vila","longitud":-4.946,"latitud":40.571,"total":2727,"indefinido":258,"temporal":2469,"provincia":"AV"}},{"type":"Feature","geometry":{"type":"Point","coordinates":[-2.589,41.621]},"properties":{"fecha":"2014-03-31","codigo_territorio":"42","nombre_territorio":"Soria","longitud":-2.589,"latitud":41.621,"total":2114,"indefinido":189,"temporal":1925,"provincia":"SO"}},{"type":"Feature","geometry":{"type":"Point","coordinates":[-4.847,41.634]},"properties":{"fecha":"2014-03-31","codigo_territorio":"47","nombre_territorio":"Valladolid","longitud":-4.847,"latitud":41.634,"total":11642,"indefinido":993,"temporal":10649,"provincia":"VA"}},{"type":"Feature","geometry":{"type":"Point","coordinates":[-4.397,41.835]},"properties":{"fecha":"2014-03-31","codigo_territorio":"07","nombre_territorio":"Castilla Le\u00f3n","longitud":-4.397,"latitud":41.835,"total":48040,"indefinido":4342,"temporal":43698,"provincia":"CYL"}},{"type":"Feature","geometry":{"type":"Point","coordinates":[-3.586,42.367]},"properties":{"fecha":"2014-02-28","codigo_territorio":"09","nombre_territorio":"Burgos","longitud":-3.586,"latitud":42.367,"total":6766,"indefinido":549,"temporal":6217,"provincia":"BU"}},{"type":"Feature","geometry":{"type":"Point","coordinates":[-5.841,42.62]},"properties":{"fecha":"2014-02-28","codigo_territorio":"24","nombre_territorio":"Le\u00f3n","longitud":-5.841,"latitud":42.62,"total":6415,"indefinido":778,"temporal":5637,"provincia":"LE"}},{"type":"Feature","geometry":{"type":"Point","coordinates":[-6.066,40.805]},"properties":{"fecha":"2014-02-28","codigo_territorio":"37","nombre_territorio":"Salamanca","longitud":-6.066,"latitud":40.805,"total":5269,"indefinido":565,"temporal":4704,"provincia":"SA"}},{"type":"Feature","geometry":{"type":"Point","coordinates":[-4.055,41.171]},"properties":{"fecha":"2014-02-28","codigo_territorio":"40","nombre_territorio":"Segovia","longitud":-4.055,"latitud":41.171,"total":3180,"indefinido":307,"temporal":2873,"provincia":"SE"}},{"type":"Feature","geometry":{"type":"Point","coordinates":[-5.979,41.727]},"properties":{"fecha":"2014-02-28","codigo_territorio":"49","nombre_territorio":"Zamora","longitud":-5.979,"latitud":41.727,"total":2225,"indefinido":193,"temporal":2032,"provincia":"ZA"}},{"type":"Feature","geometry":{"type":"Point","coordinates":[-4.535,42.37]},"properties":{"fecha":"2014-02-28","codigo_territorio":"34","nombre_territorio":"Palencia","longitud":-4.535,"latitud":42.37,"total":3768,"indefinido":232,"temporal":3536,"provincia":"PA"}},{"type":"Feature","geometry":{"type":"Point","coordinates":[-4.397,41.835]},"properties":{"fecha":"2014-02-28","codigo_territorio":"07","nombre_territorio":"Castilla Le\u00f3n","longitud":-4.397,"latitud":41.835,"total":42047,"indefinido":3853,"temporal":38194,"provincia":"CYL"}},{"type":"Feature","geometry":{"type":"Point","coordinates":[-4.946,40.571]},"properties":{"fecha":"2014-02-28","codigo_territorio":"05","nombre_territorio":"\u00c1vila","longitud":-4.946,"latitud":40.571,"total":2211,"indefinido":186,"temporal":2025,"provincia":"AV"}},{"type":"Feature","geometry":{"type":"Point","coordinates":[-2.589,41.621]},"properties":{"fecha":"2014-02-28","codigo_territorio":"42","nombre_territorio":"Soria","longitud":-2.589,"latitud":41.621,"total":1705,"indefinido":184,"temporal":1521,"provincia":"SO"}},{"type":"Feature","geometry":{"type":"Point","coordinates":[-4.847,41.634]},"properties":{"fecha":"2014-02-28","codigo_territorio":"47","nombre_territorio":"Valladolid","longitud":-4.847,"latitud":41.634,"total":10508,"indefinido":859,"temporal":9649,"provincia":"VA"}},{"type":"Feature","geometry":{"type":"Point","coordinates":[-3.586,42.367]},"properties":{"fecha":"2014-01-31","codigo_territorio":"09","nombre_territorio":"Burgos","longitud":-3.586,"latitud":42.367,"total":7885,"indefinido":625,"temporal":7260,"provincia":"BU"}},{"type":"Feature","geometry":{"type":"Point","coordinates":[-5.841,42.62]},"properties":{"fecha":"2014-01-31","codigo_territorio":"24","nombre_territorio":"Le\u00f3n","longitud":-5.841,"latitud":42.62,"total":7127,"indefinido":777,"temporal":6350,"provincia":"LE"}},{"type":"Feature","geometry":{"type":"Point","coordinates":[-4.847,41.634]},"properties":{"fecha":"2014-01-31","codigo_territorio":"47","nombre_territorio":"Valladolid","longitud":-4.847,"latitud":41.634,"total":11833,"indefinido":963,"temporal":10870,"provincia":"VA"}},{"type":"Feature","geometry":{"type":"Point","coordinates":[-4.397,41.835]},"properties":{"fecha":"2014-01-31","codigo_territorio":"07","nombre_territorio":"Castilla Le\u00f3n","longitud":-4.397,"latitud":41.835,"total":47763,"indefinido":4074,"temporal":43689,"provincia":"CYL"}},{"type":"Feature","geometry":{"type":"Point","coordinates":[-4.946,40.571]},"properties":{"fecha":"2014-01-31","codigo_territorio":"05","nombre_territorio":"\u00c1vila","longitud":-4.946,"latitud":40.571,"total":2649,"indefinido":209,"temporal":2440,"provincia":"AV"}},{"type":"Feature","geometry":{"type":"Point","coordinates":[-4.535,42.37]},"properties":{"fecha":"2014-01-31","codigo_territorio":"34","nombre_territorio":"Palencia","longitud":-4.535,"latitud":42.37,"total":4673,"indefinido":293,"temporal":4380,"provincia":"PA"}},{"type":"Feature","geometry":{"type":"Point","coordinates":[-5.979,41.727]},"properties":{"fecha":"2014-01-31","codigo_territorio":"49","nombre_territorio":"Zamora","longitud":-5.979,"latitud":41.727,"total":2528,"indefinido":232,"temporal":2296,"provincia":"ZA"}},{"type":"Feature","geometry":{"type":"Point","coordinates":[-6.066,40.805]},"properties":{"fecha":"2014-01-31","codigo_territorio":"37","nombre_territorio":"Salamanca","longitud":-6.066,"latitud":40.805,"total":6192,"indefinido":528,"temporal":5664,"provincia":"SA"}},{"type":"Feature","geometry":{"type":"Point","coordinates":[-4.055,41.171]},"properties":{"fecha":"2014-01-31","codigo_territorio":"40","nombre_territorio":"Segovia","longitud":-4.055,"latitud":41.171,"total":2954,"indefinido":258,"temporal":2696,"provincia":"SE"}},{"type":"Feature","geometry":{"type":"Point","coordinates":[-2.589,41.621]},"properties":{"fecha":"2014-01-31","codigo_territorio":"42","nombre_territorio":"Soria","longitud":-2.589,"latitud":41.621,"total":1922,"indefinido":189,"temporal":1733,"provincia":"SO"}},{"type":"Feature","geometry":{"type":"Point","coordinates":[-3.586,42.367]},"properties":{"fecha":"2013-12-31","codigo_territorio":"09","nombre_territorio":"Burgos","longitud":-3.586,"latitud":42.367,"total":7936,"indefinido":503,"temporal":7433,"provincia":"BU"}},{"type":"Feature","geometry":{"type":"Point","coordinates":[-5.841,42.62]},"properties":{"fecha":"2013-12-31","codigo_territorio":"24","nombre_territorio":"Le\u00f3n","longitud":-5.841,"latitud":42.62,"total":8024,"indefinido":750,"temporal":7274,"provincia":"LE"}},{"type":"Feature","geometry":{"type":"Point","coordinates":[-4.535,42.37]},"properties":{"fecha":"2013-12-31","codigo_territorio":"34","nombre_territorio":"Palencia","longitud":-4.535,"latitud":42.37,"total":3988,"indefinido":232,"temporal":3756,"provincia":"PA"}},{"type":"Feature","geometry":{"type":"Point","coordinates":[-6.066,40.805]},"properties":{"fecha":"2013-12-31","codigo_territorio":"37","nombre_territorio":"Salamanca","longitud":-6.066,"latitud":40.805,"total":6105,"indefinido":426,"temporal":5679,"provincia":"SA"}},{"type":"Feature","geometry":{"type":"Point","coordinates":[-4.847,41.634]},"properties":{"fecha":"2013-12-31","codigo_territorio":"47","nombre_territorio":"Valladolid","longitud":-4.847,"latitud":41.634,"total":12989,"indefinido":773,"temporal":12216,"provincia":"VA"}},{"type":"Feature","geometry":{"type":"Point","coordinates":[-4.397,41.835]},"properties":{"fecha":"2013-12-31","codigo_territorio":"07","nombre_territorio":"Castilla Le\u00f3n","longitud":-4.397,"latitud":41.835,"total":49932,"indefinido":3326,"temporal":46606,"provincia":"CYL"}},{"type":"Feature","geometry":{"type":"Point","coordinates":[-4.946,40.571]},"properties":{"fecha":"2013-12-31","codigo_territorio":"05","nombre_territorio":"\u00c1vila","longitud":-4.946,"latitud":40.571,"total":3057,"indefinido":128,"temporal":2929,"provincia":"AV"}},{"type":"Feature","geometry":{"type":"Point","coordinates":[-4.055,41.171]},"properties":{"fecha":"2013-12-31","codigo_territorio":"40","nombre_territorio":"Segovia","longitud":-4.055,"latitud":41.171,"total":3577,"indefinido":266,"temporal":3311,"provincia":"SE"}},{"type":"Feature","geometry":{"type":"Point","coordinates":[-2.589,41.621]},"properties":{"fecha":"2013-12-31","codigo_territorio":"42","nombre_territorio":"Soria","longitud":-2.589,"latitud":41.621,"total":1733,"indefinido":102,"temporal":1631,"provincia":"SO"}},{"type":"Feature","geometry":{"type":"Point","coordinates":[-5.979,41.727]},"properties":{"fecha":"2013-12-31","codigo_territorio":"49","nombre_territorio":"Zamora","longitud":-5.979,"latitud":41.727,"total":2523,"indefinido":146,"temporal":2377,"provincia":"ZA"}},{"type":"Feature","geometry":{"type":"Point","coordinates":[-3.586,42.367]},"properties":{"fecha":"2013-11-30","codigo_territorio":"09","nombre_territorio":"Burgos","longitud":-3.586,"latitud":42.367,"total":7526,"indefinido":568,"temporal":6958,"provincia":"BU"}},{"type":"Feature","geometry":{"type":"Point","coordinates":[-5.841,42.62]},"properties":{"fecha":"2013-11-30","codigo_territorio":"24","nombre_territorio":"Le\u00f3n","longitud":-5.841,"latitud":42.62,"total":7428,"indefinido":846,"temporal":6582,"provincia":"LE"}},{"type":"Feature","geometry":{"type":"Point","coordinates":[-2.589,41.621]},"properties":{"fecha":"2013-11-30","codigo_territorio":"42","nombre_territorio":"Soria","longitud":-2.589,"latitud":41.621,"total":1796,"indefinido":169,"temporal":1627,"provincia":"SO"}},{"type":"Feature","geometry":{"type":"Point","coordinates":[-4.946,40.571]},"properties":{"fecha":"2013-11-30","codigo_territorio":"05","nombre_territorio":"\u00c1vila","longitud":-4.946,"latitud":40.571,"total":2960,"indefinido":215,"temporal":2745,"provincia":"AV"}},{"type":"Feature","geometry":{"type":"Point","coordinates":[-4.055,41.171]},"properties":{"fecha":"2013-11-30","codigo_territorio":"40","nombre_territorio":"Segovia","longitud":-4.055,"latitud":41.171,"total":4095,"indefinido":327,"temporal":3768,"provincia":"SE"}},{"type":"Feature","geometry":{"type":"Point","coordinates":[-4.397,41.835]},"properties":{"fecha":"2013-11-30","codigo_territorio":"07","nombre_territorio":"Castilla Le\u00f3n","longitud":-4.397,"latitud":41.835,"total":48674,"indefinido":4029,"temporal":44645,"provincia":"CYL"}},{"type":"Feature","geometry":{"type":"Point","coordinates":[-4.535,42.37]},"properties":{"fecha":"2013-11-30","codigo_territorio":"34","nombre_territorio":"Palencia","longitud":-4.535,"latitud":42.37,"total":3773,"indefinido":242,"temporal":3531,"provincia":"PA"}},{"type":"Feature","geometry":{"type":"Point","coordinates":[-6.066,40.805]},"properties":{"fecha":"2013-11-30","codigo_territorio":"37","nombre_territorio":"Salamanca","longitud":-6.066,"latitud":40.805,"total":5996,"indefinido":618,"temporal":5378,"provincia":"SA"}},{"type":"Feature","geometry":{"type":"Point","coordinates":[-4.847,41.634]},"properties":{"fecha":"2013-11-30","codigo_territorio":"47","nombre_territorio":"Valladolid","longitud":-4.847,"latitud":41.634,"total":12493,"indefinido":855,"temporal":11638,"provincia":"VA"}},{"type":"Feature","geometry":{"type":"Point","coordinates":[-5.979,41.727]},"properties":{"fecha":"2013-11-30","codigo_territorio":"49","nombre_territorio":"Zamora","longitud":-5.979,"latitud":41.727,"total":2607,"indefinido":189,"temporal":2418,"provincia":"ZA"}},{"type":"Feature","geometry":{"type":"Point","coordinates":[-4.946,40.571]},"properties":{"fecha":"2013-10-31","codigo_territorio":"05","nombre_territorio":"\u00c1vila","longitud":-4.946,"latitud":40.571,"total":5935,"indefinido":431,"temporal":5504,"provincia":"AV"}},{"type":"Feature","geometry":{"type":"Point","coordinates":[-4.055,41.171]},"properties":{"fecha":"2013-10-31","codigo_territorio":"40","nombre_territorio":"Segovia","longitud":-4.055,"latitud":41.171,"total":6154,"indefinido":792,"temporal":5362,"provincia":"SE"}},{"type":"Feature","geometry":{"type":"Point","coordinates":[-5.979,41.727]},"properties":{"fecha":"2013-10-31","codigo_territorio":"49","nombre_territorio":"Zamora","longitud":-5.979,"latitud":41.727,"total":5361,"indefinido":264,"temporal":5097,"provincia":"ZA"}},{"type":"Feature","geometry":{"type":"Point","coordinates":[-4.397,41.835]},"properties":{"fecha":"2013-10-31","codigo_territorio":"07","nombre_territorio":"Castilla Le\u00f3n","longitud":-4.397,"latitud":41.835,"total":79026,"indefinido":5705,"temporal":73321,"provincia":"CYL"}},{"type":"Feature","geometry":{"type":"Point","coordinates":[-5.841,42.62]},"properties":{"fecha":"2013-10-31","codigo_territorio":"24","nombre_territorio":"Le\u00f3n","longitud":-5.841,"latitud":42.62,"total":10508,"indefinido":904,"temporal":9604,"provincia":"LE"}},{"type":"Feature","geometry":{"type":"Point","coordinates":[-4.847,41.634]},"properties":{"fecha":"2013-10-31","codigo_territorio":"47","nombre_territorio":"Valladolid","longitud":-4.847,"latitud":41.634,"total":20457,"indefinido":1362,"temporal":19095,"provincia":"VA"}},{"type":"Feature","geometry":{"type":"Point","coordinates":[-3.586,42.367]},"properties":{"fecha":"2013-10-31","codigo_territorio":"09","nombre_territorio":"Burgos","longitud":-3.586,"latitud":42.367,"total":14285,"indefinido":756,"temporal":13529,"provincia":"BU"}},{"type":"Feature","geometry":{"type":"Point","coordinates":[-4.535,42.37]},"properties":{"fecha":"2013-10-31","codigo_territorio":"34","nombre_territorio":"Palencia","longitud":-4.535,"latitud":42.37,"total":5273,"indefinido":343,"temporal":4930,"provincia":"PA"}},{"type":"Feature","geometry":{"type":"Point","coordinates":[-6.066,40.805]},"properties":{"fecha":"2013-10-31","codigo_territorio":"37","nombre_territorio":"Salamanca","longitud":-6.066,"latitud":40.805,"total":8551,"indefinido":679,"temporal":7872,"provincia":"SA"}},{"type":"Feature","geometry":{"type":"Point","coordinates":[-2.589,41.621]},"properties":{"fecha":"2013-10-31","codigo_territorio":"42","nombre_territorio":"Soria","longitud":-2.589,"latitud":41.621,"total":2502,"indefinido":174,"temporal":2328,"provincia":"SO"}},{"type":"Feature","geometry":{"type":"Point","coordinates":[-3.586,42.367]},"properties":{"fecha":"2013-09-30","codigo_territorio":"09","nombre_territorio":"Burgos","longitud":-3.586,"latitud":42.367,"total":9336,"indefinido":786,"temporal":8550,"provincia":"BU"}},{"type":"Feature","geometry":{"type":"Point","coordinates":[-4.847,41.634]},"properties":{"fecha":"2013-09-30","codigo_territorio":"47","nombre_territorio":"Valladolid","longitud":-4.847,"latitud":41.634,"total":16827,"indefinido":1185,"temporal":15642,"provincia":"VA"}},{"type":"Feature","geometry":{"type":"Point","coordinates":[-4.397,41.835]},"properties":{"fecha":"2013-09-30","codigo_territorio":"07","nombre_territorio":"Castilla Le\u00f3n","longitud":-4.397,"latitud":41.835,"total":63842,"indefinido":4505,"temporal":59337,"provincia":"CYL"}},{"type":"Feature","geometry":{"type":"Point","coordinates":[-4.946,40.571]},"properties":{"fecha":"2013-09-30","codigo_territorio":"05","nombre_territorio":"\u00c1vila","longitud":-4.946,"latitud":40.571,"total":3670,"indefinido":319,"temporal":3351,"provincia":"AV"}},{"type":"Feature","geometry":{"type":"Point","coordinates":[-5.841,42.62]},"properties":{"fecha":"2013-09-30","codigo_territorio":"24","nombre_territorio":"Le\u00f3n","longitud":-5.841,"latitud":42.62,"total":10790,"indefinido":706,"temporal":10084,"provincia":"LE"}},{"type":"Feature","geometry":{"type":"Point","coordinates":[-4.535,42.37]},"properties":{"fecha":"2013-09-30","codigo_territorio":"34","nombre_territorio":"Palencia","longitud":-4.535,"latitud":42.37,"total":4695,"indefinido":291,"temporal":4404,"provincia":"PA"}},{"type":"Feature","geometry":{"type":"Point","coordinates":[-5.979,41.727]},"properties":{"fecha":"2013-09-30","codigo_territorio":"49","nombre_territorio":"Zamora","longitud":-5.979,"latitud":41.727,"total":3607,"indefinido":166,"temporal":3441,"provincia":"ZA"}},{"type":"Feature","geometry":{"type":"Point","coordinates":[-6.066,40.805]},"properties":{"fecha":"2013-09-30","codigo_territorio":"37","nombre_territorio":"Salamanca","longitud":-6.066,"latitud":40.805,"total":8333,"indefinido":619,"temporal":7714,"provincia":"SA"}},{"type":"Feature","geometry":{"type":"Point","coordinates":[-4.055,41.171]},"properties":{"fecha":"2013-09-30","codigo_territorio":"40","nombre_territorio":"Segovia","longitud":-4.055,"latitud":41.171,"total":4155,"indefinido":292,"temporal":3863,"provincia":"SE"}},{"type":"Feature","geometry":{"type":"Point","coordinates":[-2.589,41.621]},"properties":{"fecha":"2013-09-30","codigo_territorio":"42","nombre_territorio":"Soria","longitud":-2.589,"latitud":41.621,"total":2429,"indefinido":141,"temporal":2288,"provincia":"SO"}},{"type":"Feature","geometry":{"type":"Point","coordinates":[-4.946,40.571]},"properties":{"fecha":"2013-08-31","codigo_territorio":"05","nombre_territorio":"\u00c1vila","longitud":-4.946,"latitud":40.571,"total":3325,"indefinido":110,"temporal":3215,"provincia":"AV"}},{"type":"Feature","geometry":{"type":"Point","coordinates":[-4.535,42.37]},"properties":{"fecha":"2013-08-31","codigo_territorio":"34","nombre_territorio":"Palencia","longitud":-4.535,"latitud":42.37,"total":4137,"indefinido":236,"temporal":3901,"provincia":"PA"}},{"type":"Feature","geometry":{"type":"Point","coordinates":[-2.589,41.621]},"properties":{"fecha":"2013-08-31","codigo_territorio":"42","nombre_territorio":"Soria","longitud":-2.589,"latitud":41.621,"total":2362,"indefinido":108,"temporal":2254,"provincia":"SO"}},{"type":"Feature","geometry":{"type":"Point","coordinates":[-4.397,41.835]},"properties":{"fecha":"2013-08-31","codigo_territorio":"07","nombre_territorio":"Castilla Le\u00f3n","longitud":-4.397,"latitud":41.835,"total":54483,"indefinido":2826,"temporal":51657,"provincia":"CYL"}},{"type":"Feature","geometry":{"type":"Point","coordinates":[-6.066,40.805]},"properties":{"fecha":"2013-08-31","codigo_territorio":"37","nombre_territorio":"Salamanca","longitud":-6.066,"latitud":40.805,"total":7609,"indefinido":333,"temporal":7276,"provincia":"SA"}},{"type":"Feature","geometry":{"type":"Point","coordinates":[-4.055,41.171]},"properties":{"fecha":"2013-08-31","codigo_territorio":"40","nombre_territorio":"Segovia","longitud":-4.055,"latitud":41.171,"total":4018,"indefinido":270,"temporal":3748,"provincia":"SE"}},{"type":"Feature","geometry":{"type":"Point","coordinates":[-4.847,41.634]},"properties":{"fecha":"2013-08-31","codigo_territorio":"47","nombre_territorio":"Valladolid","longitud":-4.847,"latitud":41.634,"total":12984,"indefinido":698,"temporal":12286,"provincia":"VA"}},{"type":"Feature","geometry":{"type":"Point","coordinates":[-5.979,41.727]},"properties":{"fecha":"2013-08-31","codigo_territorio":"49","nombre_territorio":"Zamora","longitud":-5.979,"latitud":41.727,"total":3684,"indefinido":168,"temporal":3516,"provincia":"ZA"}},{"type":"Feature","geometry":{"type":"Point","coordinates":[-3.586,42.367]},"properties":{"fecha":"2013-08-31","codigo_territorio":"09","nombre_territorio":"Burgos","longitud":-3.586,"latitud":42.367,"total":8465,"indefinido":404,"temporal":8061,"provincia":"BU"}},{"type":"Feature","geometry":{"type":"Point","coordinates":[-5.841,42.62]},"properties":{"fecha":"2013-08-31","codigo_territorio":"24","nombre_territorio":"Le\u00f3n","longitud":-5.841,"latitud":42.62,"total":7899,"indefinido":499,"temporal":7400,"provincia":"LE"}},{"type":"Feature","geometry":{"type":"Point","coordinates":[-4.535,42.37]},"properties":{"fecha":"2013-07-31","codigo_territorio":"34","nombre_territorio":"Palencia","longitud":-4.535,"latitud":42.37,"total":5534,"indefinido":244,"temporal":5290,"provincia":"PA"}},{"type":"Feature","geometry":{"type":"Point","coordinates":[-2.589,41.621]},"properties":{"fecha":"2013-07-31","codigo_territorio":"42","nombre_territorio":"Soria","longitud":-2.589,"latitud":41.621,"total":3486,"indefinido":172,"temporal":3314,"provincia":"SO"}},{"type":"Feature","geometry":{"type":"Point","coordinates":[-5.979,41.727]},"properties":{"fecha":"2013-07-31","codigo_territorio":"49","nombre_territorio":"Zamora","longitud":-5.979,"latitud":41.727,"total":4733,"indefinido":309,"temporal":4424,"provincia":"ZA"}},{"type":"Feature","geometry":{"type":"Point","coordinates":[-5.841,42.62]},"properties":{"fecha":"2013-07-31","codigo_territorio":"24","nombre_territorio":"Le\u00f3n","longitud":-5.841,"latitud":42.62,"total":10644,"indefinido":676,"temporal":9968,"provincia":"LE"}},{"type":"Feature","geometry":{"type":"Point","coordinates":[-4.946,40.571]},"properties":{"fecha":"2013-07-31","codigo_territorio":"05","nombre_territorio":"\u00c1vila","longitud":-4.946,"latitud":40.571,"total":5095,"indefinido":208,"temporal":4887,"provincia":"AV"}},{"type":"Feature","geometry":{"type":"Point","coordinates":[-3.586,42.367]},"properties":{"fecha":"2013-07-31","codigo_territorio":"09","nombre_territorio":"Burgos","longitud":-3.586,"latitud":42.367,"total":11014,"indefinido":548,"temporal":10466,"provincia":"BU"}},{"type":"Feature","geometry":{"type":"Point","coordinates":[-6.066,40.805]},"properties":{"fecha":"2013-07-31","codigo_territorio":"37","nombre_territorio":"Salamanca","longitud":-6.066,"latitud":40.805,"total":9723,"indefinido":548,"temporal":9175,"provincia":"SA"}},{"type":"Feature","geometry":{"type":"Point","coordinates":[-4.055,41.171]},"properties":{"fecha":"2013-07-31","codigo_territorio":"40","nombre_territorio":"Segovia","longitud":-4.055,"latitud":41.171,"total":5413,"indefinido":308,"temporal":5105,"provincia":"SE"}},{"type":"Feature","geometry":{"type":"Point","coordinates":[-4.847,41.634]},"properties":{"fecha":"2013-07-31","codigo_territorio":"47","nombre_territorio":"Valladolid","longitud":-4.847,"latitud":41.634,"total":17717,"indefinido":937,"temporal":16780,"provincia":"VA"}},{"type":"Feature","geometry":{"type":"Point","coordinates":[-4.397,41.835]},"properties":{"fecha":"2013-07-31","codigo_territorio":"07","nombre_territorio":"Castilla Le\u00f3n","longitud":-4.397,"latitud":41.835,"total":73359,"indefinido":3950,"temporal":69409,"provincia":"CYL"}},{"type":"Feature","geometry":{"type":"Point","coordinates":[-4.946,40.571]},"properties":{"fecha":"2013-06-30","codigo_territorio":"05","nombre_territorio":"\u00c1vila","longitud":-4.946,"latitud":40.571,"total":3749,"indefinido":173,"temporal":3576,"provincia":"AV"}},{"type":"Feature","geometry":{"type":"Point","coordinates":[-5.841,42.62]},"properties":{"fecha":"2013-06-30","codigo_territorio":"24","nombre_territorio":"Le\u00f3n","longitud":-5.841,"latitud":42.62,"total":8216,"indefinido":673,"temporal":7543,"provincia":"LE"}},{"type":"Feature","geometry":{"type":"Point","coordinates":[-4.535,42.37]},"properties":{"fecha":"2013-06-30","codigo_territorio":"34","nombre_territorio":"Palencia","longitud":-4.535,"latitud":42.37,"total":4478,"indefinido":243,"temporal":4235,"provincia":"PA"}},{"type":"Feature","geometry":{"type":"Point","coordinates":[-6.066,40.805]},"properties":{"fecha":"2013-06-30","codigo_territorio":"37","nombre_territorio":"Salamanca","longitud":-6.066,"latitud":40.805,"total":7999,"indefinido":512,"temporal":7487,"provincia":"SA"}},{"type":"Feature","geometry":{"type":"Point","coordinates":[-2.589,41.621]},"properties":{"fecha":"2013-06-30","codigo_territorio":"42","nombre_territorio":"Soria","longitud":-2.589,"latitud":41.621,"total":2352,"indefinido":153,"temporal":2199,"provincia":"SO"}},{"type":"Feature","geometry":{"type":"Point","coordinates":[-4.847,41.634]},"properties":{"fecha":"2013-06-30","codigo_territorio":"47","nombre_territorio":"Valladolid","longitud":-4.847,"latitud":41.634,"total":14547,"indefinido":831,"temporal":13716,"provincia":"VA"}},{"type":"Feature","geometry":{"type":"Point","coordinates":[-3.586,42.367]},"properties":{"fecha":"2013-06-30","codigo_territorio":"09","nombre_territorio":"Burgos","longitud":-3.586,"latitud":42.367,"total":9734,"indefinido":516,"temporal":9218,"provincia":"BU"}},{"type":"Feature","geometry":{"type":"Point","coordinates":[-4.055,41.171]},"properties":{"fecha":"2013-06-30","codigo_territorio":"40","nombre_territorio":"Segovia","longitud":-4.055,"latitud":41.171,"total":4144,"indefinido":285,"temporal":3859,"provincia":"SE"}},{"type":"Feature","geometry":{"type":"Point","coordinates":[-5.979,41.727]},"properties":{"fecha":"2013-06-30","codigo_territorio":"49","nombre_territorio":"Zamora","longitud":-5.979,"latitud":41.727,"total":3467,"indefinido":200,"temporal":3267,"provincia":"ZA"}},{"type":"Feature","geometry":{"type":"Point","coordinates":[-4.397,41.835]},"properties":{"fecha":"2013-06-30","codigo_territorio":"07","nombre_territorio":"Castilla Le\u00f3n","longitud":-4.397,"latitud":41.835,"total":58686,"indefinido":3586,"temporal":55100,"provincia":"CYL"}},{"type":"Feature","geometry":{"type":"Point","coordinates":[-4.946,40.571]},"properties":{"fecha":"2013-05-31","codigo_territorio":"05","nombre_territorio":"\u00c1vila","longitud":-4.946,"latitud":40.571,"total":3440,"indefinido":186,"temporal":3254,"provincia":"AV"}},{"type":"Feature","geometry":{"type":"Point","coordinates":[-3.586,42.367]},"properties":{"fecha":"2013-05-31","codigo_territorio":"09","nombre_territorio":"Burgos","longitud":-3.586,"latitud":42.367,"total":8307,"indefinido":568,"temporal":7739,"provincia":"BU"}},{"type":"Feature","geometry":{"type":"Point","coordinates":[-5.979,41.727]},"properties":{"fecha":"2013-05-31","codigo_territorio":"49","nombre_territorio":"Zamora","longitud":-5.979,"latitud":41.727,"total":3175,"indefinido":186,"temporal":2989,"provincia":"ZA"}},{"type":"Feature","geometry":{"type":"Point","coordinates":[-4.055,41.171]},"properties":{"fecha":"2013-05-31","codigo_territorio":"40","nombre_territorio":"Segovia","longitud":-4.055,"latitud":41.171,"total":3883,"indefinido":252,"temporal":3631,"provincia":"SE"}},{"type":"Feature","geometry":{"type":"Point","coordinates":[-5.841,42.62]},"properties":{"fecha":"2013-05-31","codigo_territorio":"24","nombre_territorio":"Le\u00f3n","longitud":-5.841,"latitud":42.62,"total":8065,"indefinido":687,"temporal":7378,"provincia":"LE"}},{"type":"Feature","geometry":{"type":"Point","coordinates":[-4.535,42.37]},"properties":{"fecha":"2013-05-31","codigo_territorio":"34","nombre_territorio":"Palencia","longitud":-4.535,"latitud":42.37,"total":4192,"indefinido":251,"temporal":3941,"provincia":"PA"}},{"type":"Feature","geometry":{"type":"Point","coordinates":[-6.066,40.805]},"properties":{"fecha":"2013-05-31","codigo_territorio":"37","nombre_territorio":"Salamanca","longitud":-6.066,"latitud":40.805,"total":7530,"indefinido":509,"temporal":7021,"provincia":"SA"}},{"type":"Feature","geometry":{"type":"Point","coordinates":[-2.589,41.621]},"properties":{"fecha":"2013-05-31","codigo_territorio":"42","nombre_territorio":"Soria","longitud":-2.589,"latitud":41.621,"total":2081,"indefinido":164,"temporal":1917,"provincia":"SO"}},{"type":"Feature","geometry":{"type":"Point","coordinates":[-4.847,41.634]},"properties":{"fecha":"2013-05-31","codigo_territorio":"47","nombre_territorio":"Valladolid","longitud":-4.847,"latitud":41.634,"total":14536,"indefinido":868,"temporal":13668,"provincia":"VA"}},{"type":"Feature","geometry":{"type":"Point","coordinates":[-4.397,41.835]},"properties":{"fecha":"2013-05-31","codigo_territorio":"07","nombre_territorio":"Castilla Le\u00f3n","longitud":-4.397,"latitud":41.835,"total":55209,"indefinido":3671,"temporal":51538,"provincia":"CYL"}},{"type":"Feature","geometry":{"type":"Point","coordinates":[-4.055,41.171]},"properties":{"fecha":"2013-04-30","codigo_territorio":"40","nombre_territorio":"Segovia","longitud":-4.055,"latitud":41.171,"total":3136,"indefinido":268,"temporal":2868,"provincia":"SE"}},{"type":"Feature","geometry":{"type":"Point","coordinates":[-4.847,41.634]},"properties":{"fecha":"2013-04-30","codigo_territorio":"47","nombre_territorio":"Valladolid","longitud":-4.847,"latitud":41.634,"total":12133,"indefinido":904,"temporal":11229,"provincia":"VA"}},{"type":"Feature","geometry":{"type":"Point","coordinates":[-6.066,40.805]},"properties":{"fecha":"2013-04-30","codigo_territorio":"37","nombre_territorio":"Salamanca","longitud":-6.066,"latitud":40.805,"total":6601,"indefinido":590,"temporal":6011,"provincia":"SA"}},{"type":"Feature","geometry":{"type":"Point","coordinates":[-4.946,40.571]},"properties":{"fecha":"2013-04-30","codigo_territorio":"05","nombre_territorio":"\u00c1vila","longitud":-4.946,"latitud":40.571,"total":3052,"indefinido":242,"temporal":2810,"provincia":"AV"}},{"type":"Feature","geometry":{"type":"Point","coordinates":[-3.586,42.367]},"properties":{"fecha":"2013-04-30","codigo_territorio":"09","nombre_territorio":"Burgos","longitud":-3.586,"latitud":42.367,"total":6961,"indefinido":663,"temporal":6298,"provincia":"BU"}},{"type":"Feature","geometry":{"type":"Point","coordinates":[-5.841,42.62]},"properties":{"fecha":"2013-04-30","codigo_territorio":"24","nombre_territorio":"Le\u00f3n","longitud":-5.841,"latitud":42.62,"total":7335,"indefinido":808,"temporal":6527,"provincia":"LE"}},{"type":"Feature","geometry":{"type":"Point","coordinates":[-4.535,42.37]},"properties":{"fecha":"2013-04-30","codigo_territorio":"34","nombre_territorio":"Palencia","longitud":-4.535,"latitud":42.37,"total":3823,"indefinido":243,"temporal":3580,"provincia":"PA"}},{"type":"Feature","geometry":{"type":"Point","coordinates":[-2.589,41.621]},"properties":{"fecha":"2013-04-30","codigo_territorio":"42","nombre_territorio":"Soria","longitud":-2.589,"latitud":41.621,"total":1950,"indefinido":207,"temporal":1743,"provincia":"SO"}},{"type":"Feature","geometry":{"type":"Point","coordinates":[-5.979,41.727]},"properties":{"fecha":"2013-04-30","codigo_territorio":"49","nombre_territorio":"Zamora","longitud":-5.979,"latitud":41.727,"total":2736,"indefinido":200,"temporal":2536,"provincia":"ZA"}},{"type":"Feature","geometry":{"type":"Point","coordinates":[-4.397,41.835]},"properties":{"fecha":"2013-04-30","codigo_territorio":"07","nombre_territorio":"Castilla Le\u00f3n","longitud":-4.397,"latitud":41.835,"total":47727,"indefinido":4125,"temporal":43602,"provincia":"CYL"}},{"type":"Feature","geometry":{"type":"Point","coordinates":[-4.946,40.571]},"properties":{"fecha":"2013-03-31","codigo_territorio":"05","nombre_territorio":"\u00c1vila","longitud":-4.946,"latitud":40.571,"total":2082,"indefinido":226,"temporal":1856,"provincia":"AV"}},{"type":"Feature","geometry":{"type":"Point","coordinates":[-4.055,41.171]},"properties":{"fecha":"2013-03-31","codigo_territorio":"40","nombre_territorio":"Segovia","longitud":-4.055,"latitud":41.171,"total":2605,"indefinido":295,"temporal":2310,"provincia":"SE"}},{"type":"Feature","geometry":{"type":"Point","coordinates":[-4.847,41.634]},"properties":{"fecha":"2013-03-31","codigo_territorio":"47","nombre_territorio":"Valladolid","longitud":-4.847,"latitud":41.634,"total":9636,"indefinido":914,"temporal":8722,"provincia":"VA"}},{"type":"Feature","geometry":{"type":"Point","coordinates":[-4.397,41.835]},"properties":{"fecha":"2013-03-31","codigo_territorio":"07","nombre_territorio":"Castilla Le\u00f3n","longitud":-4.397,"latitud":41.835,"total":39062,"indefinido":3895,"temporal":35167,"provincia":"CYL"}},{"type":"Feature","geometry":{"type":"Point","coordinates":[-5.841,42.62]},"properties":{"fecha":"2013-03-31","codigo_territorio":"24","nombre_territorio":"Le\u00f3n","longitud":-5.841,"latitud":42.62,"total":6052,"indefinido":697,"temporal":5355,"provincia":"LE"}},{"type":"Feature","geometry":{"type":"Point","coordinates":[-5.979,41.727]},"properties":{"fecha":"2013-03-31","codigo_territorio":"49","nombre_territorio":"Zamora","longitud":-5.979,"latitud":41.727,"total":2437,"indefinido":229,"temporal":2208,"provincia":"ZA"}},{"type":"Feature","geometry":{"type":"Point","coordinates":[-3.586,42.367]},"properties":{"fecha":"2013-03-31","codigo_territorio":"09","nombre_territorio":"Burgos","longitud":-3.586,"latitud":42.367,"total":6142,"indefinido":615,"temporal":5527,"provincia":"BU"}},{"type":"Feature","geometry":{"type":"Point","coordinates":[-4.535,42.37]},"properties":{"fecha":"2013-03-31","codigo_territorio":"34","nombre_territorio":"Palencia","longitud":-4.535,"latitud":42.37,"total":3230,"indefinido":242,"temporal":2988,"provincia":"PA"}},{"type":"Feature","geometry":{"type":"Point","coordinates":[-6.066,40.805]},"properties":{"fecha":"2013-03-31","codigo_territorio":"37","nombre_territorio":"Salamanca","longitud":-6.066,"latitud":40.805,"total":5198,"indefinido":519,"temporal":4679,"provincia":"SA"}},{"type":"Feature","geometry":{"type":"Point","coordinates":[-2.589,41.621]},"properties":{"fecha":"2013-03-31","codigo_territorio":"42","nombre_territorio":"Soria","longitud":-2.589,"latitud":41.621,"total":1680,"indefinido":158,"temporal":1522,"provincia":"SO"}},{"type":"Feature","geometry":{"type":"Point","coordinates":[-4.946,40.571]},"properties":{"fecha":"2013-02-28","codigo_territorio":"05","nombre_territorio":"\u00c1vila","longitud":-4.946,"latitud":40.571,"total":1774,"indefinido":149,"temporal":1625,"provincia":"AV"}},{"type":"Feature","geometry":{"type":"Point","coordinates":[-2.589,41.621]},"properties":{"fecha":"2013-02-28","codigo_territorio":"42","nombre_territorio":"Soria","longitud":-2.589,"latitud":41.621,"total":1432,"indefinido":150,"temporal":1282,"provincia":"SO"}},{"type":"Feature","geometry":{"type":"Point","coordinates":[-5.979,41.727]},"properties":{"fecha":"2013-02-28","codigo_territorio":"49","nombre_territorio":"Zamora","longitud":-5.979,"latitud":41.727,"total":2039,"indefinido":214,"temporal":1825,"provincia":"ZA"}},{"type":"Feature","geometry":{"type":"Point","coordinates":[-4.397,41.835]},"properties":{"fecha":"2013-02-28","codigo_territorio":"07","nombre_territorio":"Castilla Le\u00f3n","longitud":-4.397,"latitud":41.835,"total":36025,"indefinido":3933,"temporal":32092,"provincia":"CYL"}},{"type":"Feature","geometry":{"type":"Point","coordinates":[-3.586,42.367]},"properties":{"fecha":"2013-02-28","codigo_territorio":"09","nombre_territorio":"Burgos","longitud":-3.586,"latitud":42.367,"total":5613,"indefinido":548,"temporal":5065,"provincia":"BU"}},{"type":"Feature","geometry":{"type":"Point","coordinates":[-5.841,42.62]},"properties":{"fecha":"2013-02-28","codigo_territorio":"24","nombre_territorio":"Le\u00f3n","longitud":-5.841,"latitud":42.62,"total":5526,"indefinido":770,"temporal":4756,"provincia":"LE"}},{"type":"Feature","geometry":{"type":"Point","coordinates":[-4.535,42.37]},"properties":{"fecha":"2013-02-28","codigo_territorio":"34","nombre_territorio":"Palencia","longitud":-4.535,"latitud":42.37,"total":2826,"indefinido":259,"temporal":2567,"provincia":"PA"}},{"type":"Feature","geometry":{"type":"Point","coordinates":[-6.066,40.805]},"properties":{"fecha":"2013-02-28","codigo_territorio":"37","nombre_territorio":"Salamanca","longitud":-6.066,"latitud":40.805,"total":5102,"indefinido":630,"temporal":4472,"provincia":"SA"}},{"type":"Feature","geometry":{"type":"Point","coordinates":[-4.055,41.171]},"properties":{"fecha":"2013-02-28","codigo_territorio":"40","nombre_territorio":"Segovia","longitud":-4.055,"latitud":41.171,"total":2406,"indefinido":273,"temporal":2133,"provincia":"SE"}},{"type":"Feature","geometry":{"type":"Point","coordinates":[-4.847,41.634]},"properties":{"fecha":"2013-02-28","codigo_territorio":"47","nombre_territorio":"Valladolid","longitud":-4.847,"latitud":41.634,"total":9307,"indefinido":940,"temporal":8367,"provincia":"VA"}},{"type":"Feature","geometry":{"type":"Point","coordinates":[-5.841,42.62]},"properties":{"fecha":"2013-01-31","codigo_territorio":"24","nombre_territorio":"Le\u00f3n","longitud":-5.841,"latitud":42.62,"total":6375,"indefinido":748,"temporal":5627,"provincia":"LE"}},{"type":"Feature","geometry":{"type":"Point","coordinates":[-4.535,42.37]},"properties":{"fecha":"2013-01-31","codigo_territorio":"34","nombre_territorio":"Palencia","longitud":-4.535,"latitud":42.37,"total":3595,"indefinido":316,"temporal":3279,"provincia":"PA"}},{"type":"Feature","geometry":{"type":"Point","coordinates":[-4.946,40.571]},"properties":{"fecha":"2013-01-31","codigo_territorio":"05","nombre_territorio":"\u00c1vila","longitud":-4.946,"latitud":40.571,"total":1897,"indefinido":214,"temporal":1683,"provincia":"AV"}},{"type":"Feature","geometry":{"type":"Point","coordinates":[-3.586,42.367]},"properties":{"fecha":"2013-01-31","codigo_territorio":"09","nombre_territorio":"Burgos","longitud":-3.586,"latitud":42.367,"total":7011,"indefinido":722,"temporal":6289,"provincia":"BU"}},{"type":"Feature","geometry":{"type":"Point","coordinates":[-6.066,40.805]},"properties":{"fecha":"2013-01-31","codigo_territorio":"37","nombre_territorio":"Salamanca","longitud":-6.066,"latitud":40.805,"total":5557,"indefinido":591,"temporal":4966,"provincia":"SA"}},{"type":"Feature","geometry":{"type":"Point","coordinates":[-2.589,41.621]},"properties":{"fecha":"2013-01-31","codigo_territorio":"42","nombre_territorio":"Soria","longitud":-2.589,"latitud":41.621,"total":1538,"indefinido":165,"temporal":1373,"provincia":"SO"}},{"type":"Feature","geometry":{"type":"Point","coordinates":[-4.397,41.835]},"properties":{"fecha":"2013-01-31","codigo_territorio":"07","nombre_territorio":"Castilla Le\u00f3n","longitud":-4.397,"latitud":41.835,"total":40787,"indefinido":4281,"temporal":36506,"provincia":"CYL"}},{"type":"Feature","geometry":{"type":"Point","coordinates":[-4.055,41.171]},"properties":{"fecha":"2013-01-31","codigo_territorio":"40","nombre_territorio":"Segovia","longitud":-4.055,"latitud":41.171,"total":2577,"indefinido":253,"temporal":2324,"provincia":"SE"}},{"type":"Feature","geometry":{"type":"Point","coordinates":[-4.847,41.634]},"properties":{"fecha":"2013-01-31","codigo_territorio":"47","nombre_territorio":"Valladolid","longitud":-4.847,"latitud":41.634,"total":10058,"indefinido":1029,"temporal":9029,"provincia":"VA"}},{"type":"Feature","geometry":{"type":"Point","coordinates":[-5.979,41.727]},"properties":{"fecha":"2013-01-31","codigo_territorio":"49","nombre_territorio":"Zamora","longitud":-5.979,"latitud":41.727,"total":2179,"indefinido":243,"temporal":1936,"provincia":"ZA"}},{"type":"Feature","geometry":{"type":"Point","coordinates":[-4.946,40.571]},"properties":{"fecha":"2012-12-31","codigo_territorio":"05","nombre_territorio":"\u00c1vila","longitud":-4.946,"latitud":40.571,"total":2363,"indefinido":144,"temporal":2219,"provincia":"AV"}},{"type":"Feature","geometry":{"type":"Point","coordinates":[-5.841,42.62]},"properties":{"fecha":"2012-12-31","codigo_territorio":"24","nombre_territorio":"Le\u00f3n","longitud":-5.841,"latitud":42.62,"total":6342,"indefinido":618,"temporal":5724,"provincia":"LE"}},{"type":"Feature","geometry":{"type":"Point","coordinates":[-4.535,42.37]},"properties":{"fecha":"2012-12-31","codigo_territorio":"34","nombre_territorio":"Palencia","longitud":-4.535,"latitud":42.37,"total":2987,"indefinido":204,"temporal":2783,"provincia":"PA"}},{"type":"Feature","geometry":{"type":"Point","coordinates":[-2.589,41.621]},"properties":{"fecha":"2012-12-31","codigo_territorio":"42","nombre_territorio":"Soria","longitud":-2.589,"latitud":41.621,"total":1180,"indefinido":102,"temporal":1078,"provincia":"SO"}},{"type":"Feature","geometry":{"type":"Point","coordinates":[-4.397,41.835]},"properties":{"fecha":"2012-12-31","codigo_territorio":"07","nombre_territorio":"Castilla Le\u00f3n","longitud":-4.397,"latitud":41.835,"total":39254,"indefinido":3107,"temporal":36147,"provincia":"CYL"}},{"type":"Feature","geometry":{"type":"Point","coordinates":[-3.586,42.367]},"properties":{"fecha":"2012-12-31","codigo_territorio":"09","nombre_territorio":"Burgos","longitud":-3.586,"latitud":42.367,"total":6281,"indefinido":491,"temporal":5790,"provincia":"BU"}},{"type":"Feature","geometry":{"type":"Point","coordinates":[-6.066,40.805]},"properties":{"fecha":"2012-12-31","codigo_territorio":"37","nombre_territorio":"Salamanca","longitud":-6.066,"latitud":40.805,"total":5306,"indefinido":445,"temporal":4861,"provincia":"SA"}},{"type":"Feature","geometry":{"type":"Point","coordinates":[-4.847,41.634]},"properties":{"fecha":"2012-12-31","codigo_territorio":"47","nombre_territorio":"Valladolid","longitud":-4.847,"latitud":41.634,"total":9620,"indefinido":687,"temporal":8933,"provincia":"VA"}},{"type":"Feature","geometry":{"type":"Point","coordinates":[-4.055,41.171]},"properties":{"fecha":"2012-12-31","codigo_territorio":"40","nombre_territorio":"Segovia","longitud":-4.055,"latitud":41.171,"total":2983,"indefinido":250,"temporal":2733,"provincia":"SE"}},{"type":"Feature","geometry":{"type":"Point","coordinates":[-5.979,41.727]},"properties":{"fecha":"2012-12-31","codigo_territorio":"49","nombre_territorio":"Zamora","longitud":-5.979,"latitud":41.727,"total":2192,"indefinido":166,"temporal":2026,"provincia":"ZA"}},{"type":"Feature","geometry":{"type":"Point","coordinates":[-5.841,42.62]},"properties":{"fecha":"2012-11-30","codigo_territorio":"24","nombre_territorio":"Le\u00f3n","longitud":-5.841,"latitud":42.62,"total":6805,"indefinido":740,"temporal":6065,"provincia":"LE"}},{"type":"Feature","geometry":{"type":"Point","coordinates":[-4.535,42.37]},"properties":{"fecha":"2012-11-30","codigo_territorio":"34","nombre_territorio":"Palencia","longitud":-4.535,"latitud":42.37,"total":3211,"indefinido":277,"temporal":2934,"provincia":"PA"}},{"type":"Feature","geometry":{"type":"Point","coordinates":[-4.055,41.171]},"properties":{"fecha":"2012-11-30","codigo_territorio":"40","nombre_territorio":"Segovia","longitud":-4.055,"latitud":41.171,"total":3294,"indefinido":279,"temporal":3015,"provincia":"SE"}},{"type":"Feature","geometry":{"type":"Point","coordinates":[-4.847,41.634]},"properties":{"fecha":"2012-11-30","codigo_territorio":"47","nombre_territorio":"Valladolid","longitud":-4.847,"latitud":41.634,"total":11073,"indefinido":1036,"temporal":10037,"provincia":"VA"}},{"type":"Feature","geometry":{"type":"Point","coordinates":[-4.946,40.571]},"properties":{"fecha":"2012-11-30","codigo_territorio":"05","nombre_territorio":"\u00c1vila","longitud":-4.946,"latitud":40.571,"total":2385,"indefinido":223,"temporal":2162,"provincia":"AV"}},{"type":"Feature","geometry":{"type":"Point","coordinates":[-2.589,41.621]},"properties":{"fecha":"2012-11-30","codigo_territorio":"42","nombre_territorio":"Soria","longitud":-2.589,"latitud":41.621,"total":1421,"indefinido":199,"temporal":1222,"provincia":"SO"}},{"type":"Feature","geometry":{"type":"Point","coordinates":[-3.586,42.367]},"properties":{"fecha":"2012-11-30","codigo_territorio":"09","nombre_territorio":"Burgos","longitud":-3.586,"latitud":42.367,"total":6947,"indefinido":636,"temporal":6311,"provincia":"BU"}},{"type":"Feature","geometry":{"type":"Point","coordinates":[-6.066,40.805]},"properties":{"fecha":"2012-11-30","codigo_territorio":"37","nombre_territorio":"Salamanca","longitud":-6.066,"latitud":40.805,"total":5802,"indefinido":604,"temporal":5198,"provincia":"SA"}},{"type":"Feature","geometry":{"type":"Point","coordinates":[-5.979,41.727]},"properties":{"fecha":"2012-11-30","codigo_territorio":"49","nombre_territorio":"Zamora","longitud":-5.979,"latitud":41.727,"total":2507,"indefinido":257,"temporal":2250,"provincia":"ZA"}},{"type":"Feature","geometry":{"type":"Point","coordinates":[-4.397,41.835]},"properties":{"fecha":"2012-11-30","codigo_territorio":"07","nombre_territorio":"Castilla Le\u00f3n","longitud":-4.397,"latitud":41.835,"total":43445,"indefinido":4251,"temporal":39194,"provincia":"CYL"}},{"type":"Feature","geometry":{"type":"Point","coordinates":[-4.946,40.571]},"properties":{"fecha":"2012-10-31","codigo_territorio":"05","nombre_territorio":"\u00c1vila","longitud":-4.946,"latitud":40.571,"total":5339,"indefinido":594,"temporal":4745,"provincia":"AV"}},{"type":"Feature","geometry":{"type":"Point","coordinates":[-3.586,42.367]},"properties":{"fecha":"2012-10-31","codigo_territorio":"09","nombre_territorio":"Burgos","longitud":-3.586,"latitud":42.367,"total":12396,"indefinido":793,"temporal":11603,"provincia":"BU"}},{"type":"Feature","geometry":{"type":"Point","coordinates":[-4.055,41.171]},"properties":{"fecha":"2012-10-31","codigo_territorio":"40","nombre_territorio":"Segovia","longitud":-4.055,"latitud":41.171,"total":5869,"indefinido":732,"temporal":5137,"provincia":"SE"}},{"type":"Feature","geometry":{"type":"Point","coordinates":[-4.397,41.835]},"properties":{"fecha":"2012-10-31","codigo_territorio":"07","nombre_territorio":"Castilla Le\u00f3n","longitud":-4.397,"latitud":41.835,"total":68940,"indefinido":6265,"temporal":62675,"provincia":"CYL"}},{"type":"Feature","geometry":{"type":"Point","coordinates":[-5.841,42.62]},"properties":{"fecha":"2012-10-31","codigo_territorio":"24","nombre_territorio":"Le\u00f3n","longitud":-5.841,"latitud":42.62,"total":9411,"indefinido":898,"temporal":8513,"provincia":"LE"}},{"type":"Feature","geometry":{"type":"Point","coordinates":[-4.535,42.37]},"properties":{"fecha":"2012-10-31","codigo_territorio":"34","nombre_territorio":"Palencia","longitud":-4.535,"latitud":42.37,"total":4613,"indefinido":386,"temporal":4227,"provincia":"PA"}},{"type":"Feature","geometry":{"type":"Point","coordinates":[-6.066,40.805]},"properties":{"fecha":"2012-10-31","codigo_territorio":"37","nombre_territorio":"Salamanca","longitud":-6.066,"latitud":40.805,"total":7829,"indefinido":850,"temporal":6979,"provincia":"SA"}},{"type":"Feature","geometry":{"type":"Point","coordinates":[-2.589,41.621]},"properties":{"fecha":"2012-10-31","codigo_territorio":"42","nombre_territorio":"Soria","longitud":-2.589,"latitud":41.621,"total":2075,"indefinido":181,"temporal":1894,"provincia":"SO"}},{"type":"Feature","geometry":{"type":"Point","coordinates":[-4.847,41.634]},"properties":{"fecha":"2012-10-31","codigo_territorio":"47","nombre_territorio":"Valladolid","longitud":-4.847,"latitud":41.634,"total":17243,"indefinido":1529,"temporal":15714,"provincia":"VA"}},{"type":"Feature","geometry":{"type":"Point","coordinates":[-5.979,41.727]},"properties":{"fecha":"2012-10-31","codigo_territorio":"49","nombre_territorio":"Zamora","longitud":-5.979,"latitud":41.727,"total":4165,"indefinido":302,"temporal":3863,"provincia":"ZA"}},{"type":"Feature","geometry":{"type":"Point","coordinates":[-4.946,40.571]},"properties":{"fecha":"2012-09-30","codigo_territorio":"05","nombre_territorio":"\u00c1vila","longitud":-4.946,"latitud":40.571,"total":3106,"indefinido":356,"temporal":2750,"provincia":"AV"}},{"type":"Feature","geometry":{"type":"Point","coordinates":[-5.841,42.62]},"properties":{"fecha":"2012-09-30","codigo_territorio":"24","nombre_territorio":"Le\u00f3n","longitud":-5.841,"latitud":42.62,"total":9314,"indefinido":812,"temporal":8502,"provincia":"LE"}},{"type":"Feature","geometry":{"type":"Point","coordinates":[-4.535,42.37]},"properties":{"fecha":"2012-09-30","codigo_territorio":"34","nombre_territorio":"Palencia","longitud":-4.535,"latitud":42.37,"total":4554,"indefinido":353,"temporal":4201,"provincia":"PA"}},{"type":"Feature","geometry":{"type":"Point","coordinates":[-6.066,40.805]},"properties":{"fecha":"2012-09-30","codigo_territorio":"37","nombre_territorio":"Salamanca","longitud":-6.066,"latitud":40.805,"total":7935,"indefinido":890,"temporal":7045,"provincia":"SA"}},{"type":"Feature","geometry":{"type":"Point","coordinates":[-4.847,41.634]},"properties":{"fecha":"2012-09-30","codigo_territorio":"47","nombre_territorio":"Valladolid","longitud":-4.847,"latitud":41.634,"total":16555,"indefinido":1443,"temporal":15112,"provincia":"VA"}},{"type":"Feature","geometry":{"type":"Point","coordinates":[-5.979,41.727]},"properties":{"fecha":"2012-09-30","codigo_territorio":"49","nombre_territorio":"Zamora","longitud":-5.979,"latitud":41.727,"total":4154,"indefinido":247,"temporal":3907,"provincia":"ZA"}},{"type":"Feature","geometry":{"type":"Point","coordinates":[-3.586,42.367]},"properties":{"fecha":"2012-09-30","codigo_territorio":"09","nombre_territorio":"Burgos","longitud":-3.586,"latitud":42.367,"total":8811,"indefinido":720,"temporal":8091,"provincia":"BU"}},{"type":"Feature","geometry":{"type":"Point","coordinates":[-4.397,41.835]},"properties":{"fecha":"2012-09-30","codigo_territorio":"07","nombre_territorio":"Castilla Le\u00f3n","longitud":-4.397,"latitud":41.835,"total":59782,"indefinido":5313,"temporal":54469,"provincia":"CYL"}},{"type":"Feature","geometry":{"type":"Point","coordinates":[-4.055,41.171]},"properties":{"fecha":"2012-09-30","codigo_territorio":"40","nombre_territorio":"Segovia","longitud":-4.055,"latitud":41.171,"total":3524,"indefinido":292,"temporal":3232,"provincia":"SE"}},{"type":"Feature","geometry":{"type":"Point","coordinates":[-2.589,41.621]},"properties":{"fecha":"2012-09-30","codigo_territorio":"42","nombre_territorio":"Soria","longitud":-2.589,"latitud":41.621,"total":1829,"indefinido":200,"temporal":1629,"provincia":"SO"}},{"type":"Feature","geometry":{"type":"Point","coordinates":[-4.946,40.571]},"properties":{"fecha":"2012-08-31","codigo_territorio":"05","nombre_territorio":"\u00c1vila","longitud":-4.946,"latitud":40.571,"total":3191,"indefinido":160,"temporal":3031,"provincia":"AV"}},{"type":"Feature","geometry":{"type":"Point","coordinates":[-3.586,42.367]},"properties":{"fecha":"2012-08-31","codigo_territorio":"09","nombre_territorio":"Burgos","longitud":-3.586,"latitud":42.367,"total":8372,"indefinido":423,"temporal":7949,"provincia":"BU"}},{"type":"Feature","geometry":{"type":"Point","coordinates":[-5.841,42.62]},"properties":{"fecha":"2012-08-31","codigo_territorio":"24","nombre_territorio":"Le\u00f3n","longitud":-5.841,"latitud":42.62,"total":8510,"indefinido":634,"temporal":7876,"provincia":"LE"}},{"type":"Feature","geometry":{"type":"Point","coordinates":[-5.979,41.727]},"properties":{"fecha":"2012-08-31","codigo_territorio":"49","nombre_territorio":"Zamora","longitud":-5.979,"latitud":41.727,"total":3513,"indefinido":174,"temporal":3339,"provincia":"ZA"}},{"type":"Feature","geometry":{"type":"Point","coordinates":[-6.066,40.805]},"properties":{"fecha":"2012-08-31","codigo_territorio":"37","nombre_territorio":"Salamanca","longitud":-6.066,"latitud":40.805,"total":7448,"indefinido":583,"temporal":6865,"provincia":"SA"}},{"type":"Feature","geometry":{"type":"Point","coordinates":[-4.055,41.171]},"properties":{"fecha":"2012-08-31","codigo_territorio":"40","nombre_territorio":"Segovia","longitud":-4.055,"latitud":41.171,"total":3835,"indefinido":254,"temporal":3581,"provincia":"SE"}},{"type":"Feature","geometry":{"type":"Point","coordinates":[-4.847,41.634]},"properties":{"fecha":"2012-08-31","codigo_territorio":"47","nombre_territorio":"Valladolid","longitud":-4.847,"latitud":41.634,"total":12765,"indefinido":838,"temporal":11927,"provincia":"VA"}},{"type":"Feature","geometry":{"type":"Point","coordinates":[-4.397,41.835]},"properties":{"fecha":"2012-08-31","codigo_territorio":"07","nombre_territorio":"Castilla Le\u00f3n","longitud":-4.397,"latitud":41.835,"total":53822,"indefinido":3523,"temporal":50299,"provincia":"CYL"}},{"type":"Feature","geometry":{"type":"Point","coordinates":[-4.535,42.37]},"properties":{"fecha":"2012-08-31","codigo_territorio":"34","nombre_territorio":"Palencia","longitud":-4.535,"latitud":42.37,"total":4133,"indefinido":310,"temporal":3823,"provincia":"PA"}},{"type":"Feature","geometry":{"type":"Point","coordinates":[-2.589,41.621]},"properties":{"fecha":"2012-08-31","codigo_territorio":"42","nombre_territorio":"Soria","longitud":-2.589,"latitud":41.621,"total":2055,"indefinido":147,"temporal":1908,"provincia":"SO"}},{"type":"Feature","geometry":{"type":"Point","coordinates":[-4.946,40.571]},"properties":{"fecha":"2012-07-31","codigo_territorio":"05","nombre_territorio":"\u00c1vila","longitud":-4.946,"latitud":40.571,"total":4607,"indefinido":543,"temporal":4064,"provincia":"AV"}},{"type":"Feature","geometry":{"type":"Point","coordinates":[-5.841,42.62]},"properties":{"fecha":"2012-07-31","codigo_territorio":"24","nombre_territorio":"Le\u00f3n","longitud":-5.841,"latitud":42.62,"total":11507,"indefinido":1775,"temporal":9732,"provincia":"LE"}},{"type":"Feature","geometry":{"type":"Point","coordinates":[-4.535,42.37]},"properties":{"fecha":"2012-07-31","codigo_territorio":"34","nombre_territorio":"Palencia","longitud":-4.535,"latitud":42.37,"total":5860,"indefinido":634,"temporal":5226,"provincia":"PA"}},{"type":"Feature","geometry":{"type":"Point","coordinates":[-4.055,41.171]},"properties":{"fecha":"2012-07-31","codigo_territorio":"40","nombre_territorio":"Segovia","longitud":-4.055,"latitud":41.171,"total":6197,"indefinido":721,"temporal":5476,"provincia":"SE"}},{"type":"Feature","geometry":{"type":"Point","coordinates":[-2.589,41.621]},"properties":{"fecha":"2012-07-31","codigo_territorio":"42","nombre_territorio":"Soria","longitud":-2.589,"latitud":41.621,"total":3170,"indefinido":389,"temporal":2781,"provincia":"SO"}},{"type":"Feature","geometry":{"type":"Point","coordinates":[-4.847,41.634]},"properties":{"fecha":"2012-07-31","codigo_territorio":"47","nombre_territorio":"Valladolid","longitud":-4.847,"latitud":41.634,"total":16290,"indefinido":2317,"temporal":13973,"provincia":"VA"}},{"type":"Feature","geometry":{"type":"Point","coordinates":[-5.979,41.727]},"properties":{"fecha":"2012-07-31","codigo_territorio":"49","nombre_territorio":"Zamora","longitud":-5.979,"latitud":41.727,"total":4467,"indefinido":422,"temporal":4045,"provincia":"ZA"}},{"type":"Feature","geometry":{"type":"Point","coordinates":[-3.586,42.367]},"properties":{"fecha":"2012-07-31","codigo_territorio":"09","nombre_territorio":"Burgos","longitud":-3.586,"latitud":42.367,"total":11692,"indefinido":1299,"temporal":10393,"provincia":"BU"}},{"type":"Feature","geometry":{"type":"Point","coordinates":[-6.066,40.805]},"properties":{"fecha":"2012-07-31","codigo_territorio":"37","nombre_territorio":"Salamanca","longitud":-6.066,"latitud":40.805,"total":9728,"indefinido":1322,"temporal":8406,"provincia":"SA"}},{"type":"Feature","geometry":{"type":"Point","coordinates":[-4.397,41.835]},"properties":{"fecha":"2012-07-31","codigo_territorio":"07","nombre_territorio":"Castilla Le\u00f3n","longitud":-4.397,"latitud":41.835,"total":73518,"indefinido":9422,"temporal":64096,"provincia":"CYL"}},{"type":"Feature","geometry":{"type":"Point","coordinates":[-4.946,40.571]},"properties":{"fecha":"2012-06-30","codigo_territorio":"05","nombre_territorio":"\u00c1vila","longitud":-4.946,"latitud":40.571,"total":3396,"indefinido":371,"temporal":3025,"provincia":"AV"}},{"type":"Feature","geometry":{"type":"Point","coordinates":[-3.586,42.367]},"properties":{"fecha":"2012-06-30","codigo_territorio":"09","nombre_territorio":"Burgos","longitud":-3.586,"latitud":42.367,"total":11140,"indefinido":1019,"temporal":10121,"provincia":"BU"}},{"type":"Feature","geometry":{"type":"Point","coordinates":[-4.535,42.37]},"properties":{"fecha":"2012-06-30","codigo_territorio":"34","nombre_territorio":"Palencia","longitud":-4.535,"latitud":42.37,"total":4514,"indefinido":468,"temporal":4046,"provincia":"PA"}},{"type":"Feature","geometry":{"type":"Point","coordinates":[-6.066,40.805]},"properties":{"fecha":"2012-06-30","codigo_territorio":"37","nombre_territorio":"Salamanca","longitud":-6.066,"latitud":40.805,"total":8848,"indefinido":1061,"temporal":7787,"provincia":"SA"}},{"type":"Feature","geometry":{"type":"Point","coordinates":[-4.847,41.634]},"properties":{"fecha":"2012-06-30","codigo_territorio":"47","nombre_territorio":"Valladolid","longitud":-4.847,"latitud":41.634,"total":14303,"indefinido":1739,"temporal":12564,"provincia":"VA"}},{"type":"Feature","geometry":{"type":"Point","coordinates":[-5.841,42.62]},"properties":{"fecha":"2012-06-30","codigo_territorio":"24","nombre_territorio":"Le\u00f3n","longitud":-5.841,"latitud":42.62,"total":9443,"indefinido":1208,"temporal":8235,"provincia":"LE"}},{"type":"Feature","geometry":{"type":"Point","coordinates":[-2.589,41.621]},"properties":{"fecha":"2012-06-30","codigo_territorio":"42","nombre_territorio":"Soria","longitud":-2.589,"latitud":41.621,"total":2323,"indefinido":319,"temporal":2004,"provincia":"SO"}},{"type":"Feature","geometry":{"type":"Point","coordinates":[-5.979,41.727]},"properties":{"fecha":"2012-06-30","codigo_territorio":"49","nombre_territorio":"Zamora","longitud":-5.979,"latitud":41.727,"total":3723,"indefinido":344,"temporal":3379,"provincia":"ZA"}},{"type":"Feature","geometry":{"type":"Point","coordinates":[-4.397,41.835]},"properties":{"fecha":"2012-06-30","codigo_territorio":"07","nombre_territorio":"Castilla Le\u00f3n","longitud":-4.397,"latitud":41.835,"total":62547,"indefinido":7085,"temporal":55462,"provincia":"CYL"}},{"type":"Feature","geometry":{"type":"Point","coordinates":[-4.055,41.171]},"properties":{"fecha":"2012-06-30","codigo_territorio":"40","nombre_territorio":"Segovia","longitud":-4.055,"latitud":41.171,"total":4857,"indefinido":556,"temporal":4301,"provincia":"SE"}},{"type":"Feature","geometry":{"type":"Point","coordinates":[-4.535,42.37]},"properties":{"fecha":"2012-05-31","codigo_territorio":"34","nombre_territorio":"Palencia","longitud":-4.535,"latitud":42.37,"total":4036,"indefinido":371,"temporal":3665,"provincia":"PA"}},{"type":"Feature","geometry":{"type":"Point","coordinates":[-4.055,41.171]},"properties":{"fecha":"2012-05-31","codigo_territorio":"40","nombre_territorio":"Segovia","longitud":-4.055,"latitud":41.171,"total":3538,"indefinido":410,"temporal":3128,"provincia":"SE"}},{"type":"Feature","geometry":{"type":"Point","coordinates":[-5.979,41.727]},"properties":{"fecha":"2012-05-31","codigo_territorio":"49","nombre_territorio":"Zamora","longitud":-5.979,"latitud":41.727,"total":2960,"indefinido":284,"temporal":2676,"provincia":"ZA"}},{"type":"Feature","geometry":{"type":"Point","coordinates":[-4.946,40.571]},"properties":{"fecha":"2012-05-31","codigo_territorio":"05","nombre_territorio":"\u00c1vila","longitud":-4.946,"latitud":40.571,"total":2824,"indefinido":262,"temporal":2562,"provincia":"AV"}},{"type":"Feature","geometry":{"type":"Point","coordinates":[-6.066,40.805]},"properties":{"fecha":"2012-05-31","codigo_territorio":"37","nombre_territorio":"Salamanca","longitud":-6.066,"latitud":40.805,"total":7193,"indefinido":776,"temporal":6417,"provincia":"SA"}},{"type":"Feature","geometry":{"type":"Point","coordinates":[-3.586,42.367]},"properties":{"fecha":"2012-05-31","codigo_territorio":"09","nombre_territorio":"Burgos","longitud":-3.586,"latitud":42.367,"total":9366,"indefinido":786,"temporal":8580,"provincia":"BU"}},{"type":"Feature","geometry":{"type":"Point","coordinates":[-5.841,42.62]},"properties":{"fecha":"2012-05-31","codigo_territorio":"24","nombre_territorio":"Le\u00f3n","longitud":-5.841,"latitud":42.62,"total":7706,"indefinido":915,"temporal":6791,"provincia":"LE"}},{"type":"Feature","geometry":{"type":"Point","coordinates":[-2.589,41.621]},"properties":{"fecha":"2012-05-31","codigo_territorio":"42","nombre_territorio":"Soria","longitud":-2.589,"latitud":41.621,"total":1847,"indefinido":198,"temporal":1649,"provincia":"SO"}},{"type":"Feature","geometry":{"type":"Point","coordinates":[-4.847,41.634]},"properties":{"fecha":"2012-05-31","codigo_territorio":"47","nombre_territorio":"Valladolid","longitud":-4.847,"latitud":41.634,"total":13030,"indefinido":1252,"temporal":11778,"provincia":"VA"}},{"type":"Feature","geometry":{"type":"Point","coordinates":[-4.397,41.835]},"properties":{"fecha":"2012-05-31","codigo_territorio":"07","nombre_territorio":"Castilla Le\u00f3n","longitud":-4.397,"latitud":41.835,"total":52500,"indefinido":5254,"temporal":47246,"provincia":"CYL"}},{"type":"Feature","geometry":{"type":"Point","coordinates":[-3.586,42.367]},"properties":{"fecha":"2012-04-30","codigo_territorio":"09","nombre_territorio":"Burgos","longitud":-3.586,"latitud":42.367,"total":7735,"indefinido":774,"temporal":6961,"provincia":"BU"}},{"type":"Feature","geometry":{"type":"Point","coordinates":[-2.589,41.621]},"properties":{"fecha":"2012-04-30","codigo_territorio":"42","nombre_territorio":"Soria","longitud":-2.589,"latitud":41.621,"total":1611,"indefinido":190,"temporal":1421,"provincia":"SO"}},{"type":"Feature","geometry":{"type":"Point","coordinates":[-5.979,41.727]},"properties":{"fecha":"2012-04-30","codigo_territorio":"49","nombre_territorio":"Zamora","longitud":-5.979,"latitud":41.727,"total":2639,"indefinido":277,"temporal":2362,"provincia":"ZA"}},{"type":"Feature","geometry":{"type":"Point","coordinates":[-4.397,41.835]},"properties":{"fecha":"2012-04-30","codigo_territorio":"07","nombre_territorio":"Castilla Le\u00f3n","longitud":-4.397,"latitud":41.835,"total":42386,"indefinido":4883,"temporal":37503,"provincia":"CYL"}},{"type":"Feature","geometry":{"type":"Point","coordinates":[-4.535,42.37]},"properties":{"fecha":"2012-04-30","codigo_territorio":"34","nombre_territorio":"Palencia","longitud":-4.535,"latitud":42.37,"total":3507,"indefinido":349,"temporal":3158,"provincia":"PA"}},{"type":"Feature","geometry":{"type":"Point","coordinates":[-4.946,40.571]},"properties":{"fecha":"2012-04-30","codigo_territorio":"05","nombre_territorio":"\u00c1vila","longitud":-4.946,"latitud":40.571,"total":2378,"indefinido":304,"temporal":2074,"provincia":"AV"}},{"type":"Feature","geometry":{"type":"Point","coordinates":[-5.841,42.62]},"properties":{"fecha":"2012-04-30","codigo_territorio":"24","nombre_territorio":"Le\u00f3n","longitud":-5.841,"latitud":42.62,"total":6670,"indefinido":873,"temporal":5797,"provincia":"LE"}},{"type":"Feature","geometry":{"type":"Point","coordinates":[-6.066,40.805]},"properties":{"fecha":"2012-04-30","codigo_territorio":"37","nombre_territorio":"Salamanca","longitud":-6.066,"latitud":40.805,"total":5284,"indefinido":697,"temporal":4587,"provincia":"SA"}},{"type":"Feature","geometry":{"type":"Point","coordinates":[-4.055,41.171]},"properties":{"fecha":"2012-04-30","codigo_territorio":"40","nombre_territorio":"Segovia","longitud":-4.055,"latitud":41.171,"total":2742,"indefinido":319,"temporal":2423,"provincia":"SE"}},{"type":"Feature","geometry":{"type":"Point","coordinates":[-4.847,41.634]},"properties":{"fecha":"2012-04-30","codigo_territorio":"47","nombre_territorio":"Valladolid","longitud":-4.847,"latitud":41.634,"total":9820,"indefinido":1100,"temporal":8720,"provincia":"VA"}},{"type":"Feature","geometry":{"type":"Point","coordinates":[-3.586,42.367]},"properties":{"fecha":"2012-03-31","codigo_territorio":"09","nombre_territorio":"Burgos","longitud":-3.586,"latitud":42.367,"total":6927,"indefinido":725,"temporal":6202,"provincia":"BU"}},{"type":"Feature","geometry":{"type":"Point","coordinates":[-5.979,41.727]},"properties":{"fecha":"2012-03-31","codigo_territorio":"49","nombre_territorio":"Zamora","longitud":-5.979,"latitud":41.727,"total":2411,"indefinido":342,"temporal":2069,"provincia":"ZA"}},{"type":"Feature","geometry":{"type":"Point","coordinates":[-4.946,40.571]},"properties":{"fecha":"2012-03-31","codigo_territorio":"05","nombre_territorio":"\u00c1vila","longitud":-4.946,"latitud":40.571,"total":2173,"indefinido":366,"temporal":1807,"provincia":"AV"}},{"type":"Feature","geometry":{"type":"Point","coordinates":[-5.841,42.62]},"properties":{"fecha":"2012-03-31","codigo_territorio":"24","nombre_territorio":"Le\u00f3n","longitud":-5.841,"latitud":42.62,"total":7002,"indefinido":1068,"temporal":5934,"provincia":"LE"}},{"type":"Feature","geometry":{"type":"Point","coordinates":[-4.535,42.37]},"properties":{"fecha":"2012-03-31","codigo_territorio":"34","nombre_territorio":"Palencia","longitud":-4.535,"latitud":42.37,"total":3425,"indefinido":312,"temporal":3113,"provincia":"PA"}},{"type":"Feature","geometry":{"type":"Point","coordinates":[-6.066,40.805]},"properties":{"fecha":"2012-03-31","codigo_territorio":"37","nombre_territorio":"Salamanca","longitud":-6.066,"latitud":40.805,"total":5377,"indefinido":756,"temporal":4621,"provincia":"SA"}},{"type":"Feature","geometry":{"type":"Point","coordinates":[-4.847,41.634]},"properties":{"fecha":"2012-03-31","codigo_territorio":"47","nombre_territorio":"Valladolid","longitud":-4.847,"latitud":41.634,"total":10418,"indefinido":1197,"temporal":9221,"provincia":"VA"}},{"type":"Feature","geometry":{"type":"Point","coordinates":[-4.397,41.835]},"properties":{"fecha":"2012-03-31","codigo_territorio":"07","nombre_territorio":"Castilla Le\u00f3n","longitud":-4.397,"latitud":41.835,"total":42454,"indefinido":5318,"temporal":37136,"provincia":"CYL"}},{"type":"Feature","geometry":{"type":"Point","coordinates":[-4.055,41.171]},"properties":{"fecha":"2012-03-31","codigo_territorio":"40","nombre_territorio":"Segovia","longitud":-4.055,"latitud":41.171,"total":2896,"indefinido":318,"temporal":2578,"provincia":"SE"}},{"type":"Feature","geometry":{"type":"Point","coordinates":[-2.589,41.621]},"properties":{"fecha":"2012-03-31","codigo_territorio":"42","nombre_territorio":"Soria","longitud":-2.589,"latitud":41.621,"total":1825,"indefinido":234,"temporal":1591,"provincia":"SO"}},{"type":"Feature","geometry":{"type":"Point","coordinates":[-4.055,41.171]},"properties":{"fecha":"2012-02-29","codigo_territorio":"40","nombre_territorio":"Segovia","longitud":-4.055,"latitud":41.171,"total":2867,"indefinido":338,"temporal":2529,"provincia":"SE"}},{"type":"Feature","geometry":{"type":"Point","coordinates":[-4.847,41.634]},"properties":{"fecha":"2012-02-29","codigo_territorio":"47","nombre_territorio":"Valladolid","longitud":-4.847,"latitud":41.634,"total":9588,"indefinido":1005,"temporal":8583,"provincia":"VA"}},{"type":"Feature","geometry":{"type":"Point","coordinates":[-4.946,40.571]},"properties":{"fecha":"2012-02-29","codigo_territorio":"05","nombre_territorio":"\u00c1vila","longitud":-4.946,"latitud":40.571,"total":1819,"indefinido":254,"temporal":1565,"provincia":"AV"}},{"type":"Feature","geometry":{"type":"Point","coordinates":[-3.586,42.367]},"properties":{"fecha":"2012-02-29","codigo_territorio":"09","nombre_territorio":"Burgos","longitud":-3.586,"latitud":42.367,"total":6311,"indefinido":903,"temporal":5408,"provincia":"BU"}},{"type":"Feature","geometry":{"type":"Point","coordinates":[-5.841,42.62]},"properties":{"fecha":"2012-02-29","codigo_territorio":"24","nombre_territorio":"Le\u00f3n","longitud":-5.841,"latitud":42.62,"total":6491,"indefinido":964,"temporal":5527,"provincia":"LE"}},{"type":"Feature","geometry":{"type":"Point","coordinates":[-2.589,41.621]},"properties":{"fecha":"2012-02-29","codigo_territorio":"42","nombre_territorio":"Soria","longitud":-2.589,"latitud":41.621,"total":1445,"indefinido":204,"temporal":1241,"provincia":"SO"}},{"type":"Feature","geometry":{"type":"Point","coordinates":[-4.397,41.835]},"properties":{"fecha":"2012-02-29","codigo_territorio":"07","nombre_territorio":"Castilla Le\u00f3n","longitud":-4.397,"latitud":41.835,"total":39254,"indefinido":5086,"temporal":34168,"provincia":"CYL"}},{"type":"Feature","geometry":{"type":"Point","coordinates":[-4.535,42.37]},"properties":{"fecha":"2012-02-29","codigo_territorio":"34","nombre_territorio":"Palencia","longitud":-4.535,"latitud":42.37,"total":3264,"indefinido":288,"temporal":2976,"provincia":"PA"}},{"type":"Feature","geometry":{"type":"Point","coordinates":[-6.066,40.805]},"properties":{"fecha":"2012-02-29","codigo_territorio":"37","nombre_territorio":"Salamanca","longitud":-6.066,"latitud":40.805,"total":5135,"indefinido":753,"temporal":4382,"provincia":"SA"}},{"type":"Feature","geometry":{"type":"Point","coordinates":[-5.979,41.727]},"properties":{"fecha":"2012-02-29","codigo_territorio":"49","nombre_territorio":"Zamora","longitud":-5.979,"latitud":41.727,"total":2334,"indefinido":377,"temporal":1957,"provincia":"ZA"}},{"type":"Feature","geometry":{"type":"Point","coordinates":[-3.586,42.367]},"properties":{"fecha":"2012-01-31","codigo_territorio":"09","nombre_territorio":"Burgos","longitud":-3.586,"latitud":42.367,"total":7020,"indefinido":597,"temporal":6423,"provincia":"BU"}},{"type":"Feature","geometry":{"type":"Point","coordinates":[-4.847,41.634]},"properties":{"fecha":"2012-01-31","codigo_territorio":"47","nombre_territorio":"Valladolid","longitud":-4.847,"latitud":41.634,"total":10504,"indefinido":823,"temporal":9681,"provincia":"VA"}},{"type":"Feature","geometry":{"type":"Point","coordinates":[-4.946,40.571]},"properties":{"fecha":"2012-01-31","codigo_territorio":"05","nombre_territorio":"\u00c1vila","longitud":-4.946,"latitud":40.571,"total":2034,"indefinido":162,"temporal":1872,"provincia":"AV"}},{"type":"Feature","geometry":{"type":"Point","coordinates":[-6.066,40.805]},"properties":{"fecha":"2012-01-31","codigo_territorio":"37","nombre_territorio":"Salamanca","longitud":-6.066,"latitud":40.805,"total":5297,"indefinido":458,"temporal":4839,"provincia":"SA"}},{"type":"Feature","geometry":{"type":"Point","coordinates":[-2.589,41.621]},"properties":{"fecha":"2012-01-31","codigo_territorio":"42","nombre_territorio":"Soria","longitud":-2.589,"latitud":41.621,"total":1471,"indefinido":129,"temporal":1342,"provincia":"SO"}},{"type":"Feature","geometry":{"type":"Point","coordinates":[-4.397,41.835]},"properties":{"fecha":"2012-01-31","codigo_territorio":"07","nombre_territorio":"Castilla Le\u00f3n","longitud":-4.397,"latitud":41.835,"total":40649,"indefinido":3409,"temporal":37240,"provincia":"CYL"}},{"type":"Feature","geometry":{"type":"Point","coordinates":[-5.841,42.62]},"properties":{"fecha":"2012-01-31","codigo_territorio":"24","nombre_territorio":"Le\u00f3n","longitud":-5.841,"latitud":42.62,"total":6300,"indefinido":578,"temporal":5722,"provincia":"LE"}},{"type":"Feature","geometry":{"type":"Point","coordinates":[-4.535,42.37]},"properties":{"fecha":"2012-01-31","codigo_territorio":"34","nombre_territorio":"Palencia","longitud":-4.535,"latitud":42.37,"total":3335,"indefinido":226,"temporal":3109,"provincia":"PA"}},{"type":"Feature","geometry":{"type":"Point","coordinates":[-4.055,41.171]},"properties":{"fecha":"2012-01-31","codigo_territorio":"40","nombre_territorio":"Segovia","longitud":-4.055,"latitud":41.171,"total":2398,"indefinido":222,"temporal":2176,"provincia":"SE"}},{"type":"Feature","geometry":{"type":"Point","coordinates":[-5.979,41.727]},"properties":{"fecha":"2012-01-31","codigo_territorio":"49","nombre_territorio":"Zamora","longitud":-5.979,"latitud":41.727,"total":2290,"indefinido":214,"temporal":2076,"provincia":"ZA"}},{"type":"Feature","geometry":{"type":"Point","coordinates":[-3.586,42.367]},"properties":{"fecha":"2011-12-31","codigo_territorio":"09","nombre_territorio":"Burgos","longitud":-3.586,"latitud":42.367,"total":7447,"indefinido":499,"temporal":6948,"provincia":"BU"}},{"type":"Feature","geometry":{"type":"Point","coordinates":[-6.066,40.805]},"properties":{"fecha":"2011-12-31","codigo_territorio":"37","nombre_territorio":"Salamanca","longitud":-6.066,"latitud":40.805,"total":5408,"indefinido":420,"temporal":4988,"provincia":"SA"}},{"type":"Feature","geometry":{"type":"Point","coordinates":[-2.589,41.621]},"properties":{"fecha":"2011-12-31","codigo_territorio":"42","nombre_territorio":"Soria","longitud":-2.589,"latitud":41.621,"total":1375,"indefinido":142,"temporal":1233,"provincia":"SO"}},{"type":"Feature","geometry":{"type":"Point","coordinates":[-4.847,41.634]},"properties":{"fecha":"2011-12-31","codigo_territorio":"47","nombre_territorio":"Valladolid","longitud":-4.847,"latitud":41.634,"total":10641,"indefinido":666,"temporal":9975,"provincia":"VA"}},{"type":"Feature","geometry":{"type":"Point","coordinates":[-5.841,42.62]},"properties":{"fecha":"2011-12-31","codigo_territorio":"24","nombre_territorio":"Le\u00f3n","longitud":-5.841,"latitud":42.62,"total":6774,"indefinido":472,"temporal":6302,"provincia":"LE"}},{"type":"Feature","geometry":{"type":"Point","coordinates":[-4.055,41.171]},"properties":{"fecha":"2011-12-31","codigo_territorio":"40","nombre_territorio":"Segovia","longitud":-4.055,"latitud":41.171,"total":2784,"indefinido":171,"temporal":2613,"provincia":"SE"}},{"type":"Feature","geometry":{"type":"Point","coordinates":[-4.946,40.571]},"properties":{"fecha":"2011-12-31","codigo_territorio":"05","nombre_territorio":"\u00c1vila","longitud":-4.946,"latitud":40.571,"total":2401,"indefinido":144,"temporal":2257,"provincia":"AV"}},{"type":"Feature","geometry":{"type":"Point","coordinates":[-4.535,42.37]},"properties":{"fecha":"2011-12-31","codigo_territorio":"34","nombre_territorio":"Palencia","longitud":-4.535,"latitud":42.37,"total":3394,"indefinido":246,"temporal":3148,"provincia":"PA"}},{"type":"Feature","geometry":{"type":"Point","coordinates":[-5.979,41.727]},"properties":{"fecha":"2011-12-31","codigo_territorio":"49","nombre_territorio":"Zamora","longitud":-5.979,"latitud":41.727,"total":2399,"indefinido":192,"temporal":2207,"provincia":"ZA"}},{"type":"Feature","geometry":{"type":"Point","coordinates":[-4.397,41.835]},"properties":{"fecha":"2011-12-31","codigo_territorio":"07","nombre_territorio":"Castilla Le\u00f3n","longitud":-4.397,"latitud":41.835,"total":42623,"indefinido":2952,"temporal":39671,"provincia":"CYL"}},{"type":"Feature","geometry":{"type":"Point","coordinates":[-5.841,42.62]},"properties":{"fecha":"2011-11-30","codigo_territorio":"24","nombre_territorio":"Le\u00f3n","longitud":-5.841,"latitud":42.62,"total":7058,"indefinido":699,"temporal":6359,"provincia":"LE"}},{"type":"Feature","geometry":{"type":"Point","coordinates":[-4.055,41.171]},"properties":{"fecha":"2011-11-30","codigo_territorio":"40","nombre_territorio":"Segovia","longitud":-4.055,"latitud":41.171,"total":3400,"indefinido":227,"temporal":3173,"provincia":"SE"}},{"type":"Feature","geometry":{"type":"Point","coordinates":[-2.589,41.621]},"properties":{"fecha":"2011-11-30","codigo_territorio":"42","nombre_territorio":"Soria","longitud":-2.589,"latitud":41.621,"total":1664,"indefinido":148,"temporal":1516,"provincia":"SO"}},{"type":"Feature","geometry":{"type":"Point","coordinates":[-4.847,41.634]},"properties":{"fecha":"2011-11-30","codigo_territorio":"47","nombre_territorio":"Valladolid","longitud":-4.847,"latitud":41.634,"total":12934,"indefinido":883,"temporal":12051,"provincia":"VA"}},{"type":"Feature","geometry":{"type":"Point","coordinates":[-4.946,40.571]},"properties":{"fecha":"2011-11-30","codigo_territorio":"05","nombre_territorio":"\u00c1vila","longitud":-4.946,"latitud":40.571,"total":2694,"indefinido":171,"temporal":2523,"provincia":"AV"}},{"type":"Feature","geometry":{"type":"Point","coordinates":[-3.586,42.367]},"properties":{"fecha":"2011-11-30","codigo_territorio":"09","nombre_territorio":"Burgos","longitud":-3.586,"latitud":42.367,"total":7826,"indefinido":517,"temporal":7309,"provincia":"BU"}},{"type":"Feature","geometry":{"type":"Point","coordinates":[-6.066,40.805]},"properties":{"fecha":"2011-11-30","codigo_territorio":"37","nombre_territorio":"Salamanca","longitud":-6.066,"latitud":40.805,"total":6030,"indefinido":607,"temporal":5423,"provincia":"SA"}},{"type":"Feature","geometry":{"type":"Point","coordinates":[-4.535,42.37]},"properties":{"fecha":"2011-11-30","codigo_territorio":"34","nombre_territorio":"Palencia","longitud":-4.535,"latitud":42.37,"total":3797,"indefinido":261,"temporal":3536,"provincia":"PA"}},{"type":"Feature","geometry":{"type":"Point","coordinates":[-5.979,41.727]},"properties":{"fecha":"2011-11-30","codigo_territorio":"49","nombre_territorio":"Zamora","longitud":-5.979,"latitud":41.727,"total":2879,"indefinido":158,"temporal":2721,"provincia":"ZA"}},{"type":"Feature","geometry":{"type":"Point","coordinates":[-4.397,41.835]},"properties":{"fecha":"2011-11-30","codigo_territorio":"07","nombre_territorio":"Castilla Le\u00f3n","longitud":-4.397,"latitud":41.835,"total":48282,"indefinido":3671,"temporal":44611,"provincia":"CYL"}},{"type":"Feature","geometry":{"type":"Point","coordinates":[-4.946,40.571]},"properties":{"fecha":"2011-10-31","codigo_territorio":"05","nombre_territorio":"\u00c1vila","longitud":-4.946,"latitud":40.571,"total":5099,"indefinido":266,"temporal":4833,"provincia":"AV"}},{"type":"Feature","geometry":{"type":"Point","coordinates":[-5.841,42.62]},"properties":{"fecha":"2011-10-31","codigo_territorio":"24","nombre_territorio":"Le\u00f3n","longitud":-5.841,"latitud":42.62,"total":8739,"indefinido":690,"temporal":8049,"provincia":"LE"}},{"type":"Feature","geometry":{"type":"Point","coordinates":[-6.066,40.805]},"properties":{"fecha":"2011-10-31","codigo_territorio":"37","nombre_territorio":"Salamanca","longitud":-6.066,"latitud":40.805,"total":7570,"indefinido":674,"temporal":6896,"provincia":"SA"}},{"type":"Feature","geometry":{"type":"Point","coordinates":[-3.586,42.367]},"properties":{"fecha":"2011-10-31","codigo_territorio":"09","nombre_territorio":"Burgos","longitud":-3.586,"latitud":42.367,"total":10806,"indefinido":785,"temporal":10021,"provincia":"BU"}},{"type":"Feature","geometry":{"type":"Point","coordinates":[-4.535,42.37]},"properties":{"fecha":"2011-10-31","codigo_territorio":"34","nombre_territorio":"Palencia","longitud":-4.535,"latitud":42.37,"total":4636,"indefinido":272,"temporal":4364,"provincia":"PA"}},{"type":"Feature","geometry":{"type":"Point","coordinates":[-2.589,41.621]},"properties":{"fecha":"2011-10-31","codigo_territorio":"42","nombre_territorio":"Soria","longitud":-2.589,"latitud":41.621,"total":1886,"indefinido":160,"temporal":1726,"provincia":"SO"}},{"type":"Feature","geometry":{"type":"Point","coordinates":[-4.055,41.171]},"properties":{"fecha":"2011-10-31","codigo_territorio":"40","nombre_territorio":"Segovia","longitud":-4.055,"latitud":41.171,"total":5206,"indefinido":564,"temporal":4642,"provincia":"SE"}},{"type":"Feature","geometry":{"type":"Point","coordinates":[-4.847,41.634]},"properties":{"fecha":"2011-10-31","codigo_territorio":"47","nombre_territorio":"Valladolid","longitud":-4.847,"latitud":41.634,"total":15255,"indefinido":955,"temporal":14300,"provincia":"VA"}},{"type":"Feature","geometry":{"type":"Point","coordinates":[-5.979,41.727]},"properties":{"fecha":"2011-10-31","codigo_territorio":"49","nombre_territorio":"Zamora","longitud":-5.979,"latitud":41.727,"total":3517,"indefinido":212,"temporal":3305,"provincia":"ZA"}},{"type":"Feature","geometry":{"type":"Point","coordinates":[-4.397,41.835]},"properties":{"fecha":"2011-10-31","codigo_territorio":"07","nombre_territorio":"Castilla Le\u00f3n","longitud":-4.397,"latitud":41.835,"total":62714,"indefinido":4578,"temporal":58136,"provincia":"CYL"}},{"type":"Feature","geometry":{"type":"Point","coordinates":[-4.535,42.37]},"properties":{"fecha":"2011-09-30","codigo_territorio":"34","nombre_territorio":"Palencia","longitud":-4.535,"latitud":42.37,"total":5070,"indefinido":267,"temporal":4803,"provincia":"PA"}},{"type":"Feature","geometry":{"type":"Point","coordinates":[-6.066,40.805]},"properties":{"fecha":"2011-09-30","codigo_territorio":"37","nombre_territorio":"Salamanca","longitud":-6.066,"latitud":40.805,"total":7996,"indefinido":634,"temporal":7362,"provincia":"SA"}},{"type":"Feature","geometry":{"type":"Point","coordinates":[-2.589,41.621]},"properties":{"fecha":"2011-09-30","codigo_territorio":"42","nombre_territorio":"Soria","longitud":-2.589,"latitud":41.621,"total":2230,"indefinido":213,"temporal":2017,"provincia":"SO"}},{"type":"Feature","geometry":{"type":"Point","coordinates":[-5.979,41.727]},"properties":{"fecha":"2011-09-30","codigo_territorio":"49","nombre_territorio":"Zamora","longitud":-5.979,"latitud":41.727,"total":5792,"indefinido":227,"temporal":5565,"provincia":"ZA"}},{"type":"Feature","geometry":{"type":"Point","coordinates":[-3.586,42.367]},"properties":{"fecha":"2011-09-30","codigo_territorio":"09","nombre_territorio":"Burgos","longitud":-3.586,"latitud":42.367,"total":12533,"indefinido":740,"temporal":11793,"provincia":"BU"}},{"type":"Feature","geometry":{"type":"Point","coordinates":[-4.055,41.171]},"properties":{"fecha":"2011-09-30","codigo_territorio":"40","nombre_territorio":"Segovia","longitud":-4.055,"latitud":41.171,"total":4031,"indefinido":285,"temporal":3746,"provincia":"SE"}},{"type":"Feature","geometry":{"type":"Point","coordinates":[-4.946,40.571]},"properties":{"fecha":"2011-09-30","codigo_territorio":"05","nombre_territorio":"\u00c1vila","longitud":-4.946,"latitud":40.571,"total":3385,"indefinido":194,"temporal":3191,"provincia":"AV"}},{"type":"Feature","geometry":{"type":"Point","coordinates":[-5.841,42.62]},"properties":{"fecha":"2011-09-30","codigo_territorio":"24","nombre_territorio":"Le\u00f3n","longitud":-5.841,"latitud":42.62,"total":10411,"indefinido":747,"temporal":9664,"provincia":"LE"}},{"type":"Feature","geometry":{"type":"Point","coordinates":[-4.847,41.634]},"properties":{"fecha":"2011-09-30","codigo_territorio":"47","nombre_territorio":"Valladolid","longitud":-4.847,"latitud":41.634,"total":18606,"indefinido":943,"temporal":17663,"provincia":"VA"}},{"type":"Feature","geometry":{"type":"Point","coordinates":[-4.397,41.835]},"properties":{"fecha":"2011-09-30","codigo_territorio":"07","nombre_territorio":"Castilla Le\u00f3n","longitud":-4.397,"latitud":41.835,"total":70054,"indefinido":4250,"temporal":65804,"provincia":"CYL"}},{"type":"Feature","geometry":{"type":"Point","coordinates":[-4.055,41.171]},"properties":{"fecha":"2011-08-31","codigo_territorio":"40","nombre_territorio":"Segovia","longitud":-4.055,"latitud":41.171,"total":4116,"indefinido":230,"temporal":3886,"provincia":"SE"}},{"type":"Feature","geometry":{"type":"Point","coordinates":[-4.847,41.634]},"properties":{"fecha":"2011-08-31","codigo_territorio":"47","nombre_territorio":"Valladolid","longitud":-4.847,"latitud":41.634,"total":12225,"indefinido":692,"temporal":11533,"provincia":"VA"}},{"type":"Feature","geometry":{"type":"Point","coordinates":[-4.946,40.571]},"properties":{"fecha":"2011-08-31","codigo_territorio":"05","nombre_territorio":"\u00c1vila","longitud":-4.946,"latitud":40.571,"total":2813,"indefinido":140,"temporal":2673,"provincia":"AV"}},{"type":"Feature","geometry":{"type":"Point","coordinates":[-3.586,42.367]},"properties":{"fecha":"2011-08-31","codigo_territorio":"09","nombre_territorio":"Burgos","longitud":-3.586,"latitud":42.367,"total":9567,"indefinido":540,"temporal":9027,"provincia":"BU"}},{"type":"Feature","geometry":{"type":"Point","coordinates":[-5.841,42.62]},"properties":{"fecha":"2011-08-31","codigo_territorio":"24","nombre_territorio":"Le\u00f3n","longitud":-5.841,"latitud":42.62,"total":8709,"indefinido":642,"temporal":8067,"provincia":"LE"}},{"type":"Feature","geometry":{"type":"Point","coordinates":[-4.535,42.37]},"properties":{"fecha":"2011-08-31","codigo_territorio":"34","nombre_territorio":"Palencia","longitud":-4.535,"latitud":42.37,"total":4245,"indefinido":231,"temporal":4014,"provincia":"PA"}},{"type":"Feature","geometry":{"type":"Point","coordinates":[-2.589,41.621]},"properties":{"fecha":"2011-08-31","codigo_territorio":"42","nombre_territorio":"Soria","longitud":-2.589,"latitud":41.621,"total":2381,"indefinido":128,"temporal":2253,"provincia":"SO"}},{"type":"Feature","geometry":{"type":"Point","coordinates":[-6.066,40.805]},"properties":{"fecha":"2011-08-31","codigo_territorio":"37","nombre_territorio":"Salamanca","longitud":-6.066,"latitud":40.805,"total":6958,"indefinido":403,"temporal":6555,"provincia":"SA"}},{"type":"Feature","geometry":{"type":"Point","coordinates":[-5.979,41.727]},"properties":{"fecha":"2011-08-31","codigo_territorio":"49","nombre_territorio":"Zamora","longitud":-5.979,"latitud":41.727,"total":4154,"indefinido":199,"temporal":3955,"provincia":"ZA"}},{"type":"Feature","geometry":{"type":"Point","coordinates":[-4.397,41.835]},"properties":{"fecha":"2011-08-31","codigo_territorio":"07","nombre_territorio":"Castilla Le\u00f3n","longitud":-4.397,"latitud":41.835,"total":55168,"indefinido":3205,"temporal":51963,"provincia":"CYL"}},{"type":"Feature","geometry":{"type":"Point","coordinates":[-4.946,40.571]},"properties":{"fecha":"2011-07-31","codigo_territorio":"05","nombre_territorio":"\u00c1vila","longitud":-4.946,"latitud":40.571,"total":4152,"indefinido":214,"temporal":3938,"provincia":"AV"}},{"type":"Feature","geometry":{"type":"Point","coordinates":[-4.535,42.37]},"properties":{"fecha":"2011-07-31","codigo_territorio":"34","nombre_territorio":"Palencia","longitud":-4.535,"latitud":42.37,"total":5027,"indefinido":293,"temporal":4734,"provincia":"PA"}},{"type":"Feature","geometry":{"type":"Point","coordinates":[-2.589,41.621]},"properties":{"fecha":"2011-07-31","codigo_territorio":"42","nombre_territorio":"Soria","longitud":-2.589,"latitud":41.621,"total":2601,"indefinido":149,"temporal":2452,"provincia":"SO"}},{"type":"Feature","geometry":{"type":"Point","coordinates":[-4.847,41.634]},"properties":{"fecha":"2011-07-31","codigo_territorio":"47","nombre_territorio":"Valladolid","longitud":-4.847,"latitud":41.634,"total":14878,"indefinido":935,"temporal":13943,"provincia":"VA"}},{"type":"Feature","geometry":{"type":"Point","coordinates":[-4.397,41.835]},"properties":{"fecha":"2011-07-31","codigo_territorio":"07","nombre_territorio":"Castilla Le\u00f3n","longitud":-4.397,"latitud":41.835,"total":66255,"indefinido":4032,"temporal":62223,"provincia":"CYL"}},{"type":"Feature","geometry":{"type":"Point","coordinates":[-3.586,42.367]},"properties":{"fecha":"2011-07-31","codigo_territorio":"09","nombre_territorio":"Burgos","longitud":-3.586,"latitud":42.367,"total":11846,"indefinido":658,"temporal":11188,"provincia":"BU"}},{"type":"Feature","geometry":{"type":"Point","coordinates":[-4.055,41.171]},"properties":{"fecha":"2011-07-31","codigo_territorio":"40","nombre_territorio":"Segovia","longitud":-4.055,"latitud":41.171,"total":4826,"indefinido":269,"temporal":4557,"provincia":"SE"}},{"type":"Feature","geometry":{"type":"Point","coordinates":[-5.979,41.727]},"properties":{"fecha":"2011-07-31","codigo_territorio":"49","nombre_territorio":"Zamora","longitud":-5.979,"latitud":41.727,"total":4889,"indefinido":244,"temporal":4645,"provincia":"ZA"}},{"type":"Feature","geometry":{"type":"Point","coordinates":[-5.841,42.62]},"properties":{"fecha":"2011-07-31","codigo_territorio":"24","nombre_territorio":"Le\u00f3n","longitud":-5.841,"latitud":42.62,"total":9924,"indefinido":746,"temporal":9178,"provincia":"LE"}},{"type":"Feature","geometry":{"type":"Point","coordinates":[-6.066,40.805]},"properties":{"fecha":"2011-07-31","codigo_territorio":"37","nombre_territorio":"Salamanca","longitud":-6.066,"latitud":40.805,"total":8112,"indefinido":524,"temporal":7588,"provincia":"SA"}},{"type":"Feature","geometry":{"type":"Point","coordinates":[-5.841,42.62]},"properties":{"fecha":"2011-06-30","codigo_territorio":"24","nombre_territorio":"Le\u00f3n","longitud":-5.841,"latitud":42.62,"total":10097,"indefinido":834,"temporal":9263,"provincia":"LE"}},{"type":"Feature","geometry":{"type":"Point","coordinates":[-6.066,40.805]},"properties":{"fecha":"2011-06-30","codigo_territorio":"37","nombre_territorio":"Salamanca","longitud":-6.066,"latitud":40.805,"total":8345,"indefinido":579,"temporal":7766,"provincia":"SA"}},{"type":"Feature","geometry":{"type":"Point","coordinates":[-4.847,41.634]},"properties":{"fecha":"2011-06-30","codigo_territorio":"47","nombre_territorio":"Valladolid","longitud":-4.847,"latitud":41.634,"total":15474,"indefinido":906,"temporal":14568,"provincia":"VA"}},{"type":"Feature","geometry":{"type":"Point","coordinates":[-4.535,42.37]},"properties":{"fecha":"2011-06-30","codigo_territorio":"34","nombre_territorio":"Palencia","longitud":-4.535,"latitud":42.37,"total":5197,"indefinido":302,"temporal":4895,"provincia":"PA"}},{"type":"Feature","geometry":{"type":"Point","coordinates":[-2.589,41.621]},"properties":{"fecha":"2011-06-30","codigo_territorio":"42","nombre_territorio":"Soria","longitud":-2.589,"latitud":41.621,"total":2162,"indefinido":175,"temporal":1987,"provincia":"SO"}},{"type":"Feature","geometry":{"type":"Point","coordinates":[-4.397,41.835]},"properties":{"fecha":"2011-06-30","codigo_territorio":"07","nombre_territorio":"Castilla Le\u00f3n","longitud":-4.397,"latitud":41.835,"total":63935,"indefinido":4177,"temporal":59758,"provincia":"CYL"}},{"type":"Feature","geometry":{"type":"Point","coordinates":[-4.946,40.571]},"properties":{"fecha":"2011-06-30","codigo_territorio":"05","nombre_territorio":"\u00c1vila","longitud":-4.946,"latitud":40.571,"total":3724,"indefinido":203,"temporal":3521,"provincia":"AV"}},{"type":"Feature","geometry":{"type":"Point","coordinates":[-3.586,42.367]},"properties":{"fecha":"2011-06-30","codigo_territorio":"09","nombre_territorio":"Burgos","longitud":-3.586,"latitud":42.367,"total":10586,"indefinido":674,"temporal":9912,"provincia":"BU"}},{"type":"Feature","geometry":{"type":"Point","coordinates":[-4.055,41.171]},"properties":{"fecha":"2011-06-30","codigo_territorio":"40","nombre_territorio":"Segovia","longitud":-4.055,"latitud":41.171,"total":4472,"indefinido":249,"temporal":4223,"provincia":"SE"}},{"type":"Feature","geometry":{"type":"Point","coordinates":[-5.979,41.727]},"properties":{"fecha":"2011-06-30","codigo_territorio":"49","nombre_territorio":"Zamora","longitud":-5.979,"latitud":41.727,"total":3878,"indefinido":255,"temporal":3623,"provincia":"ZA"}},{"type":"Feature","geometry":{"type":"Point","coordinates":[-4.946,40.571]},"properties":{"fecha":"2011-05-31","codigo_territorio":"05","nombre_territorio":"\u00c1vila","longitud":-4.946,"latitud":40.571,"total":2703,"indefinido":217,"temporal":2486,"provincia":"AV"}},{"type":"Feature","geometry":{"type":"Point","coordinates":[-5.841,42.62]},"properties":{"fecha":"2011-05-31","codigo_territorio":"24","nombre_territorio":"Le\u00f3n","longitud":-5.841,"latitud":42.62,"total":8546,"indefinido":861,"temporal":7685,"provincia":"LE"}},{"type":"Feature","geometry":{"type":"Point","coordinates":[-2.589,41.621]},"properties":{"fecha":"2011-05-31","codigo_territorio":"42","nombre_territorio":"Soria","longitud":-2.589,"latitud":41.621,"total":1828,"indefinido":142,"temporal":1686,"provincia":"SO"}},{"type":"Feature","geometry":{"type":"Point","coordinates":[-5.979,41.727]},"properties":{"fecha":"2011-05-31","codigo_territorio":"49","nombre_territorio":"Zamora","longitud":-5.979,"latitud":41.727,"total":3496,"indefinido":303,"temporal":3193,"provincia":"ZA"}},{"type":"Feature","geometry":{"type":"Point","coordinates":[-3.586,42.367]},"properties":{"fecha":"2011-05-31","codigo_territorio":"09","nombre_territorio":"Burgos","longitud":-3.586,"latitud":42.367,"total":9857,"indefinido":804,"temporal":9053,"provincia":"BU"}},{"type":"Feature","geometry":{"type":"Point","coordinates":[-6.066,40.805]},"properties":{"fecha":"2011-05-31","codigo_territorio":"37","nombre_territorio":"Salamanca","longitud":-6.066,"latitud":40.805,"total":6889,"indefinido":568,"temporal":6321,"provincia":"SA"}},{"type":"Feature","geometry":{"type":"Point","coordinates":[-4.055,41.171]},"properties":{"fecha":"2011-05-31","codigo_territorio":"40","nombre_territorio":"Segovia","longitud":-4.055,"latitud":41.171,"total":3415,"indefinido":259,"temporal":3156,"provincia":"SE"}},{"type":"Feature","geometry":{"type":"Point","coordinates":[-4.535,42.37]},"properties":{"fecha":"2011-05-31","codigo_territorio":"34","nombre_territorio":"Palencia","longitud":-4.535,"latitud":42.37,"total":3997,"indefinido":266,"temporal":3731,"provincia":"PA"}},{"type":"Feature","geometry":{"type":"Point","coordinates":[-4.847,41.634]},"properties":{"fecha":"2011-05-31","codigo_territorio":"47","nombre_territorio":"Valladolid","longitud":-4.847,"latitud":41.634,"total":14650,"indefinido":989,"temporal":13661,"provincia":"VA"}},{"type":"Feature","geometry":{"type":"Point","coordinates":[-4.397,41.835]},"properties":{"fecha":"2011-05-31","codigo_territorio":"07","nombre_territorio":"Castilla Le\u00f3n","longitud":-4.397,"latitud":41.835,"total":55381,"indefinido":4409,"temporal":50972,"provincia":"CYL"}},{"type":"Feature","geometry":{"type":"Point","coordinates":[-4.535,42.37]},"properties":{"fecha":"2011-04-30","codigo_territorio":"34","nombre_territorio":"Palencia","longitud":-4.535,"latitud":42.37,"total":3710,"indefinido":264,"temporal":3446,"provincia":"PA"}},{"type":"Feature","geometry":{"type":"Point","coordinates":[-6.066,40.805]},"properties":{"fecha":"2011-04-30","codigo_territorio":"37","nombre_territorio":"Salamanca","longitud":-6.066,"latitud":40.805,"total":5407,"indefinido":513,"temporal":4894,"provincia":"SA"}},{"type":"Feature","geometry":{"type":"Point","coordinates":[-4.397,41.835]},"properties":{"fecha":"2011-04-30","codigo_territorio":"07","nombre_territorio":"Castilla Le\u00f3n","longitud":-4.397,"latitud":41.835,"total":45647,"indefinido":4064,"temporal":41583,"provincia":"CYL"}},{"type":"Feature","geometry":{"type":"Point","coordinates":[-3.586,42.367]},"properties":{"fecha":"2011-04-30","codigo_territorio":"09","nombre_territorio":"Burgos","longitud":-3.586,"latitud":42.367,"total":8010,"indefinido":686,"temporal":7324,"provincia":"BU"}},{"type":"Feature","geometry":{"type":"Point","coordinates":[-5.841,42.62]},"properties":{"fecha":"2011-04-30","codigo_territorio":"24","nombre_territorio":"Le\u00f3n","longitud":-5.841,"latitud":42.62,"total":7166,"indefinido":726,"temporal":6440,"provincia":"LE"}},{"type":"Feature","geometry":{"type":"Point","coordinates":[-4.055,41.171]},"properties":{"fecha":"2011-04-30","codigo_territorio":"40","nombre_territorio":"Segovia","longitud":-4.055,"latitud":41.171,"total":2995,"indefinido":320,"temporal":2675,"provincia":"SE"}},{"type":"Feature","geometry":{"type":"Point","coordinates":[-5.979,41.727]},"properties":{"fecha":"2011-04-30","codigo_territorio":"49","nombre_territorio":"Zamora","longitud":-5.979,"latitud":41.727,"total":2839,"indefinido":265,"temporal":2574,"provincia":"ZA"}},{"type":"Feature","geometry":{"type":"Point","coordinates":[-4.946,40.571]},"properties":{"fecha":"2011-04-30","codigo_territorio":"05","nombre_territorio":"\u00c1vila","longitud":-4.946,"latitud":40.571,"total":2260,"indefinido":196,"temporal":2064,"provincia":"AV"}},{"type":"Feature","geometry":{"type":"Point","coordinates":[-2.589,41.621]},"properties":{"fecha":"2011-04-30","codigo_territorio":"42","nombre_territorio":"Soria","longitud":-2.589,"latitud":41.621,"total":1588,"indefinido":167,"temporal":1421,"provincia":"SO"}},{"type":"Feature","geometry":{"type":"Point","coordinates":[-4.847,41.634]},"properties":{"fecha":"2011-04-30","codigo_territorio":"47","nombre_territorio":"Valladolid","longitud":-4.847,"latitud":41.634,"total":11672,"indefinido":927,"temporal":10745,"provincia":"VA"}},{"type":"Feature","geometry":{"type":"Point","coordinates":[-4.946,40.571]},"properties":{"fecha":"2011-03-31","codigo_territorio":"05","nombre_territorio":"\u00c1vila","longitud":-4.946,"latitud":40.571,"total":2797,"indefinido":225,"temporal":2572,"provincia":"AV"}},{"type":"Feature","geometry":{"type":"Point","coordinates":[-5.841,42.62]},"properties":{"fecha":"2011-03-31","codigo_territorio":"24","nombre_territorio":"Le\u00f3n","longitud":-5.841,"latitud":42.62,"total":7871,"indefinido":938,"temporal":6933,"provincia":"LE"}},{"type":"Feature","geometry":{"type":"Point","coordinates":[-2.589,41.621]},"properties":{"fecha":"2011-03-31","codigo_territorio":"42","nombre_territorio":"Soria","longitud":-2.589,"latitud":41.621,"total":2030,"indefinido":206,"temporal":1824,"provincia":"SO"}},{"type":"Feature","geometry":{"type":"Point","coordinates":[-4.397,41.835]},"properties":{"fecha":"2011-03-31","codigo_territorio":"07","nombre_territorio":"Castilla Le\u00f3n","longitud":-4.397,"latitud":41.835,"total":49995,"indefinido":4658,"temporal":45337,"provincia":"CYL"}},{"type":"Feature","geometry":{"type":"Point","coordinates":[-3.586,42.367]},"properties":{"fecha":"2011-03-31","codigo_territorio":"09","nombre_territorio":"Burgos","longitud":-3.586,"latitud":42.367,"total":8371,"indefinido":752,"temporal":7619,"provincia":"BU"}},{"type":"Feature","geometry":{"type":"Point","coordinates":[-6.066,40.805]},"properties":{"fecha":"2011-03-31","codigo_territorio":"37","nombre_territorio":"Salamanca","longitud":-6.066,"latitud":40.805,"total":6006,"indefinido":651,"temporal":5355,"provincia":"SA"}},{"type":"Feature","geometry":{"type":"Point","coordinates":[-4.055,41.171]},"properties":{"fecha":"2011-03-31","codigo_territorio":"40","nombre_territorio":"Segovia","longitud":-4.055,"latitud":41.171,"total":3351,"indefinido":325,"temporal":3026,"provincia":"SE"}},{"type":"Feature","geometry":{"type":"Point","coordinates":[-5.979,41.727]},"properties":{"fecha":"2011-03-31","codigo_territorio":"49","nombre_territorio":"Zamora","longitud":-5.979,"latitud":41.727,"total":3201,"indefinido":290,"temporal":2911,"provincia":"ZA"}},{"type":"Feature","geometry":{"type":"Point","coordinates":[-4.535,42.37]},"properties":{"fecha":"2011-03-31","codigo_territorio":"34","nombre_territorio":"Palencia","longitud":-4.535,"latitud":42.37,"total":3701,"indefinido":306,"temporal":3395,"provincia":"PA"}},{"type":"Feature","geometry":{"type":"Point","coordinates":[-4.847,41.634]},"properties":{"fecha":"2011-03-31","codigo_territorio":"47","nombre_territorio":"Valladolid","longitud":-4.847,"latitud":41.634,"total":12667,"indefinido":965,"temporal":11702,"provincia":"VA"}},{"type":"Feature","geometry":{"type":"Point","coordinates":[-4.946,40.571]},"properties":{"fecha":"2011-02-28","codigo_territorio":"05","nombre_territorio":"\u00c1vila","longitud":-4.946,"latitud":40.571,"total":2075,"indefinido":230,"temporal":1845,"provincia":"AV"}},{"type":"Feature","geometry":{"type":"Point","coordinates":[-3.586,42.367]},"properties":{"fecha":"2011-02-28","codigo_territorio":"09","nombre_territorio":"Burgos","longitud":-3.586,"latitud":42.367,"total":6910,"indefinido":728,"temporal":6182,"provincia":"BU"}},{"type":"Feature","geometry":{"type":"Point","coordinates":[-6.066,40.805]},"properties":{"fecha":"2011-02-28","codigo_territorio":"37","nombre_territorio":"Salamanca","longitud":-6.066,"latitud":40.805,"total":5069,"indefinido":577,"temporal":4492,"provincia":"SA"}},{"type":"Feature","geometry":{"type":"Point","coordinates":[-5.841,42.62]},"properties":{"fecha":"2011-02-28","codigo_territorio":"24","nombre_territorio":"Le\u00f3n","longitud":-5.841,"latitud":42.62,"total":6641,"indefinido":795,"temporal":5846,"provincia":"LE"}},{"type":"Feature","geometry":{"type":"Point","coordinates":[-4.535,42.37]},"properties":{"fecha":"2011-02-28","codigo_territorio":"34","nombre_territorio":"Palencia","longitud":-4.535,"latitud":42.37,"total":3309,"indefinido":248,"temporal":3061,"provincia":"PA"}},{"type":"Feature","geometry":{"type":"Point","coordinates":[-2.589,41.621]},"properties":{"fecha":"2011-02-28","codigo_territorio":"42","nombre_territorio":"Soria","longitud":-2.589,"latitud":41.621,"total":1791,"indefinido":156,"temporal":1635,"provincia":"SO"}},{"type":"Feature","geometry":{"type":"Point","coordinates":[-4.847,41.634]},"properties":{"fecha":"2011-02-28","codigo_territorio":"47","nombre_territorio":"Valladolid","longitud":-4.847,"latitud":41.634,"total":10960,"indefinido":957,"temporal":10003,"provincia":"VA"}},{"type":"Feature","geometry":{"type":"Point","coordinates":[-5.979,41.727]},"properties":{"fecha":"2011-02-28","codigo_territorio":"49","nombre_territorio":"Zamora","longitud":-5.979,"latitud":41.727,"total":3012,"indefinido":270,"temporal":2742,"provincia":"ZA"}},{"type":"Feature","geometry":{"type":"Point","coordinates":[-4.055,41.171]},"properties":{"fecha":"2011-02-28","codigo_territorio":"40","nombre_territorio":"Segovia","longitud":-4.055,"latitud":41.171,"total":2799,"indefinido":312,"temporal":2487,"provincia":"SE"}},{"type":"Feature","geometry":{"type":"Point","coordinates":[-4.397,41.835]},"properties":{"fecha":"2011-02-28","codigo_territorio":"07","nombre_territorio":"Castilla Le\u00f3n","longitud":-4.397,"latitud":41.835,"total":42566,"indefinido":4273,"temporal":38293,"provincia":"CYL"}},{"type":"Feature","geometry":{"type":"Point","coordinates":[-4.535,42.37]},"properties":{"fecha":"2011-01-31","codigo_territorio":"34","nombre_territorio":"Palencia","longitud":-4.535,"latitud":42.37,"total":3749,"indefinido":335,"temporal":3414,"provincia":"PA"}},{"type":"Feature","geometry":{"type":"Point","coordinates":[-4.055,41.171]},"properties":{"fecha":"2011-01-31","codigo_territorio":"40","nombre_territorio":"Segovia","longitud":-4.055,"latitud":41.171,"total":2908,"indefinido":321,"temporal":2587,"provincia":"SE"}},{"type":"Feature","geometry":{"type":"Point","coordinates":[-5.979,41.727]},"properties":{"fecha":"2011-01-31","codigo_territorio":"49","nombre_territorio":"Zamora","longitud":-5.979,"latitud":41.727,"total":2887,"indefinido":278,"temporal":2609,"provincia":"ZA"}},{"type":"Feature","geometry":{"type":"Point","coordinates":[-4.946,40.571]},"properties":{"fecha":"2011-01-31","codigo_territorio":"05","nombre_territorio":"\u00c1vila","longitud":-4.946,"latitud":40.571,"total":1937,"indefinido":279,"temporal":1658,"provincia":"AV"}},{"type":"Feature","geometry":{"type":"Point","coordinates":[-3.586,42.367]},"properties":{"fecha":"2011-01-31","codigo_territorio":"09","nombre_territorio":"Burgos","longitud":-3.586,"latitud":42.367,"total":7464,"indefinido":689,"temporal":6775,"provincia":"BU"}},{"type":"Feature","geometry":{"type":"Point","coordinates":[-4.847,41.634]},"properties":{"fecha":"2011-01-31","codigo_territorio":"47","nombre_territorio":"Valladolid","longitud":-4.847,"latitud":41.634,"total":11360,"indefinido":1011,"temporal":10349,"provincia":"VA"}},{"type":"Feature","geometry":{"type":"Point","coordinates":[-4.397,41.835]},"properties":{"fecha":"2011-01-31","codigo_territorio":"07","nombre_territorio":"Castilla Le\u00f3n","longitud":-4.397,"latitud":41.835,"total":43784,"indefinido":4685,"temporal":39099,"provincia":"CYL"}},{"type":"Feature","geometry":{"type":"Point","coordinates":[-5.841,42.62]},"properties":{"fecha":"2011-01-31","codigo_territorio":"24","nombre_territorio":"Le\u00f3n","longitud":-5.841,"latitud":42.62,"total":6371,"indefinido":824,"temporal":5547,"provincia":"LE"}},{"type":"Feature","geometry":{"type":"Point","coordinates":[-6.066,40.805]},"properties":{"fecha":"2011-01-31","codigo_territorio":"37","nombre_territorio":"Salamanca","longitud":-6.066,"latitud":40.805,"total":5380,"indefinido":740,"temporal":4640,"provincia":"SA"}},{"type":"Feature","geometry":{"type":"Point","coordinates":[-2.589,41.621]},"properties":{"fecha":"2011-01-31","codigo_territorio":"42","nombre_territorio":"Soria","longitud":-2.589,"latitud":41.621,"total":1728,"indefinido":208,"temporal":1520,"provincia":"SO"}},{"type":"Feature","geometry":{"type":"Point","coordinates":[-4.946,40.571]},"properties":{"fecha":"2010-12-31","codigo_territorio":"05","nombre_territorio":"\u00c1vila","longitud":-4.946,"latitud":40.571,"total":2447,"indefinido":182,"temporal":2265,"provincia":"AV"}},{"type":"Feature","geometry":{"type":"Point","coordinates":[-3.586,42.367]},"properties":{"fecha":"2010-12-31","codigo_territorio":"09","nombre_territorio":"Burgos","longitud":-3.586,"latitud":42.367,"total":7523,"indefinido":644,"temporal":6879,"provincia":"BU"}},{"type":"Feature","geometry":{"type":"Point","coordinates":[-6.066,40.805]},"properties":{"fecha":"2010-12-31","codigo_territorio":"37","nombre_territorio":"Salamanca","longitud":-6.066,"latitud":40.805,"total":5723,"indefinido":650,"temporal":5073,"provincia":"SA"}},{"type":"Feature","geometry":{"type":"Point","coordinates":[-4.397,41.835]},"properties":{"fecha":"2010-12-31","codigo_territorio":"07","nombre_territorio":"Castilla Le\u00f3n","longitud":-4.397,"latitud":41.835,"total":45809,"indefinido":4222,"temporal":41587,"provincia":"CYL"}},{"type":"Feature","geometry":{"type":"Point","coordinates":[-5.841,42.62]},"properties":{"fecha":"2010-12-31","codigo_territorio":"24","nombre_territorio":"Le\u00f3n","longitud":-5.841,"latitud":42.62,"total":6831,"indefinido":828,"temporal":6003,"provincia":"LE"}},{"type":"Feature","geometry":{"type":"Point","coordinates":[-4.535,42.37]},"properties":{"fecha":"2010-12-31","codigo_territorio":"34","nombre_territorio":"Palencia","longitud":-4.535,"latitud":42.37,"total":3927,"indefinido":258,"temporal":3669,"provincia":"PA"}},{"type":"Feature","geometry":{"type":"Point","coordinates":[-5.979,41.727]},"properties":{"fecha":"2010-12-31","codigo_territorio":"49","nombre_territorio":"Zamora","longitud":-5.979,"latitud":41.727,"total":2979,"indefinido":338,"temporal":2641,"provincia":"ZA"}},{"type":"Feature","geometry":{"type":"Point","coordinates":[-4.055,41.171]},"properties":{"fecha":"2010-12-31","codigo_territorio":"40","nombre_territorio":"Segovia","longitud":-4.055,"latitud":41.171,"total":3317,"indefinido":250,"temporal":3067,"provincia":"SE"}},{"type":"Feature","geometry":{"type":"Point","coordinates":[-2.589,41.621]},"properties":{"fecha":"2010-12-31","codigo_territorio":"42","nombre_territorio":"Soria","longitud":-2.589,"latitud":41.621,"total":1502,"indefinido":146,"temporal":1356,"provincia":"SO"}},{"type":"Feature","geometry":{"type":"Point","coordinates":[-4.847,41.634]},"properties":{"fecha":"2010-12-31","codigo_territorio":"47","nombre_territorio":"Valladolid","longitud":-4.847,"latitud":41.634,"total":11560,"indefinido":926,"temporal":10634,"provincia":"VA"}},{"type":"Feature","geometry":{"type":"Point","coordinates":[-6.066,40.805]},"properties":{"fecha":"2010-11-30","codigo_territorio":"37","nombre_territorio":"Salamanca","longitud":-6.066,"latitud":40.805,"total":8176,"indefinido":826,"temporal":7350,"provincia":"SA"}},{"type":"Feature","geometry":{"type":"Point","coordinates":[-4.055,41.171]},"properties":{"fecha":"2010-11-30","codigo_territorio":"40","nombre_territorio":"Segovia","longitud":-4.055,"latitud":41.171,"total":4365,"indefinido":420,"temporal":3945,"provincia":"SE"}},{"type":"Feature","geometry":{"type":"Point","coordinates":[-2.589,41.621]},"properties":{"fecha":"2010-11-30","codigo_territorio":"42","nombre_territorio":"Soria","longitud":-2.589,"latitud":41.621,"total":1697,"indefinido":184,"temporal":1513,"provincia":"SO"}},{"type":"Feature","geometry":{"type":"Point","coordinates":[-4.847,41.634]},"properties":{"fecha":"2010-11-30","codigo_territorio":"47","nombre_territorio":"Valladolid","longitud":-4.847,"latitud":41.634,"total":13464,"indefinido":1118,"temporal":12346,"provincia":"VA"}},{"type":"Feature","geometry":{"type":"Point","coordinates":[-5.841,42.62]},"properties":{"fecha":"2010-11-30","codigo_territorio":"24","nombre_territorio":"Le\u00f3n","longitud":-5.841,"latitud":42.62,"total":8069,"indefinido":886,"temporal":7183,"provincia":"LE"}},{"type":"Feature","geometry":{"type":"Point","coordinates":[-4.535,42.37]},"properties":{"fecha":"2010-11-30","codigo_territorio":"34","nombre_territorio":"Palencia","longitud":-4.535,"latitud":42.37,"total":4056,"indefinido":275,"temporal":3781,"provincia":"PA"}},{"type":"Feature","geometry":{"type":"Point","coordinates":[-5.979,41.727]},"properties":{"fecha":"2010-11-30","codigo_territorio":"49","nombre_territorio":"Zamora","longitud":-5.979,"latitud":41.727,"total":3485,"indefinido":410,"temporal":3075,"provincia":"ZA"}},{"type":"Feature","geometry":{"type":"Point","coordinates":[-4.946,40.571]},"properties":{"fecha":"2010-11-30","codigo_territorio":"05","nombre_territorio":"\u00c1vila","longitud":-4.946,"latitud":40.571,"total":3106,"indefinido":224,"temporal":2882,"provincia":"AV"}},{"type":"Feature","geometry":{"type":"Point","coordinates":[-3.586,42.367]},"properties":{"fecha":"2010-11-30","codigo_territorio":"09","nombre_territorio":"Burgos","longitud":-3.586,"latitud":42.367,"total":8072,"indefinido":828,"temporal":7244,"provincia":"BU"}},{"type":"Feature","geometry":{"type":"Point","coordinates":[-4.397,41.835]},"properties":{"fecha":"2010-11-30","codigo_territorio":"07","nombre_territorio":"Castilla Le\u00f3n","longitud":-4.397,"latitud":41.835,"total":54490,"indefinido":5171,"temporal":49319,"provincia":"CYL"}},{"type":"Feature","geometry":{"type":"Point","coordinates":[-5.841,42.62]},"properties":{"fecha":"2010-10-31","codigo_territorio":"24","nombre_territorio":"Le\u00f3n","longitud":-5.841,"latitud":42.62,"total":9417,"indefinido":957,"temporal":8460,"provincia":"LE"}},{"type":"Feature","geometry":{"type":"Point","coordinates":[-4.946,40.571]},"properties":{"fecha":"2010-10-31","codigo_territorio":"05","nombre_territorio":"\u00c1vila","longitud":-4.946,"latitud":40.571,"total":5003,"indefinido":231,"temporal":4772,"provincia":"AV"}},{"type":"Feature","geometry":{"type":"Point","coordinates":[-3.586,42.367]},"properties":{"fecha":"2010-10-31","codigo_territorio":"09","nombre_territorio":"Burgos","longitud":-3.586,"latitud":42.367,"total":14126,"indefinido":1259,"temporal":12867,"provincia":"BU"}},{"type":"Feature","geometry":{"type":"Point","coordinates":[-6.066,40.805]},"properties":{"fecha":"2010-10-31","codigo_territorio":"37","nombre_territorio":"Salamanca","longitud":-6.066,"latitud":40.805,"total":8194,"indefinido":793,"temporal":7401,"provincia":"SA"}},{"type":"Feature","geometry":{"type":"Point","coordinates":[-4.055,41.171]},"properties":{"fecha":"2010-10-31","codigo_territorio":"40","nombre_territorio":"Segovia","longitud":-4.055,"latitud":41.171,"total":6471,"indefinido":1879,"temporal":4592,"provincia":"SE"}},{"type":"Feature","geometry":{"type":"Point","coordinates":[-2.589,41.621]},"properties":{"fecha":"2010-10-31","codigo_territorio":"42","nombre_territorio":"Soria","longitud":-2.589,"latitud":41.621,"total":2241,"indefinido":205,"temporal":2036,"provincia":"SO"}},{"type":"Feature","geometry":{"type":"Point","coordinates":[-4.397,41.835]},"properties":{"fecha":"2010-10-31","codigo_territorio":"07","nombre_territorio":"Castilla Le\u00f3n","longitud":-4.397,"latitud":41.835,"total":72693,"indefinido":7212,"temporal":65481,"provincia":"CYL"}},{"type":"Feature","geometry":{"type":"Point","coordinates":[-4.535,42.37]},"properties":{"fecha":"2010-10-31","codigo_territorio":"34","nombre_territorio":"Palencia","longitud":-4.535,"latitud":42.37,"total":4683,"indefinido":276,"temporal":4407,"provincia":"PA"}},{"type":"Feature","geometry":{"type":"Point","coordinates":[-4.847,41.634]},"properties":{"fecha":"2010-10-31","codigo_territorio":"47","nombre_territorio":"Valladolid","longitud":-4.847,"latitud":41.634,"total":17976,"indefinido":1332,"temporal":16644,"provincia":"VA"}},{"type":"Feature","geometry":{"type":"Point","coordinates":[-5.979,41.727]},"properties":{"fecha":"2010-10-31","codigo_territorio":"49","nombre_territorio":"Zamora","longitud":-5.979,"latitud":41.727,"total":4582,"indefinido":280,"temporal":4302,"provincia":"ZA"}},{"type":"Feature","geometry":{"type":"Point","coordinates":[-5.841,42.62]},"properties":{"fecha":"2010-09-30","codigo_territorio":"24","nombre_territorio":"Le\u00f3n","longitud":-5.841,"latitud":42.62,"total":10442,"indefinido":924,"temporal":9518,"provincia":"LE"}},{"type":"Feature","geometry":{"type":"Point","coordinates":[-6.066,40.805]},"properties":{"fecha":"2010-09-30","codigo_territorio":"37","nombre_territorio":"Salamanca","longitud":-6.066,"latitud":40.805,"total":8432,"indefinido":615,"temporal":7817,"provincia":"SA"}},{"type":"Feature","geometry":{"type":"Point","coordinates":[-4.946,40.571]},"properties":{"fecha":"2010-09-30","codigo_territorio":"05","nombre_territorio":"\u00c1vila","longitud":-4.946,"latitud":40.571,"total":3631,"indefinido":276,"temporal":3355,"provincia":"AV"}},{"type":"Feature","geometry":{"type":"Point","coordinates":[-2.589,41.621]},"properties":{"fecha":"2010-09-30","codigo_territorio":"42","nombre_territorio":"Soria","longitud":-2.589,"latitud":41.621,"total":2213,"indefinido":199,"temporal":2014,"provincia":"SO"}},{"type":"Feature","geometry":{"type":"Point","coordinates":[-4.847,41.634]},"properties":{"fecha":"2010-09-30","codigo_territorio":"47","nombre_territorio":"Valladolid","longitud":-4.847,"latitud":41.634,"total":16883,"indefinido":1163,"temporal":15720,"provincia":"VA"}},{"type":"Feature","geometry":{"type":"Point","coordinates":[-5.979,41.727]},"properties":{"fecha":"2010-09-30","codigo_territorio":"49","nombre_territorio":"Zamora","longitud":-5.979,"latitud":41.727,"total":4662,"indefinido":339,"temporal":4323,"provincia":"ZA"}},{"type":"Feature","geometry":{"type":"Point","coordinates":[-4.397,41.835]},"properties":{"fecha":"2010-09-30","codigo_territorio":"07","nombre_territorio":"Castilla Le\u00f3n","longitud":-4.397,"latitud":41.835,"total":65890,"indefinido":5046,"temporal":60844,"provincia":"CYL"}},{"type":"Feature","geometry":{"type":"Point","coordinates":[-3.586,42.367]},"properties":{"fecha":"2010-09-30","codigo_territorio":"09","nombre_territorio":"Burgos","longitud":-3.586,"latitud":42.367,"total":10419,"indefinido":907,"temporal":9512,"provincia":"BU"}},{"type":"Feature","geometry":{"type":"Point","coordinates":[-4.535,42.37]},"properties":{"fecha":"2010-09-30","codigo_territorio":"34","nombre_territorio":"Palencia","longitud":-4.535,"latitud":42.37,"total":4791,"indefinido":273,"temporal":4518,"provincia":"PA"}},{"type":"Feature","geometry":{"type":"Point","coordinates":[-4.055,41.171]},"properties":{"fecha":"2010-09-30","codigo_territorio":"40","nombre_territorio":"Segovia","longitud":-4.055,"latitud":41.171,"total":4417,"indefinido":350,"temporal":4067,"provincia":"SE"}},{"type":"Feature","geometry":{"type":"Point","coordinates":[-4.946,40.571]},"properties":{"fecha":"2010-08-31","codigo_territorio":"05","nombre_territorio":"\u00c1vila","longitud":-4.946,"latitud":40.571,"total":3022,"indefinido":153,"temporal":2869,"provincia":"AV"}},{"type":"Feature","geometry":{"type":"Point","coordinates":[-4.055,41.171]},"properties":{"fecha":"2010-08-31","codigo_territorio":"40","nombre_territorio":"Segovia","longitud":-4.055,"latitud":41.171,"total":3958,"indefinido":252,"temporal":3706,"provincia":"SE"}},{"type":"Feature","geometry":{"type":"Point","coordinates":[-2.589,41.621]},"properties":{"fecha":"2010-08-31","codigo_territorio":"42","nombre_territorio":"Soria","longitud":-2.589,"latitud":41.621,"total":2266,"indefinido":144,"temporal":2122,"provincia":"SO"}},{"type":"Feature","geometry":{"type":"Point","coordinates":[-5.979,41.727]},"properties":{"fecha":"2010-08-31","codigo_territorio":"49","nombre_territorio":"Zamora","longitud":-5.979,"latitud":41.727,"total":4186,"indefinido":191,"temporal":3995,"provincia":"ZA"}},{"type":"Feature","geometry":{"type":"Point","coordinates":[-4.535,42.37]},"properties":{"fecha":"2010-08-31","codigo_territorio":"34","nombre_territorio":"Palencia","longitud":-4.535,"latitud":42.37,"total":4431,"indefinido":184,"temporal":4247,"provincia":"PA"}},{"type":"Feature","geometry":{"type":"Point","coordinates":[-4.847,41.634]},"properties":{"fecha":"2010-08-31","codigo_territorio":"47","nombre_territorio":"Valladolid","longitud":-4.847,"latitud":41.634,"total":12367,"indefinido":779,"temporal":11588,"provincia":"VA"}},{"type":"Feature","geometry":{"type":"Point","coordinates":[-4.397,41.835]},"properties":{"fecha":"2010-08-31","codigo_territorio":"07","nombre_territorio":"Castilla Le\u00f3n","longitud":-4.397,"latitud":41.835,"total":55528,"indefinido":3522,"temporal":52006,"provincia":"CYL"}},{"type":"Feature","geometry":{"type":"Point","coordinates":[-3.586,42.367]},"properties":{"fecha":"2010-08-31","codigo_territorio":"09","nombre_territorio":"Burgos","longitud":-3.586,"latitud":42.367,"total":8988,"indefinido":544,"temporal":8444,"provincia":"BU"}},{"type":"Feature","geometry":{"type":"Point","coordinates":[-5.841,42.62]},"properties":{"fecha":"2010-08-31","codigo_territorio":"24","nombre_territorio":"Le\u00f3n","longitud":-5.841,"latitud":42.62,"total":9138,"indefinido":777,"temporal":8361,"provincia":"LE"}},{"type":"Feature","geometry":{"type":"Point","coordinates":[-6.066,40.805]},"properties":{"fecha":"2010-08-31","codigo_territorio":"37","nombre_territorio":"Salamanca","longitud":-6.066,"latitud":40.805,"total":7172,"indefinido":498,"temporal":6674,"provincia":"SA"}},{"type":"Feature","geometry":{"type":"Point","coordinates":[-4.946,40.571]},"properties":{"fecha":"2010-07-31","codigo_territorio":"05","nombre_territorio":"\u00c1vila","longitud":-4.946,"latitud":40.571,"total":4710,"indefinido":270,"temporal":4440,"provincia":"AV"}},{"type":"Feature","geometry":{"type":"Point","coordinates":[-5.841,42.62]},"properties":{"fecha":"2010-07-31","codigo_territorio":"24","nombre_territorio":"Le\u00f3n","longitud":-5.841,"latitud":42.62,"total":11421,"indefinido":864,"temporal":10557,"provincia":"LE"}},{"type":"Feature","geometry":{"type":"Point","coordinates":[-4.055,41.171]},"properties":{"fecha":"2010-07-31","codigo_territorio":"40","nombre_territorio":"Segovia","longitud":-4.055,"latitud":41.171,"total":4858,"indefinido":287,"temporal":4571,"provincia":"SE"}},{"type":"Feature","geometry":{"type":"Point","coordinates":[-3.586,42.367]},"properties":{"fecha":"2010-07-31","codigo_territorio":"09","nombre_territorio":"Burgos","longitud":-3.586,"latitud":42.367,"total":12321,"indefinido":872,"temporal":11449,"provincia":"BU"}},{"type":"Feature","geometry":{"type":"Point","coordinates":[-4.535,42.37]},"properties":{"fecha":"2010-07-31","codigo_territorio":"34","nombre_territorio":"Palencia","longitud":-4.535,"latitud":42.37,"total":5357,"indefinido":277,"temporal":5080,"provincia":"PA"}},{"type":"Feature","geometry":{"type":"Point","coordinates":[-6.066,40.805]},"properties":{"fecha":"2010-07-31","codigo_territorio":"37","nombre_territorio":"Salamanca","longitud":-6.066,"latitud":40.805,"total":7789,"indefinido":567,"temporal":7222,"provincia":"SA"}},{"type":"Feature","geometry":{"type":"Point","coordinates":[-2.589,41.621]},"properties":{"fecha":"2010-07-31","codigo_territorio":"42","nombre_territorio":"Soria","longitud":-2.589,"latitud":41.621,"total":3012,"indefinido":202,"temporal":2810,"provincia":"SO"}},{"type":"Feature","geometry":{"type":"Point","coordinates":[-5.979,41.727]},"properties":{"fecha":"2010-07-31","codigo_territorio":"49","nombre_territorio":"Zamora","longitud":-5.979,"latitud":41.727,"total":5051,"indefinido":286,"temporal":4765,"provincia":"ZA"}},{"type":"Feature","geometry":{"type":"Point","coordinates":[-4.847,41.634]},"properties":{"fecha":"2010-07-31","codigo_territorio":"47","nombre_territorio":"Valladolid","longitud":-4.847,"latitud":41.634,"total":16027,"indefinido":1044,"temporal":14983,"provincia":"VA"}},{"type":"Feature","geometry":{"type":"Point","coordinates":[-4.397,41.835]},"properties":{"fecha":"2010-07-31","codigo_territorio":"07","nombre_territorio":"Castilla Le\u00f3n","longitud":-4.397,"latitud":41.835,"total":70546,"indefinido":4669,"temporal":65877,"provincia":"CYL"}},{"type":"Feature","geometry":{"type":"Point","coordinates":[-3.586,42.367]},"properties":{"fecha":"2010-06-30","codigo_territorio":"09","nombre_territorio":"Burgos","longitud":-3.586,"latitud":42.367,"total":10034,"indefinido":724,"temporal":9310,"provincia":"BU"}},{"type":"Feature","geometry":{"type":"Point","coordinates":[-5.841,42.62]},"properties":{"fecha":"2010-06-30","codigo_territorio":"24","nombre_territorio":"Le\u00f3n","longitud":-5.841,"latitud":42.62,"total":9856,"indefinido":901,"temporal":8955,"provincia":"LE"}},{"type":"Feature","geometry":{"type":"Point","coordinates":[-4.535,42.37]},"properties":{"fecha":"2010-06-30","codigo_territorio":"34","nombre_territorio":"Palencia","longitud":-4.535,"latitud":42.37,"total":4409,"indefinido":315,"temporal":4094,"provincia":"PA"}},{"type":"Feature","geometry":{"type":"Point","coordinates":[-4.055,41.171]},"properties":{"fecha":"2010-06-30","codigo_territorio":"40","nombre_territorio":"Segovia","longitud":-4.055,"latitud":41.171,"total":4194,"indefinido":321,"temporal":3873,"provincia":"SE"}},{"type":"Feature","geometry":{"type":"Point","coordinates":[-4.397,41.835]},"properties":{"fecha":"2010-06-30","codigo_territorio":"07","nombre_territorio":"Castilla Le\u00f3n","longitud":-4.397,"latitud":41.835,"total":61523,"indefinido":4602,"temporal":56921,"provincia":"CYL"}},{"type":"Feature","geometry":{"type":"Point","coordinates":[-2.589,41.621]},"properties":{"fecha":"2010-06-30","codigo_territorio":"42","nombre_territorio":"Soria","longitud":-2.589,"latitud":41.621,"total":2327,"indefinido":156,"temporal":2171,"provincia":"SO"}},{"type":"Feature","geometry":{"type":"Point","coordinates":[-4.847,41.634]},"properties":{"fecha":"2010-06-30","codigo_territorio":"47","nombre_territorio":"Valladolid","longitud":-4.847,"latitud":41.634,"total":15316,"indefinido":1033,"temporal":14283,"provincia":"VA"}},{"type":"Feature","geometry":{"type":"Point","coordinates":[-4.946,40.571]},"properties":{"fecha":"2010-06-30","codigo_territorio":"05","nombre_territorio":"\u00c1vila","longitud":-4.946,"latitud":40.571,"total":3406,"indefinido":253,"temporal":3153,"provincia":"AV"}},{"type":"Feature","geometry":{"type":"Point","coordinates":[-6.066,40.805]},"properties":{"fecha":"2010-06-30","codigo_territorio":"37","nombre_territorio":"Salamanca","longitud":-6.066,"latitud":40.805,"total":8068,"indefinido":615,"temporal":7453,"provincia":"SA"}},{"type":"Feature","geometry":{"type":"Point","coordinates":[-5.979,41.727]},"properties":{"fecha":"2010-06-30","codigo_territorio":"49","nombre_territorio":"Zamora","longitud":-5.979,"latitud":41.727,"total":3913,"indefinido":284,"temporal":3629,"provincia":"ZA"}},{"type":"Feature","geometry":{"type":"Point","coordinates":[-4.946,40.571]},"properties":{"fecha":"2010-05-31","codigo_territorio":"05","nombre_territorio":"\u00c1vila","longitud":-4.946,"latitud":40.571,"total":2529,"indefinido":206,"temporal":2323,"provincia":"AV"}},{"type":"Feature","geometry":{"type":"Point","coordinates":[-3.586,42.367]},"properties":{"fecha":"2010-05-31","codigo_territorio":"09","nombre_territorio":"Burgos","longitud":-3.586,"latitud":42.367,"total":8764,"indefinido":833,"temporal":7931,"provincia":"BU"}},{"type":"Feature","geometry":{"type":"Point","coordinates":[-5.841,42.62]},"properties":{"fecha":"2010-05-31","codigo_territorio":"24","nombre_territorio":"Le\u00f3n","longitud":-5.841,"latitud":42.62,"total":8829,"indefinido":1007,"temporal":7822,"provincia":"LE"}},{"type":"Feature","geometry":{"type":"Point","coordinates":[-4.535,42.37]},"properties":{"fecha":"2010-05-31","codigo_territorio":"34","nombre_territorio":"Palencia","longitud":-4.535,"latitud":42.37,"total":3995,"indefinido":345,"temporal":3650,"provincia":"PA"}},{"type":"Feature","geometry":{"type":"Point","coordinates":[-5.979,41.727]},"properties":{"fecha":"2010-05-31","codigo_territorio":"49","nombre_territorio":"Zamora","longitud":-5.979,"latitud":41.727,"total":3540,"indefinido":312,"temporal":3228,"provincia":"ZA"}},{"type":"Feature","geometry":{"type":"Point","coordinates":[-6.066,40.805]},"properties":{"fecha":"2010-05-31","codigo_territorio":"37","nombre_territorio":"Salamanca","longitud":-6.066,"latitud":40.805,"total":6898,"indefinido":635,"temporal":6263,"provincia":"SA"}},{"type":"Feature","geometry":{"type":"Point","coordinates":[-4.055,41.171]},"properties":{"fecha":"2010-05-31","codigo_territorio":"40","nombre_territorio":"Segovia","longitud":-4.055,"latitud":41.171,"total":3287,"indefinido":297,"temporal":2990,"provincia":"SE"}},{"type":"Feature","geometry":{"type":"Point","coordinates":[-2.589,41.621]},"properties":{"fecha":"2010-05-31","codigo_territorio":"42","nombre_territorio":"Soria","longitud":-2.589,"latitud":41.621,"total":1998,"indefinido":177,"temporal":1821,"provincia":"SO"}},{"type":"Feature","geometry":{"type":"Point","coordinates":[-4.847,41.634]},"properties":{"fecha":"2010-05-31","codigo_territorio":"47","nombre_territorio":"Valladolid","longitud":-4.847,"latitud":41.634,"total":13296,"indefinido":1076,"temporal":12220,"provincia":"VA"}},{"type":"Feature","geometry":{"type":"Point","coordinates":[-4.397,41.835]},"properties":{"fecha":"2010-05-31","codigo_territorio":"07","nombre_territorio":"Castilla Le\u00f3n","longitud":-4.397,"latitud":41.835,"total":53136,"indefinido":4888,"temporal":48248,"provincia":"CYL"}},{"type":"Feature","geometry":{"type":"Point","coordinates":[-5.841,42.62]},"properties":{"fecha":"2010-04-30","codigo_territorio":"24","nombre_territorio":"Le\u00f3n","longitud":-5.841,"latitud":42.62,"total":7115,"indefinido":934,"temporal":6181,"provincia":"LE"}},{"type":"Feature","geometry":{"type":"Point","coordinates":[-6.066,40.805]},"properties":{"fecha":"2010-04-30","codigo_territorio":"37","nombre_territorio":"Salamanca","longitud":-6.066,"latitud":40.805,"total":5773,"indefinido":652,"temporal":5121,"provincia":"SA"}},{"type":"Feature","geometry":{"type":"Point","coordinates":[-4.055,41.171]},"properties":{"fecha":"2010-04-30","codigo_territorio":"40","nombre_territorio":"Segovia","longitud":-4.055,"latitud":41.171,"total":2928,"indefinido":359,"temporal":2569,"provincia":"SE"}},{"type":"Feature","geometry":{"type":"Point","coordinates":[-2.589,41.621]},"properties":{"fecha":"2010-04-30","codigo_territorio":"42","nombre_territorio":"Soria","longitud":-2.589,"latitud":41.621,"total":1755,"indefinido":149,"temporal":1606,"provincia":"SO"}},{"type":"Feature","geometry":{"type":"Point","coordinates":[-4.946,40.571]},"properties":{"fecha":"2010-04-30","codigo_territorio":"05","nombre_territorio":"\u00c1vila","longitud":-4.946,"latitud":40.571,"total":2488,"indefinido":258,"temporal":2230,"provincia":"AV"}},{"type":"Feature","geometry":{"type":"Point","coordinates":[-5.979,41.727]},"properties":{"fecha":"2010-04-30","codigo_territorio":"49","nombre_territorio":"Zamora","longitud":-5.979,"latitud":41.727,"total":2999,"indefinido":248,"temporal":2751,"provincia":"ZA"}},{"type":"Feature","geometry":{"type":"Point","coordinates":[-4.397,41.835]},"properties":{"fecha":"2010-04-30","codigo_territorio":"07","nombre_territorio":"Castilla Le\u00f3n","longitud":-4.397,"latitud":41.835,"total":44710,"indefinido":4825,"temporal":39885,"provincia":"CYL"}},{"type":"Feature","geometry":{"type":"Point","coordinates":[-3.586,42.367]},"properties":{"fecha":"2010-04-30","codigo_territorio":"09","nombre_territorio":"Burgos","longitud":-3.586,"latitud":42.367,"total":7621,"indefinido":798,"temporal":6823,"provincia":"BU"}},{"type":"Feature","geometry":{"type":"Point","coordinates":[-4.535,42.37]},"properties":{"fecha":"2010-04-30","codigo_territorio":"34","nombre_territorio":"Palencia","longitud":-4.535,"latitud":42.37,"total":3199,"indefinido":278,"temporal":2921,"provincia":"PA"}},{"type":"Feature","geometry":{"type":"Point","coordinates":[-4.847,41.634]},"properties":{"fecha":"2010-04-30","codigo_territorio":"47","nombre_territorio":"Valladolid","longitud":-4.847,"latitud":41.634,"total":10832,"indefinido":1149,"temporal":9683,"provincia":"VA"}},{"type":"Feature","geometry":{"type":"Point","coordinates":[-3.586,42.367]},"properties":{"fecha":"2010-03-31","codigo_territorio":"09","nombre_territorio":"Burgos","longitud":-3.586,"latitud":42.367,"total":7659,"indefinido":854,"temporal":6805,"provincia":"BU"}},{"type":"Feature","geometry":{"type":"Point","coordinates":[-4.055,41.171]},"properties":{"fecha":"2010-03-31","codigo_territorio":"40","nombre_territorio":"Segovia","longitud":-4.055,"latitud":41.171,"total":3260,"indefinido":369,"temporal":2891,"provincia":"SE"}},{"type":"Feature","geometry":{"type":"Point","coordinates":[-2.589,41.621]},"properties":{"fecha":"2010-03-31","codigo_territorio":"42","nombre_territorio":"Soria","longitud":-2.589,"latitud":41.621,"total":2157,"indefinido":260,"temporal":1897,"provincia":"SO"}},{"type":"Feature","geometry":{"type":"Point","coordinates":[-6.066,40.805]},"properties":{"fecha":"2010-03-31","codigo_territorio":"37","nombre_territorio":"Salamanca","longitud":-6.066,"latitud":40.805,"total":5259,"indefinido":691,"temporal":4568,"provincia":"SA"}},{"type":"Feature","geometry":{"type":"Point","coordinates":[-4.847,41.634]},"properties":{"fecha":"2010-03-31","codigo_territorio":"47","nombre_territorio":"Valladolid","longitud":-4.847,"latitud":41.634,"total":11789,"indefinido":1226,"temporal":10563,"provincia":"VA"}},{"type":"Feature","geometry":{"type":"Point","coordinates":[-4.946,40.571]},"properties":{"fecha":"2010-03-31","codigo_territorio":"05","nombre_territorio":"\u00c1vila","longitud":-4.946,"latitud":40.571,"total":2333,"indefinido":284,"temporal":2049,"provincia":"AV"}},{"type":"Feature","geometry":{"type":"Point","coordinates":[-5.841,42.62]},"properties":{"fecha":"2010-03-31","codigo_territorio":"24","nombre_territorio":"Le\u00f3n","longitud":-5.841,"latitud":42.62,"total":8013,"indefinido":1134,"temporal":6879,"provincia":"LE"}},{"type":"Feature","geometry":{"type":"Point","coordinates":[-4.535,42.37]},"properties":{"fecha":"2010-03-31","codigo_territorio":"34","nombre_territorio":"Palencia","longitud":-4.535,"latitud":42.37,"total":3386,"indefinido":303,"temporal":3083,"provincia":"PA"}},{"type":"Feature","geometry":{"type":"Point","coordinates":[-5.979,41.727]},"properties":{"fecha":"2010-03-31","codigo_territorio":"49","nombre_territorio":"Zamora","longitud":-5.979,"latitud":41.727,"total":3075,"indefinido":551,"temporal":2524,"provincia":"ZA"}},{"type":"Feature","geometry":{"type":"Point","coordinates":[-4.397,41.835]},"properties":{"fecha":"2010-03-31","codigo_territorio":"07","nombre_territorio":"Castilla Le\u00f3n","longitud":-4.397,"latitud":41.835,"total":46931,"indefinido":5672,"temporal":41259,"provincia":"CYL"}},{"type":"Feature","geometry":{"type":"Point","coordinates":[-4.847,41.634]},"properties":{"fecha":"2010-02-28","codigo_territorio":"47","nombre_territorio":"Valladolid","longitud":-4.847,"latitud":41.634,"total":9524,"indefinido":927,"temporal":8597,"provincia":"VA"}},{"type":"Feature","geometry":{"type":"Point","coordinates":[-3.586,42.367]},"properties":{"fecha":"2010-02-28","codigo_territorio":"09","nombre_territorio":"Burgos","longitud":-3.586,"latitud":42.367,"total":6531,"indefinido":862,"temporal":5669,"provincia":"BU"}},{"type":"Feature","geometry":{"type":"Point","coordinates":[-4.535,42.37]},"properties":{"fecha":"2010-02-28","codigo_territorio":"34","nombre_territorio":"Palencia","longitud":-4.535,"latitud":42.37,"total":2815,"indefinido":291,"temporal":2524,"provincia":"PA"}},{"type":"Feature","geometry":{"type":"Point","coordinates":[-5.979,41.727]},"properties":{"fecha":"2010-02-28","codigo_territorio":"49","nombre_territorio":"Zamora","longitud":-5.979,"latitud":41.727,"total":2754,"indefinido":299,"temporal":2455,"provincia":"ZA"}},{"type":"Feature","geometry":{"type":"Point","coordinates":[-4.946,40.571]},"properties":{"fecha":"2010-02-28","codigo_territorio":"05","nombre_territorio":"\u00c1vila","longitud":-4.946,"latitud":40.571,"total":2118,"indefinido":247,"temporal":1871,"provincia":"AV"}},{"type":"Feature","geometry":{"type":"Point","coordinates":[-5.841,42.62]},"properties":{"fecha":"2010-02-28","codigo_territorio":"24","nombre_territorio":"Le\u00f3n","longitud":-5.841,"latitud":42.62,"total":6797,"indefinido":898,"temporal":5899,"provincia":"LE"}},{"type":"Feature","geometry":{"type":"Point","coordinates":[-6.066,40.805]},"properties":{"fecha":"2010-02-28","codigo_territorio":"37","nombre_territorio":"Salamanca","longitud":-6.066,"latitud":40.805,"total":5092,"indefinido":686,"temporal":4406,"provincia":"SA"}},{"type":"Feature","geometry":{"type":"Point","coordinates":[-4.055,41.171]},"properties":{"fecha":"2010-02-28","codigo_territorio":"40","nombre_territorio":"Segovia","longitud":-4.055,"latitud":41.171,"total":2933,"indefinido":319,"temporal":2614,"provincia":"SE"}},{"type":"Feature","geometry":{"type":"Point","coordinates":[-2.589,41.621]},"properties":{"fecha":"2010-02-28","codigo_territorio":"42","nombre_territorio":"Soria","longitud":-2.589,"latitud":41.621,"total":1647,"indefinido":192,"temporal":1455,"provincia":"SO"}},{"type":"Feature","geometry":{"type":"Point","coordinates":[-4.397,41.835]},"properties":{"fecha":"2010-02-28","codigo_territorio":"07","nombre_territorio":"Castilla Le\u00f3n","longitud":-4.397,"latitud":41.835,"total":40211,"indefinido":4721,"temporal":35490,"provincia":"CYL"}},{"type":"Feature","geometry":{"type":"Point","coordinates":[-4.535,42.37]},"properties":{"fecha":"2010-01-31","codigo_territorio":"34","nombre_territorio":"Palencia","longitud":-4.535,"latitud":42.37,"total":3145,"indefinido":256,"temporal":2889,"provincia":"PA"}},{"type":"Feature","geometry":{"type":"Point","coordinates":[-6.066,40.805]},"properties":{"fecha":"2010-01-31","codigo_territorio":"37","nombre_territorio":"Salamanca","longitud":-6.066,"latitud":40.805,"total":5159,"indefinido":685,"temporal":4474,"provincia":"SA"}},{"type":"Feature","geometry":{"type":"Point","coordinates":[-5.979,41.727]},"properties":{"fecha":"2010-01-31","codigo_territorio":"49","nombre_territorio":"Zamora","longitud":-5.979,"latitud":41.727,"total":2639,"indefinido":294,"temporal":2345,"provincia":"ZA"}},{"type":"Feature","geometry":{"type":"Point","coordinates":[-3.586,42.367]},"properties":{"fecha":"2010-01-31","codigo_territorio":"09","nombre_territorio":"Burgos","longitud":-3.586,"latitud":42.367,"total":6744,"indefinido":719,"temporal":6025,"provincia":"BU"}},{"type":"Feature","geometry":{"type":"Point","coordinates":[-4.055,41.171]},"properties":{"fecha":"2010-01-31","codigo_territorio":"40","nombre_territorio":"Segovia","longitud":-4.055,"latitud":41.171,"total":2372,"indefinido":259,"temporal":2113,"provincia":"SE"}},{"type":"Feature","geometry":{"type":"Point","coordinates":[-2.589,41.621]},"properties":{"fecha":"2010-01-31","codigo_territorio":"42","nombre_territorio":"Soria","longitud":-2.589,"latitud":41.621,"total":1595,"indefinido":166,"temporal":1429,"provincia":"SO"}},{"type":"Feature","geometry":{"type":"Point","coordinates":[-4.847,41.634]},"properties":{"fecha":"2010-01-31","codigo_territorio":"47","nombre_territorio":"Valladolid","longitud":-4.847,"latitud":41.634,"total":10409,"indefinido":893,"temporal":9516,"provincia":"VA"}},{"type":"Feature","geometry":{"type":"Point","coordinates":[-4.397,41.835]},"properties":{"fecha":"2010-01-31","codigo_territorio":"07","nombre_territorio":"Castilla Le\u00f3n","longitud":-4.397,"latitud":41.835,"total":40314,"indefinido":4297,"temporal":36017,"provincia":"CYL"}},{"type":"Feature","geometry":{"type":"Point","coordinates":[-4.946,40.571]},"properties":{"fecha":"2010-01-31","codigo_territorio":"05","nombre_territorio":"\u00c1vila","longitud":-4.946,"latitud":40.571,"total":1910,"indefinido":253,"temporal":1657,"provincia":"AV"}},{"type":"Feature","geometry":{"type":"Point","coordinates":[-5.841,42.62]},"properties":{"fecha":"2010-01-31","codigo_territorio":"24","nombre_territorio":"Le\u00f3n","longitud":-5.841,"latitud":42.62,"total":6341,"indefinido":772,"temporal":5569,"provincia":"LE"}},{"type":"Feature","geometry":{"type":"Point","coordinates":[-4.946,40.571]},"properties":{"fecha":"2009-12-31","codigo_territorio":"05","nombre_territorio":"\u00c1vila","longitud":-4.946,"latitud":40.571,"total":2451,"indefinido":206,"temporal":2245,"provincia":"AV"}},{"type":"Feature","geometry":{"type":"Point","coordinates":[-5.841,42.62]},"properties":{"fecha":"2009-12-31","codigo_territorio":"24","nombre_territorio":"Le\u00f3n","longitud":-5.841,"latitud":42.62,"total":6858,"indefinido":750,"temporal":6108,"provincia":"LE"}},{"type":"Feature","geometry":{"type":"Point","coordinates":[-6.066,40.805]},"properties":{"fecha":"2009-12-31","codigo_territorio":"37","nombre_territorio":"Salamanca","longitud":-6.066,"latitud":40.805,"total":5470,"indefinido":626,"temporal":4844,"provincia":"SA"}},{"type":"Feature","geometry":{"type":"Point","coordinates":[-4.847,41.634]},"properties":{"fecha":"2009-12-31","codigo_territorio":"47","nombre_territorio":"Valladolid","longitud":-4.847,"latitud":41.634,"total":11479,"indefinido":832,"temporal":10647,"provincia":"VA"}},{"type":"Feature","geometry":{"type":"Point","coordinates":[-5.979,41.727]},"properties":{"fecha":"2009-12-31","codigo_territorio":"49","nombre_territorio":"Zamora","longitud":-5.979,"latitud":41.727,"total":2886,"indefinido":262,"temporal":2624,"provincia":"ZA"}},{"type":"Feature","geometry":{"type":"Point","coordinates":[-4.397,41.835]},"properties":{"fecha":"2009-12-31","codigo_territorio":"07","nombre_territorio":"Castilla Le\u00f3n","longitud":-4.397,"latitud":41.835,"total":43571,"indefinido":3979,"temporal":39592,"provincia":"CYL"}},{"type":"Feature","geometry":{"type":"Point","coordinates":[-4.535,42.37]},"properties":{"fecha":"2009-12-31","codigo_territorio":"34","nombre_territorio":"Palencia","longitud":-4.535,"latitud":42.37,"total":3020,"indefinido":223,"temporal":2797,"provincia":"PA"}},{"type":"Feature","geometry":{"type":"Point","coordinates":[-4.055,41.171]},"properties":{"fecha":"2009-12-31","codigo_territorio":"40","nombre_territorio":"Segovia","longitud":-4.055,"latitud":41.171,"total":2609,"indefinido":236,"temporal":2373,"provincia":"SE"}},{"type":"Feature","geometry":{"type":"Point","coordinates":[-2.589,41.621]},"properties":{"fecha":"2009-12-31","codigo_territorio":"42","nombre_territorio":"Soria","longitud":-2.589,"latitud":41.621,"total":1479,"indefinido":160,"temporal":1319,"provincia":"SO"}},{"type":"Feature","geometry":{"type":"Point","coordinates":[-3.586,42.367]},"properties":{"fecha":"2009-12-31","codigo_territorio":"09","nombre_territorio":"Burgos","longitud":-3.586,"latitud":42.367,"total":7319,"indefinido":684,"temporal":6635,"provincia":"BU"}},{"type":"Feature","geometry":{"type":"Point","coordinates":[-3.586,42.367]},"properties":{"fecha":"2009-11-30","codigo_territorio":"09","nombre_territorio":"Burgos","longitud":-3.586,"latitud":42.367,"total":8515,"indefinido":759,"temporal":7756,"provincia":"BU"}},{"type":"Feature","geometry":{"type":"Point","coordinates":[-5.841,42.62]},"properties":{"fecha":"2009-11-30","codigo_territorio":"24","nombre_territorio":"Le\u00f3n","longitud":-5.841,"latitud":42.62,"total":8090,"indefinido":869,"temporal":7221,"provincia":"LE"}},{"type":"Feature","geometry":{"type":"Point","coordinates":[-6.066,40.805]},"properties":{"fecha":"2009-11-30","codigo_territorio":"37","nombre_territorio":"Salamanca","longitud":-6.066,"latitud":40.805,"total":5947,"indefinido":687,"temporal":5260,"provincia":"SA"}},{"type":"Feature","geometry":{"type":"Point","coordinates":[-4.055,41.171]},"properties":{"fecha":"2009-11-30","codigo_territorio":"40","nombre_territorio":"Segovia","longitud":-4.055,"latitud":41.171,"total":3730,"indefinido":335,"temporal":3395,"provincia":"SE"}},{"type":"Feature","geometry":{"type":"Point","coordinates":[-4.535,42.37]},"properties":{"fecha":"2009-11-30","codigo_territorio":"34","nombre_territorio":"Palencia","longitud":-4.535,"latitud":42.37,"total":3605,"indefinido":277,"temporal":3328,"provincia":"PA"}},{"type":"Feature","geometry":{"type":"Point","coordinates":[-2.589,41.621]},"properties":{"fecha":"2009-11-30","codigo_territorio":"42","nombre_territorio":"Soria","longitud":-2.589,"latitud":41.621,"total":1921,"indefinido":196,"temporal":1725,"provincia":"SO"}},{"type":"Feature","geometry":{"type":"Point","coordinates":[-4.847,41.634]},"properties":{"fecha":"2009-11-30","codigo_territorio":"47","nombre_territorio":"Valladolid","longitud":-4.847,"latitud":41.634,"total":13597,"indefinido":1055,"temporal":12542,"provincia":"VA"}},{"type":"Feature","geometry":{"type":"Point","coordinates":[-4.397,41.835]},"properties":{"fecha":"2009-11-30","codigo_territorio":"07","nombre_territorio":"Castilla Le\u00f3n","longitud":-4.397,"latitud":41.835,"total":52128,"indefinido":4788,"temporal":47340,"provincia":"CYL"}},{"type":"Feature","geometry":{"type":"Point","coordinates":[-4.946,40.571]},"properties":{"fecha":"2009-11-30","codigo_territorio":"05","nombre_territorio":"\u00c1vila","longitud":-4.946,"latitud":40.571,"total":3033,"indefinido":293,"temporal":2740,"provincia":"AV"}},{"type":"Feature","geometry":{"type":"Point","coordinates":[-5.979,41.727]},"properties":{"fecha":"2009-11-30","codigo_territorio":"49","nombre_territorio":"Zamora","longitud":-5.979,"latitud":41.727,"total":3690,"indefinido":317,"temporal":3373,"provincia":"ZA"}},{"type":"Feature","geometry":{"type":"Point","coordinates":[-4.535,42.37]},"properties":{"fecha":"2009-10-31","codigo_territorio":"34","nombre_territorio":"Palencia","longitud":-4.535,"latitud":42.37,"total":4348,"indefinido":301,"temporal":4047,"provincia":"PA"}},{"type":"Feature","geometry":{"type":"Point","coordinates":[-6.066,40.805]},"properties":{"fecha":"2009-10-31","codigo_territorio":"37","nombre_territorio":"Salamanca","longitud":-6.066,"latitud":40.805,"total":8258,"indefinido":946,"temporal":7312,"provincia":"SA"}},{"type":"Feature","geometry":{"type":"Point","coordinates":[-3.586,42.367]},"properties":{"fecha":"2009-10-31","codigo_territorio":"09","nombre_territorio":"Burgos","longitud":-3.586,"latitud":42.367,"total":12462,"indefinido":954,"temporal":11508,"provincia":"BU"}},{"type":"Feature","geometry":{"type":"Point","coordinates":[-5.841,42.62]},"properties":{"fecha":"2009-10-31","codigo_territorio":"24","nombre_territorio":"Le\u00f3n","longitud":-5.841,"latitud":42.62,"total":9170,"indefinido":989,"temporal":8181,"provincia":"LE"}},{"type":"Feature","geometry":{"type":"Point","coordinates":[-5.979,41.727]},"properties":{"fecha":"2009-10-31","codigo_territorio":"49","nombre_territorio":"Zamora","longitud":-5.979,"latitud":41.727,"total":5092,"indefinido":434,"temporal":4658,"provincia":"ZA"}},{"type":"Feature","geometry":{"type":"Point","coordinates":[-4.946,40.571]},"properties":{"fecha":"2009-10-31","codigo_territorio":"05","nombre_territorio":"\u00c1vila","longitud":-4.946,"latitud":40.571,"total":5116,"indefinido":271,"temporal":4845,"provincia":"AV"}},{"type":"Feature","geometry":{"type":"Point","coordinates":[-4.055,41.171]},"properties":{"fecha":"2009-10-31","codigo_territorio":"40","nombre_territorio":"Segovia","longitud":-4.055,"latitud":41.171,"total":6385,"indefinido":340,"temporal":6045,"provincia":"SE"}},{"type":"Feature","geometry":{"type":"Point","coordinates":[-2.589,41.621]},"properties":{"fecha":"2009-10-31","codigo_territorio":"42","nombre_territorio":"Soria","longitud":-2.589,"latitud":41.621,"total":2431,"indefinido":271,"temporal":2160,"provincia":"SO"}},{"type":"Feature","geometry":{"type":"Point","coordinates":[-4.847,41.634]},"properties":{"fecha":"2009-10-31","codigo_territorio":"47","nombre_territorio":"Valladolid","longitud":-4.847,"latitud":41.634,"total":17164,"indefinido":1254,"temporal":15910,"provincia":"VA"}},{"type":"Feature","geometry":{"type":"Point","coordinates":[-4.397,41.835]},"properties":{"fecha":"2009-10-31","codigo_territorio":"07","nombre_territorio":"Castilla Le\u00f3n","longitud":-4.397,"latitud":41.835,"total":70426,"indefinido":5760,"temporal":64666,"provincia":"CYL"}},{"type":"Feature","geometry":{"type":"Point","coordinates":[-5.841,42.62]},"properties":{"fecha":"2009-09-30","codigo_territorio":"24","nombre_territorio":"Le\u00f3n","longitud":-5.841,"latitud":42.62,"total":10567,"indefinido":995,"temporal":9572,"provincia":"LE"}},{"type":"Feature","geometry":{"type":"Point","coordinates":[-6.066,40.805]},"properties":{"fecha":"2009-09-30","codigo_territorio":"37","nombre_territorio":"Salamanca","longitud":-6.066,"latitud":40.805,"total":9338,"indefinido":873,"temporal":8465,"provincia":"SA"}},{"type":"Feature","geometry":{"type":"Point","coordinates":[-4.847,41.634]},"properties":{"fecha":"2009-09-30","codigo_territorio":"47","nombre_territorio":"Valladolid","longitud":-4.847,"latitud":41.634,"total":17799,"indefinido":1250,"temporal":16549,"provincia":"VA"}},{"type":"Feature","geometry":{"type":"Point","coordinates":[-5.979,41.727]},"properties":{"fecha":"2009-09-30","codigo_territorio":"49","nombre_territorio":"Zamora","longitud":-5.979,"latitud":41.727,"total":5181,"indefinido":312,"temporal":4869,"provincia":"ZA"}},{"type":"Feature","geometry":{"type":"Point","coordinates":[-3.586,42.367]},"properties":{"fecha":"2009-09-30","codigo_territorio":"09","nombre_territorio":"Burgos","longitud":-3.586,"latitud":42.367,"total":9703,"indefinido":999,"temporal":8704,"provincia":"BU"}},{"type":"Feature","geometry":{"type":"Point","coordinates":[-4.535,42.37]},"properties":{"fecha":"2009-09-30","codigo_territorio":"34","nombre_territorio":"Palencia","longitud":-4.535,"latitud":42.37,"total":4687,"indefinido":317,"temporal":4370,"provincia":"PA"}},{"type":"Feature","geometry":{"type":"Point","coordinates":[-4.397,41.835]},"properties":{"fecha":"2009-09-30","codigo_territorio":"07","nombre_territorio":"Castilla Le\u00f3n","longitud":-4.397,"latitud":41.835,"total":67579,"indefinido":5581,"temporal":61998,"provincia":"CYL"}},{"type":"Feature","geometry":{"type":"Point","coordinates":[-4.946,40.571]},"properties":{"fecha":"2009-09-30","codigo_territorio":"05","nombre_territorio":"\u00c1vila","longitud":-4.946,"latitud":40.571,"total":3752,"indefinido":261,"temporal":3491,"provincia":"AV"}},{"type":"Feature","geometry":{"type":"Point","coordinates":[-4.055,41.171]},"properties":{"fecha":"2009-09-30","codigo_territorio":"40","nombre_territorio":"Segovia","longitud":-4.055,"latitud":41.171,"total":4136,"indefinido":330,"temporal":3806,"provincia":"SE"}},{"type":"Feature","geometry":{"type":"Point","coordinates":[-2.589,41.621]},"properties":{"fecha":"2009-09-30","codigo_territorio":"42","nombre_territorio":"Soria","longitud":-2.589,"latitud":41.621,"total":2416,"indefinido":244,"temporal":2172,"provincia":"SO"}},{"type":"Feature","geometry":{"type":"Point","coordinates":[-4.946,40.571]},"properties":{"fecha":"2009-08-31","codigo_territorio":"05","nombre_territorio":"\u00c1vila","longitud":-4.946,"latitud":40.571,"total":2958,"indefinido":205,"temporal":2753,"provincia":"AV"}},{"type":"Feature","geometry":{"type":"Point","coordinates":[-5.841,42.62]},"properties":{"fecha":"2009-08-31","codigo_territorio":"24","nombre_territorio":"Le\u00f3n","longitud":-5.841,"latitud":42.62,"total":8610,"indefinido":728,"temporal":7882,"provincia":"LE"}},{"type":"Feature","geometry":{"type":"Point","coordinates":[-4.535,42.37]},"properties":{"fecha":"2009-08-31","codigo_territorio":"34","nombre_territorio":"Palencia","longitud":-4.535,"latitud":42.37,"total":4103,"indefinido":161,"temporal":3942,"provincia":"PA"}},{"type":"Feature","geometry":{"type":"Point","coordinates":[-6.066,40.805]},"properties":{"fecha":"2009-08-31","codigo_territorio":"37","nombre_territorio":"Salamanca","longitud":-6.066,"latitud":40.805,"total":7498,"indefinido":488,"temporal":7010,"provincia":"SA"}},{"type":"Feature","geometry":{"type":"Point","coordinates":[-4.055,41.171]},"properties":{"fecha":"2009-08-31","codigo_territorio":"40","nombre_territorio":"Segovia","longitud":-4.055,"latitud":41.171,"total":3410,"indefinido":236,"temporal":3174,"provincia":"SE"}},{"type":"Feature","geometry":{"type":"Point","coordinates":[-5.979,41.727]},"properties":{"fecha":"2009-08-31","codigo_territorio":"49","nombre_territorio":"Zamora","longitud":-5.979,"latitud":41.727,"total":4015,"indefinido":230,"temporal":3785,"provincia":"ZA"}},{"type":"Feature","geometry":{"type":"Point","coordinates":[-3.586,42.367]},"properties":{"fecha":"2009-08-31","codigo_territorio":"09","nombre_territorio":"Burgos","longitud":-3.586,"latitud":42.367,"total":7960,"indefinido":520,"temporal":7440,"provincia":"BU"}},{"type":"Feature","geometry":{"type":"Point","coordinates":[-2.589,41.621]},"properties":{"fecha":"2009-08-31","codigo_territorio":"42","nombre_territorio":"Soria","longitud":-2.589,"latitud":41.621,"total":1997,"indefinido":125,"temporal":1872,"provincia":"SO"}},{"type":"Feature","geometry":{"type":"Point","coordinates":[-4.847,41.634]},"properties":{"fecha":"2009-08-31","codigo_territorio":"47","nombre_territorio":"Valladolid","longitud":-4.847,"latitud":41.634,"total":11451,"indefinido":705,"temporal":10746,"provincia":"VA"}},{"type":"Feature","geometry":{"type":"Point","coordinates":[-4.397,41.835]},"properties":{"fecha":"2009-08-31","codigo_territorio":"07","nombre_territorio":"Castilla Le\u00f3n","longitud":-4.397,"latitud":41.835,"total":52002,"indefinido":3398,"temporal":48604,"provincia":"CYL"}},{"type":"Feature","geometry":{"type":"Point","coordinates":[-5.841,42.62]},"properties":{"fecha":"2009-07-31","codigo_territorio":"24","nombre_territorio":"Le\u00f3n","longitud":-5.841,"latitud":42.62,"total":11290,"indefinido":913,"temporal":10377,"provincia":"LE"}},{"type":"Feature","geometry":{"type":"Point","coordinates":[-4.055,41.171]},"properties":{"fecha":"2009-07-31","codigo_territorio":"40","nombre_territorio":"Segovia","longitud":-4.055,"latitud":41.171,"total":4935,"indefinido":399,"temporal":4536,"provincia":"SE"}},{"type":"Feature","geometry":{"type":"Point","coordinates":[-2.589,41.621]},"properties":{"fecha":"2009-07-31","codigo_territorio":"42","nombre_territorio":"Soria","longitud":-2.589,"latitud":41.621,"total":3252,"indefinido":229,"temporal":3023,"provincia":"SO"}},{"type":"Feature","geometry":{"type":"Point","coordinates":[-3.586,42.367]},"properties":{"fecha":"2009-07-31","codigo_territorio":"09","nombre_territorio":"Burgos","longitud":-3.586,"latitud":42.367,"total":11434,"indefinido":754,"temporal":10680,"provincia":"BU"}},{"type":"Feature","geometry":{"type":"Point","coordinates":[-4.535,42.37]},"properties":{"fecha":"2009-07-31","codigo_territorio":"34","nombre_territorio":"Palencia","longitud":-4.535,"latitud":42.37,"total":5604,"indefinido":302,"temporal":5302,"provincia":"PA"}},{"type":"Feature","geometry":{"type":"Point","coordinates":[-5.979,41.727]},"properties":{"fecha":"2009-07-31","codigo_territorio":"49","nombre_territorio":"Zamora","longitud":-5.979,"latitud":41.727,"total":5564,"indefinido":396,"temporal":5168,"provincia":"ZA"}},{"type":"Feature","geometry":{"type":"Point","coordinates":[-4.946,40.571]},"properties":{"fecha":"2009-07-31","codigo_territorio":"05","nombre_territorio":"\u00c1vila","longitud":-4.946,"latitud":40.571,"total":4514,"indefinido":384,"temporal":4130,"provincia":"AV"}},{"type":"Feature","geometry":{"type":"Point","coordinates":[-6.066,40.805]},"properties":{"fecha":"2009-07-31","codigo_territorio":"37","nombre_territorio":"Salamanca","longitud":-6.066,"latitud":40.805,"total":9531,"indefinido":668,"temporal":8863,"provincia":"SA"}},{"type":"Feature","geometry":{"type":"Point","coordinates":[-4.847,41.634]},"properties":{"fecha":"2009-07-31","codigo_territorio":"47","nombre_territorio":"Valladolid","longitud":-4.847,"latitud":41.634,"total":16425,"indefinido":1236,"temporal":15189,"provincia":"VA"}},{"type":"Feature","geometry":{"type":"Point","coordinates":[-4.397,41.835]},"properties":{"fecha":"2009-07-31","codigo_territorio":"07","nombre_territorio":"Castilla Le\u00f3n","longitud":-4.397,"latitud":41.835,"total":72549,"indefinido":5281,"temporal":67268,"provincia":"CYL"}},{"type":"Feature","geometry":{"type":"Point","coordinates":[-3.586,42.367]},"properties":{"fecha":"2009-06-30","codigo_territorio":"09","nombre_territorio":"Burgos","longitud":-3.586,"latitud":42.367,"total":9439,"indefinido":703,"temporal":8736,"provincia":"BU"}},{"type":"Feature","geometry":{"type":"Point","coordinates":[-4.946,40.571]},"properties":{"fecha":"2009-06-30","codigo_territorio":"05","nombre_territorio":"\u00c1vila","longitud":-4.946,"latitud":40.571,"total":3432,"indefinido":273,"temporal":3159,"provincia":"AV"}},{"type":"Feature","geometry":{"type":"Point","coordinates":[-4.535,42.37]},"properties":{"fecha":"2009-06-30","codigo_territorio":"34","nombre_territorio":"Palencia","longitud":-4.535,"latitud":42.37,"total":4930,"indefinido":270,"temporal":4660,"provincia":"PA"}},{"type":"Feature","geometry":{"type":"Point","coordinates":[-6.066,40.805]},"properties":{"fecha":"2009-06-30","codigo_territorio":"37","nombre_territorio":"Salamanca","longitud":-6.066,"latitud":40.805,"total":8779,"indefinido":694,"temporal":8085,"provincia":"SA"}},{"type":"Feature","geometry":{"type":"Point","coordinates":[-2.589,41.621]},"properties":{"fecha":"2009-06-30","codigo_territorio":"42","nombre_territorio":"Soria","longitud":-2.589,"latitud":41.621,"total":2521,"indefinido":186,"temporal":2335,"provincia":"SO"}},{"type":"Feature","geometry":{"type":"Point","coordinates":[-4.847,41.634]},"properties":{"fecha":"2009-06-30","codigo_territorio":"47","nombre_territorio":"Valladolid","longitud":-4.847,"latitud":41.634,"total":15592,"indefinido":1181,"temporal":14411,"provincia":"VA"}},{"type":"Feature","geometry":{"type":"Point","coordinates":[-5.979,41.727]},"properties":{"fecha":"2009-06-30","codigo_territorio":"49","nombre_territorio":"Zamora","longitud":-5.979,"latitud":41.727,"total":4034,"indefinido":330,"temporal":3704,"provincia":"ZA"}},{"type":"Feature","geometry":{"type":"Point","coordinates":[-4.397,41.835]},"properties":{"fecha":"2009-06-30","codigo_territorio":"07","nombre_territorio":"Castilla Le\u00f3n","longitud":-4.397,"latitud":41.835,"total":62215,"indefinido":4979,"temporal":57236,"provincia":"CYL"}},{"type":"Feature","geometry":{"type":"Point","coordinates":[-5.841,42.62]},"properties":{"fecha":"2009-06-30","codigo_territorio":"24","nombre_territorio":"Le\u00f3n","longitud":-5.841,"latitud":42.62,"total":9681,"indefinido":998,"temporal":8683,"provincia":"LE"}},{"type":"Feature","geometry":{"type":"Point","coordinates":[-4.055,41.171]},"properties":{"fecha":"2009-06-30","codigo_territorio":"40","nombre_territorio":"Segovia","longitud":-4.055,"latitud":41.171,"total":3807,"indefinido":344,"temporal":3463,"provincia":"SE"}},{"type":"Feature","geometry":{"type":"Point","coordinates":[-4.946,40.571]},"properties":{"fecha":"2009-05-31","codigo_territorio":"05","nombre_territorio":"\u00c1vila","longitud":-4.946,"latitud":40.571,"total":2518,"indefinido":261,"temporal":2257,"provincia":"AV"}},{"type":"Feature","geometry":{"type":"Point","coordinates":[-6.066,40.805]},"properties":{"fecha":"2009-05-31","codigo_territorio":"37","nombre_territorio":"Salamanca","longitud":-6.066,"latitud":40.805,"total":6792,"indefinido":676,"temporal":6116,"provincia":"SA"}},{"type":"Feature","geometry":{"type":"Point","coordinates":[-4.055,41.171]},"properties":{"fecha":"2009-05-31","codigo_territorio":"40","nombre_territorio":"Segovia","longitud":-4.055,"latitud":41.171,"total":3207,"indefinido":390,"temporal":2817,"provincia":"SE"}},{"type":"Feature","geometry":{"type":"Point","coordinates":[-5.979,41.727]},"properties":{"fecha":"2009-05-31","codigo_territorio":"49","nombre_territorio":"Zamora","longitud":-5.979,"latitud":41.727,"total":3503,"indefinido":387,"temporal":3116,"provincia":"ZA"}},{"type":"Feature","geometry":{"type":"Point","coordinates":[-4.397,41.835]},"properties":{"fecha":"2009-05-31","codigo_territorio":"07","nombre_territorio":"Castilla Le\u00f3n","longitud":-4.397,"latitud":41.835,"total":49579,"indefinido":5076,"temporal":44503,"provincia":"CYL"}},{"type":"Feature","geometry":{"type":"Point","coordinates":[-3.586,42.367]},"properties":{"fecha":"2009-05-31","codigo_territorio":"09","nombre_territorio":"Burgos","longitud":-3.586,"latitud":42.367,"total":7465,"indefinido":789,"temporal":6676,"provincia":"BU"}},{"type":"Feature","geometry":{"type":"Point","coordinates":[-4.847,41.634]},"properties":{"fecha":"2009-05-31","codigo_territorio":"47","nombre_territorio":"Valladolid","longitud":-4.847,"latitud":41.634,"total":12432,"indefinido":1167,"temporal":11265,"provincia":"VA"}},{"type":"Feature","geometry":{"type":"Point","coordinates":[-5.841,42.62]},"properties":{"fecha":"2009-05-31","codigo_territorio":"24","nombre_territorio":"Le\u00f3n","longitud":-5.841,"latitud":42.62,"total":8305,"indefinido":875,"temporal":7430,"provincia":"LE"}},{"type":"Feature","geometry":{"type":"Point","coordinates":[-4.535,42.37]},"properties":{"fecha":"2009-05-31","codigo_territorio":"34","nombre_territorio":"Palencia","longitud":-4.535,"latitud":42.37,"total":3525,"indefinido":280,"temporal":3245,"provincia":"PA"}},{"type":"Feature","geometry":{"type":"Point","coordinates":[-2.589,41.621]},"properties":{"fecha":"2009-05-31","codigo_territorio":"42","nombre_territorio":"Soria","longitud":-2.589,"latitud":41.621,"total":1832,"indefinido":251,"temporal":1581,"provincia":"SO"}},{"type":"Feature","geometry":{"type":"Point","coordinates":[-3.586,42.367]},"properties":{"fecha":"2009-04-30","codigo_territorio":"09","nombre_territorio":"Burgos","longitud":-3.586,"latitud":42.367,"total":6500,"indefinido":746,"temporal":5754,"provincia":"BU"}},{"type":"Feature","geometry":{"type":"Point","coordinates":[-5.841,42.62]},"properties":{"fecha":"2009-04-30","codigo_territorio":"24","nombre_territorio":"Le\u00f3n","longitud":-5.841,"latitud":42.62,"total":7126,"indefinido":969,"temporal":6157,"provincia":"LE"}},{"type":"Feature","geometry":{"type":"Point","coordinates":[-2.589,41.621]},"properties":{"fecha":"2009-04-30","codigo_territorio":"42","nombre_territorio":"Soria","longitud":-2.589,"latitud":41.621,"total":1701,"indefinido":234,"temporal":1467,"provincia":"SO"}},{"type":"Feature","geometry":{"type":"Point","coordinates":[-4.946,40.571]},"properties":{"fecha":"2009-04-30","codigo_territorio":"05","nombre_territorio":"\u00c1vila","longitud":-4.946,"latitud":40.571,"total":2231,"indefinido":249,"temporal":1982,"provincia":"AV"}},{"type":"Feature","geometry":{"type":"Point","coordinates":[-6.066,40.805]},"properties":{"fecha":"2009-04-30","codigo_territorio":"37","nombre_territorio":"Salamanca","longitud":-6.066,"latitud":40.805,"total":5968,"indefinido":778,"temporal":5190,"provincia":"SA"}},{"type":"Feature","geometry":{"type":"Point","coordinates":[-4.535,42.37]},"properties":{"fecha":"2009-04-30","codigo_territorio":"34","nombre_territorio":"Palencia","longitud":-4.535,"latitud":42.37,"total":3676,"indefinido":301,"temporal":3375,"provincia":"PA"}},{"type":"Feature","geometry":{"type":"Point","coordinates":[-4.055,41.171]},"properties":{"fecha":"2009-04-30","codigo_territorio":"40","nombre_territorio":"Segovia","longitud":-4.055,"latitud":41.171,"total":2997,"indefinido":355,"temporal":2642,"provincia":"SE"}},{"type":"Feature","geometry":{"type":"Point","coordinates":[-4.847,41.634]},"properties":{"fecha":"2009-04-30","codigo_territorio":"47","nombre_territorio":"Valladolid","longitud":-4.847,"latitud":41.634,"total":11007,"indefinido":1082,"temporal":9925,"provincia":"VA"}},{"type":"Feature","geometry":{"type":"Point","coordinates":[-5.979,41.727]},"properties":{"fecha":"2009-04-30","codigo_territorio":"49","nombre_territorio":"Zamora","longitud":-5.979,"latitud":41.727,"total":2903,"indefinido":370,"temporal":2533,"provincia":"ZA"}},{"type":"Feature","geometry":{"type":"Point","coordinates":[-4.397,41.835]},"properties":{"fecha":"2009-04-30","codigo_territorio":"07","nombre_territorio":"Castilla Le\u00f3n","longitud":-4.397,"latitud":41.835,"total":44109,"indefinido":5084,"temporal":39025,"provincia":"CYL"}},{"type":"Feature","geometry":{"type":"Point","coordinates":[-5.841,42.62]},"properties":{"fecha":"2009-03-31","codigo_territorio":"24","nombre_territorio":"Le\u00f3n","longitud":-5.841,"latitud":42.62,"total":6986,"indefinido":1085,"temporal":5901,"provincia":"LE"}},{"type":"Feature","geometry":{"type":"Point","coordinates":[-6.066,40.805]},"properties":{"fecha":"2009-03-31","codigo_territorio":"37","nombre_territorio":"Salamanca","longitud":-6.066,"latitud":40.805,"total":5880,"indefinido":796,"temporal":5084,"provincia":"SA"}},{"type":"Feature","geometry":{"type":"Point","coordinates":[-4.847,41.634]},"properties":{"fecha":"2009-03-31","codigo_territorio":"47","nombre_territorio":"Valladolid","longitud":-4.847,"latitud":41.634,"total":11737,"indefinido":1294,"temporal":10443,"provincia":"VA"}},{"type":"Feature","geometry":{"type":"Point","coordinates":[-4.397,41.835]},"properties":{"fecha":"2009-03-31","codigo_territorio":"07","nombre_territorio":"Castilla Le\u00f3n","longitud":-4.397,"latitud":41.835,"total":43836,"indefinido":5535,"temporal":38301,"provincia":"CYL"}},{"type":"Feature","geometry":{"type":"Point","coordinates":[-3.586,42.367]},"properties":{"fecha":"2009-03-31","codigo_territorio":"09","nombre_territorio":"Burgos","longitud":-3.586,"latitud":42.367,"total":6650,"indefinido":811,"temporal":5839,"provincia":"BU"}},{"type":"Feature","geometry":{"type":"Point","coordinates":[-4.535,42.37]},"properties":{"fecha":"2009-03-31","codigo_territorio":"34","nombre_territorio":"Palencia","longitud":-4.535,"latitud":42.37,"total":3028,"indefinido":298,"temporal":2730,"provincia":"PA"}},{"type":"Feature","geometry":{"type":"Point","coordinates":[-2.589,41.621]},"properties":{"fecha":"2009-03-31","codigo_territorio":"42","nombre_territorio":"Soria","longitud":-2.589,"latitud":41.621,"total":1655,"indefinido":195,"temporal":1460,"provincia":"SO"}},{"type":"Feature","geometry":{"type":"Point","coordinates":[-4.946,40.571]},"properties":{"fecha":"2009-03-31","codigo_territorio":"05","nombre_territorio":"\u00c1vila","longitud":-4.946,"latitud":40.571,"total":2090,"indefinido":253,"temporal":1837,"provincia":"AV"}},{"type":"Feature","geometry":{"type":"Point","coordinates":[-4.055,41.171]},"properties":{"fecha":"2009-03-31","codigo_territorio":"40","nombre_territorio":"Segovia","longitud":-4.055,"latitud":41.171,"total":2913,"indefinido":352,"temporal":2561,"provincia":"SE"}},{"type":"Feature","geometry":{"type":"Point","coordinates":[-5.979,41.727]},"properties":{"fecha":"2009-03-31","codigo_territorio":"49","nombre_territorio":"Zamora","longitud":-5.979,"latitud":41.727,"total":2897,"indefinido":451,"temporal":2446,"provincia":"ZA"}},{"type":"Feature","geometry":{"type":"Point","coordinates":[-4.946,40.571]},"properties":{"fecha":"2009-02-28","codigo_territorio":"05","nombre_territorio":"\u00c1vila","longitud":-4.946,"latitud":40.571,"total":1991,"indefinido":274,"temporal":1717,"provincia":"AV"}},{"type":"Feature","geometry":{"type":"Point","coordinates":[-4.055,41.171]},"properties":{"fecha":"2009-02-28","codigo_territorio":"40","nombre_territorio":"Segovia","longitud":-4.055,"latitud":41.171,"total":2562,"indefinido":322,"temporal":2240,"provincia":"SE"}},{"type":"Feature","geometry":{"type":"Point","coordinates":[-2.589,41.621]},"properties":{"fecha":"2009-02-28","codigo_territorio":"42","nombre_territorio":"Soria","longitud":-2.589,"latitud":41.621,"total":1485,"indefinido":172,"temporal":1313,"provincia":"SO"}},{"type":"Feature","geometry":{"type":"Point","coordinates":[-4.397,41.835]},"properties":{"fecha":"2009-02-28","codigo_territorio":"07","nombre_territorio":"Castilla Le\u00f3n","longitud":-4.397,"latitud":41.835,"total":40463,"indefinido":4800,"temporal":35663,"provincia":"CYL"}},{"type":"Feature","geometry":{"type":"Point","coordinates":[-5.841,42.62]},"properties":{"fecha":"2009-02-28","codigo_territorio":"24","nombre_territorio":"Le\u00f3n","longitud":-5.841,"latitud":42.62,"total":6394,"indefinido":909,"temporal":5485,"provincia":"LE"}},{"type":"Feature","geometry":{"type":"Point","coordinates":[-6.066,40.805]},"properties":{"fecha":"2009-02-28","codigo_territorio":"37","nombre_territorio":"Salamanca","longitud":-6.066,"latitud":40.805,"total":5713,"indefinido":658,"temporal":5055,"provincia":"SA"}},{"type":"Feature","geometry":{"type":"Point","coordinates":[-4.847,41.634]},"properties":{"fecha":"2009-02-28","codigo_territorio":"47","nombre_territorio":"Valladolid","longitud":-4.847,"latitud":41.634,"total":10535,"indefinido":1057,"temporal":9478,"provincia":"VA"}},{"type":"Feature","geometry":{"type":"Point","coordinates":[-5.979,41.727]},"properties":{"fecha":"2009-02-28","codigo_territorio":"49","nombre_territorio":"Zamora","longitud":-5.979,"latitud":41.727,"total":2894,"indefinido":331,"temporal":2563,"provincia":"ZA"}},{"type":"Feature","geometry":{"type":"Point","coordinates":[-3.586,42.367]},"properties":{"fecha":"2009-02-28","codigo_territorio":"09","nombre_territorio":"Burgos","longitud":-3.586,"latitud":42.367,"total":6192,"indefinido":767,"temporal":5425,"provincia":"BU"}},{"type":"Feature","geometry":{"type":"Point","coordinates":[-4.535,42.37]},"properties":{"fecha":"2009-02-28","codigo_territorio":"34","nombre_territorio":"Palencia","longitud":-4.535,"latitud":42.37,"total":2697,"indefinido":310,"temporal":2387,"provincia":"PA"}},{"type":"Feature","geometry":{"type":"Point","coordinates":[-4.397,41.835]},"properties":{"fecha":"2009-01-31","codigo_territorio":"07","nombre_territorio":"Castilla Le\u00f3n","longitud":-4.397,"latitud":41.835,"total":46625,"indefinido":5690,"temporal":40935,"provincia":"CYL"}},{"type":"Feature","geometry":{"type":"Point","coordinates":[-4.535,42.37]},"properties":{"fecha":"2009-01-31","codigo_territorio":"34","nombre_territorio":"Palencia","longitud":-4.535,"latitud":42.37,"total":3604,"indefinido":326,"temporal":3278,"provincia":"PA"}},{"type":"Feature","geometry":{"type":"Point","coordinates":[-6.066,40.805]},"properties":{"fecha":"2009-01-31","codigo_territorio":"37","nombre_territorio":"Salamanca","longitud":-6.066,"latitud":40.805,"total":7816,"indefinido":1042,"temporal":6774,"provincia":"SA"}},{"type":"Feature","geometry":{"type":"Point","coordinates":[-4.055,41.171]},"properties":{"fecha":"2009-01-31","codigo_territorio":"40","nombre_territorio":"Segovia","longitud":-4.055,"latitud":41.171,"total":2675,"indefinido":341,"temporal":2334,"provincia":"SE"}},{"type":"Feature","geometry":{"type":"Point","coordinates":[-2.589,41.621]},"properties":{"fecha":"2009-01-31","codigo_territorio":"42","nombre_territorio":"Soria","longitud":-2.589,"latitud":41.621,"total":1576,"indefinido":225,"temporal":1351,"provincia":"SO"}},{"type":"Feature","geometry":{"type":"Point","coordinates":[-4.847,41.634]},"properties":{"fecha":"2009-01-31","codigo_territorio":"47","nombre_territorio":"Valladolid","longitud":-4.847,"latitud":41.634,"total":11389,"indefinido":1110,"temporal":10279,"provincia":"VA"}},{"type":"Feature","geometry":{"type":"Point","coordinates":[-4.946,40.571]},"properties":{"fecha":"2009-01-31","codigo_territorio":"05","nombre_territorio":"\u00c1vila","longitud":-4.946,"latitud":40.571,"total":2153,"indefinido":275,"temporal":1878,"provincia":"AV"}},{"type":"Feature","geometry":{"type":"Point","coordinates":[-3.586,42.367]},"properties":{"fecha":"2009-01-31","codigo_territorio":"09","nombre_territorio":"Burgos","longitud":-3.586,"latitud":42.367,"total":6808,"indefinido":890,"temporal":5918,"provincia":"BU"}},{"type":"Feature","geometry":{"type":"Point","coordinates":[-5.841,42.62]},"properties":{"fecha":"2009-01-31","codigo_territorio":"24","nombre_territorio":"Le\u00f3n","longitud":-5.841,"latitud":42.62,"total":7465,"indefinido":1146,"temporal":6319,"provincia":"LE"}},{"type":"Feature","geometry":{"type":"Point","coordinates":[-5.979,41.727]},"properties":{"fecha":"2009-01-31","codigo_territorio":"49","nombre_territorio":"Zamora","longitud":-5.979,"latitud":41.727,"total":3139,"indefinido":335,"temporal":2804,"provincia":"ZA"}},{"type":"Feature","geometry":{"type":"Point","coordinates":[-3.586,42.367]},"properties":{"fecha":"2008-12-31","codigo_territorio":"09","nombre_territorio":"Burgos","longitud":-3.586,"latitud":42.367,"total":6821,"indefinido":725,"temporal":6096,"provincia":"BU"}},{"type":"Feature","geometry":{"type":"Point","coordinates":[-6.066,40.805]},"properties":{"fecha":"2008-12-31","codigo_territorio":"37","nombre_territorio":"Salamanca","longitud":-6.066,"latitud":40.805,"total":6077,"indefinido":778,"temporal":5299,"provincia":"SA"}},{"type":"Feature","geometry":{"type":"Point","coordinates":[-2.589,41.621]},"properties":{"fecha":"2008-12-31","codigo_territorio":"42","nombre_territorio":"Soria","longitud":-2.589,"latitud":41.621,"total":1233,"indefinido":186,"temporal":1047,"provincia":"SO"}},{"type":"Feature","geometry":{"type":"Point","coordinates":[-5.979,41.727]},"properties":{"fecha":"2008-12-31","codigo_territorio":"49","nombre_territorio":"Zamora","longitud":-5.979,"latitud":41.727,"total":2587,"indefinido":267,"temporal":2320,"provincia":"ZA"}},{"type":"Feature","geometry":{"type":"Point","coordinates":[-4.397,41.835]},"properties":{"fecha":"2008-12-31","codigo_territorio":"07","nombre_territorio":"Castilla Le\u00f3n","longitud":-4.397,"latitud":41.835,"total":42954,"indefinido":4646,"temporal":38308,"provincia":"CYL"}},{"type":"Feature","geometry":{"type":"Point","coordinates":[-4.946,40.571]},"properties":{"fecha":"2008-12-31","codigo_territorio":"05","nombre_territorio":"\u00c1vila","longitud":-4.946,"latitud":40.571,"total":2360,"indefinido":245,"temporal":2115,"provincia":"AV"}},{"type":"Feature","geometry":{"type":"Point","coordinates":[-4.535,42.37]},"properties":{"fecha":"2008-12-31","codigo_territorio":"34","nombre_territorio":"Palencia","longitud":-4.535,"latitud":42.37,"total":2875,"indefinido":338,"temporal":2537,"provincia":"PA"}},{"type":"Feature","geometry":{"type":"Point","coordinates":[-4.847,41.634]},"properties":{"fecha":"2008-12-31","codigo_territorio":"47","nombre_territorio":"Valladolid","longitud":-4.847,"latitud":41.634,"total":11436,"indefinido":985,"temporal":10451,"provincia":"VA"}},{"type":"Feature","geometry":{"type":"Point","coordinates":[-5.841,42.62]},"properties":{"fecha":"2008-12-31","codigo_territorio":"24","nombre_territorio":"Le\u00f3n","longitud":-5.841,"latitud":42.62,"total":6692,"indefinido":835,"temporal":5857,"provincia":"LE"}},{"type":"Feature","geometry":{"type":"Point","coordinates":[-4.055,41.171]},"properties":{"fecha":"2008-12-31","codigo_territorio":"40","nombre_territorio":"Segovia","longitud":-4.055,"latitud":41.171,"total":2873,"indefinido":287,"temporal":2586,"provincia":"SE"}},{"type":"Feature","geometry":{"type":"Point","coordinates":[-5.841,42.62]},"properties":{"fecha":"2008-11-30","codigo_territorio":"24","nombre_territorio":"Le\u00f3n","longitud":-5.841,"latitud":42.62,"total":7700,"indefinido":1013,"temporal":6687,"provincia":"LE"}},{"type":"Feature","geometry":{"type":"Point","coordinates":[-6.066,40.805]},"properties":{"fecha":"2008-11-30","codigo_territorio":"37","nombre_territorio":"Salamanca","longitud":-6.066,"latitud":40.805,"total":7175,"indefinido":917,"temporal":6258,"provincia":"SA"}},{"type":"Feature","geometry":{"type":"Point","coordinates":[-4.946,40.571]},"properties":{"fecha":"2008-11-30","codigo_territorio":"05","nombre_territorio":"\u00c1vila","longitud":-4.946,"latitud":40.571,"total":2831,"indefinido":324,"temporal":2507,"provincia":"AV"}},{"type":"Feature","geometry":{"type":"Point","coordinates":[-4.535,42.37]},"properties":{"fecha":"2008-11-30","codigo_territorio":"34","nombre_territorio":"Palencia","longitud":-4.535,"latitud":42.37,"total":3535,"indefinido":353,"temporal":3182,"provincia":"PA"}},{"type":"Feature","geometry":{"type":"Point","coordinates":[-2.589,41.621]},"properties":{"fecha":"2008-11-30","codigo_territorio":"42","nombre_territorio":"Soria","longitud":-2.589,"latitud":41.621,"total":1665,"indefinido":195,"temporal":1470,"provincia":"SO"}},{"type":"Feature","geometry":{"type":"Point","coordinates":[-4.847,41.634]},"properties":{"fecha":"2008-11-30","codigo_territorio":"47","nombre_territorio":"Valladolid","longitud":-4.847,"latitud":41.634,"total":13246,"indefinido":1220,"temporal":12026,"provincia":"VA"}},{"type":"Feature","geometry":{"type":"Point","coordinates":[-5.979,41.727]},"properties":{"fecha":"2008-11-30","codigo_territorio":"49","nombre_territorio":"Zamora","longitud":-5.979,"latitud":41.727,"total":3316,"indefinido":293,"temporal":3023,"provincia":"ZA"}},{"type":"Feature","geometry":{"type":"Point","coordinates":[-3.586,42.367]},"properties":{"fecha":"2008-11-30","codigo_territorio":"09","nombre_territorio":"Burgos","longitud":-3.586,"latitud":42.367,"total":7247,"indefinido":824,"temporal":6423,"provincia":"BU"}},{"type":"Feature","geometry":{"type":"Point","coordinates":[-4.055,41.171]},"properties":{"fecha":"2008-11-30","codigo_territorio":"40","nombre_territorio":"Segovia","longitud":-4.055,"latitud":41.171,"total":3555,"indefinido":415,"temporal":3140,"provincia":"SE"}},{"type":"Feature","geometry":{"type":"Point","coordinates":[-4.397,41.835]},"properties":{"fecha":"2008-11-30","codigo_territorio":"07","nombre_territorio":"Castilla Le\u00f3n","longitud":-4.397,"latitud":41.835,"total":50270,"indefinido":5554,"temporal":44716,"provincia":"CYL"}},{"type":"Feature","geometry":{"type":"Point","coordinates":[-4.055,41.171]},"properties":{"fecha":"2008-10-31","codigo_territorio":"40","nombre_territorio":"Segovia","longitud":-4.055,"latitud":41.171,"total":7305,"indefinido":594,"temporal":6711,"provincia":"SE"}},{"type":"Feature","geometry":{"type":"Point","coordinates":[-4.397,41.835]},"properties":{"fecha":"2008-10-31","codigo_territorio":"07","nombre_territorio":"Castilla Le\u00f3n","longitud":-4.397,"latitud":41.835,"total":78639,"indefinido":7902,"temporal":70737,"provincia":"CYL"}},{"type":"Feature","geometry":{"type":"Point","coordinates":[-4.946,40.571]},"properties":{"fecha":"2008-10-31","codigo_territorio":"05","nombre_territorio":"\u00c1vila","longitud":-4.946,"latitud":40.571,"total":4919,"indefinido":373,"temporal":4546,"provincia":"AV"}},{"type":"Feature","geometry":{"type":"Point","coordinates":[-3.586,42.367]},"properties":{"fecha":"2008-10-31","codigo_territorio":"09","nombre_territorio":"Burgos","longitud":-3.586,"latitud":42.367,"total":12768,"indefinido":1291,"temporal":11477,"provincia":"BU"}},{"type":"Feature","geometry":{"type":"Point","coordinates":[-5.841,42.62]},"properties":{"fecha":"2008-10-31","codigo_territorio":"24","nombre_territorio":"Le\u00f3n","longitud":-5.841,"latitud":42.62,"total":11131,"indefinido":1348,"temporal":9783,"provincia":"LE"}},{"type":"Feature","geometry":{"type":"Point","coordinates":[-4.535,42.37]},"properties":{"fecha":"2008-10-31","codigo_territorio":"34","nombre_territorio":"Palencia","longitud":-4.535,"latitud":42.37,"total":5084,"indefinido":467,"temporal":4617,"provincia":"PA"}},{"type":"Feature","geometry":{"type":"Point","coordinates":[-6.066,40.805]},"properties":{"fecha":"2008-10-31","codigo_territorio":"37","nombre_territorio":"Salamanca","longitud":-6.066,"latitud":40.805,"total":8228,"indefinido":1061,"temporal":7167,"provincia":"SA"}},{"type":"Feature","geometry":{"type":"Point","coordinates":[-2.589,41.621]},"properties":{"fecha":"2008-10-31","codigo_territorio":"42","nombre_territorio":"Soria","longitud":-2.589,"latitud":41.621,"total":2458,"indefinido":297,"temporal":2161,"provincia":"SO"}},{"type":"Feature","geometry":{"type":"Point","coordinates":[-5.979,41.727]},"properties":{"fecha":"2008-10-31","codigo_territorio":"49","nombre_territorio":"Zamora","longitud":-5.979,"latitud":41.727,"total":5534,"indefinido":483,"temporal":5051,"provincia":"ZA"}},{"type":"Feature","geometry":{"type":"Point","coordinates":[-4.847,41.634]},"properties":{"fecha":"2008-10-31","codigo_territorio":"47","nombre_territorio":"Valladolid","longitud":-4.847,"latitud":41.634,"total":21212,"indefinido":1988,"temporal":19224,"provincia":"VA"}},{"type":"Feature","geometry":{"type":"Point","coordinates":[-5.979,41.727]},"properties":{"fecha":"2008-09-30","codigo_territorio":"49","nombre_territorio":"Zamora","longitud":-5.979,"latitud":41.727,"total":4591,"indefinido":426,"temporal":4165,"provincia":"ZA"}},{"type":"Feature","geometry":{"type":"Point","coordinates":[-5.841,42.62]},"properties":{"fecha":"2008-09-30","codigo_territorio":"24","nombre_territorio":"Le\u00f3n","longitud":-5.841,"latitud":42.62,"total":10719,"indefinido":1301,"temporal":9418,"provincia":"LE"}},{"type":"Feature","geometry":{"type":"Point","coordinates":[-2.589,41.621]},"properties":{"fecha":"2008-09-30","codigo_territorio":"42","nombre_territorio":"Soria","longitud":-2.589,"latitud":41.621,"total":2808,"indefinido":335,"temporal":2473,"provincia":"SO"}},{"type":"Feature","geometry":{"type":"Point","coordinates":[-4.397,41.835]},"properties":{"fecha":"2008-09-30","codigo_territorio":"07","nombre_territorio":"Castilla Le\u00f3n","longitud":-4.397,"latitud":41.835,"total":69094,"indefinido":7594,"temporal":61500,"provincia":"CYL"}},{"type":"Feature","geometry":{"type":"Point","coordinates":[-4.946,40.571]},"properties":{"fecha":"2008-09-30","codigo_territorio":"05","nombre_territorio":"\u00c1vila","longitud":-4.946,"latitud":40.571,"total":3621,"indefinido":390,"temporal":3231,"provincia":"AV"}},{"type":"Feature","geometry":{"type":"Point","coordinates":[-3.586,42.367]},"properties":{"fecha":"2008-09-30","codigo_territorio":"09","nombre_territorio":"Burgos","longitud":-3.586,"latitud":42.367,"total":10170,"indefinido":1406,"temporal":8764,"provincia":"BU"}},{"type":"Feature","geometry":{"type":"Point","coordinates":[-4.535,42.37]},"properties":{"fecha":"2008-09-30","codigo_territorio":"34","nombre_territorio":"Palencia","longitud":-4.535,"latitud":42.37,"total":5359,"indefinido":448,"temporal":4911,"provincia":"PA"}},{"type":"Feature","geometry":{"type":"Point","coordinates":[-6.066,40.805]},"properties":{"fecha":"2008-09-30","codigo_territorio":"37","nombre_territorio":"Salamanca","longitud":-6.066,"latitud":40.805,"total":9590,"indefinido":1123,"temporal":8467,"provincia":"SA"}},{"type":"Feature","geometry":{"type":"Point","coordinates":[-4.055,41.171]},"properties":{"fecha":"2008-09-30","codigo_territorio":"40","nombre_territorio":"Segovia","longitud":-4.055,"latitud":41.171,"total":3979,"indefinido":499,"temporal":3480,"provincia":"SE"}},{"type":"Feature","geometry":{"type":"Point","coordinates":[-4.847,41.634]},"properties":{"fecha":"2008-09-30","codigo_territorio":"47","nombre_territorio":"Valladolid","longitud":-4.847,"latitud":41.634,"total":18257,"indefinido":1666,"temporal":16591,"provincia":"VA"}},{"type":"Feature","geometry":{"type":"Point","coordinates":[-4.946,40.571]},"properties":{"fecha":"2008-08-31","codigo_territorio":"05","nombre_territorio":"\u00c1vila","longitud":-4.946,"latitud":40.571,"total":3163,"indefinido":292,"temporal":2871,"provincia":"AV"}},{"type":"Feature","geometry":{"type":"Point","coordinates":[-6.066,40.805]},"properties":{"fecha":"2008-08-31","codigo_territorio":"37","nombre_territorio":"Salamanca","longitud":-6.066,"latitud":40.805,"total":7242,"indefinido":588,"temporal":6654,"provincia":"SA"}},{"type":"Feature","geometry":{"type":"Point","coordinates":[-4.055,41.171]},"properties":{"fecha":"2008-08-31","codigo_territorio":"40","nombre_territorio":"Segovia","longitud":-4.055,"latitud":41.171,"total":3524,"indefinido":386,"temporal":3138,"provincia":"SE"}},{"type":"Feature","geometry":{"type":"Point","coordinates":[-4.847,41.634]},"properties":{"fecha":"2008-08-31","codigo_territorio":"47","nombre_territorio":"Valladolid","longitud":-4.847,"latitud":41.634,"total":13080,"indefinido":1002,"temporal":12078,"provincia":"VA"}},{"type":"Feature","geometry":{"type":"Point","coordinates":[-4.397,41.835]},"properties":{"fecha":"2008-08-31","codigo_territorio":"07","nombre_territorio":"Castilla Le\u00f3n","longitud":-4.397,"latitud":41.835,"total":55138,"indefinido":4702,"temporal":50436,"provincia":"CYL"}},{"type":"Feature","geometry":{"type":"Point","coordinates":[-5.841,42.62]},"properties":{"fecha":"2008-08-31","codigo_territorio":"24","nombre_territorio":"Le\u00f3n","longitud":-5.841,"latitud":42.62,"total":9095,"indefinido":921,"temporal":8174,"provincia":"LE"}},{"type":"Feature","geometry":{"type":"Point","coordinates":[-4.535,42.37]},"properties":{"fecha":"2008-08-31","codigo_territorio":"34","nombre_territorio":"Palencia","longitud":-4.535,"latitud":42.37,"total":4292,"indefinido":263,"temporal":4029,"provincia":"PA"}},{"type":"Feature","geometry":{"type":"Point","coordinates":[-2.589,41.621]},"properties":{"fecha":"2008-08-31","codigo_territorio":"42","nombre_territorio":"Soria","longitud":-2.589,"latitud":41.621,"total":2499,"indefinido":194,"temporal":2305,"provincia":"SO"}},{"type":"Feature","geometry":{"type":"Point","coordinates":[-3.586,42.367]},"properties":{"fecha":"2008-08-31","codigo_territorio":"09","nombre_territorio":"Burgos","longitud":-3.586,"latitud":42.367,"total":8343,"indefinido":703,"temporal":7640,"provincia":"BU"}},{"type":"Feature","geometry":{"type":"Point","coordinates":[-5.979,41.727]},"properties":{"fecha":"2008-08-31","codigo_territorio":"49","nombre_territorio":"Zamora","longitud":-5.979,"latitud":41.727,"total":3900,"indefinido":353,"temporal":3547,"provincia":"ZA"}},{"type":"Feature","geometry":{"type":"Point","coordinates":[-4.946,40.571]},"properties":{"fecha":"2008-07-31","codigo_territorio":"05","nombre_territorio":"\u00c1vila","longitud":-4.946,"latitud":40.571,"total":4834,"indefinido":312,"temporal":4522,"provincia":"AV"}},{"type":"Feature","geometry":{"type":"Point","coordinates":[-3.586,42.367]},"properties":{"fecha":"2008-07-31","codigo_territorio":"09","nombre_territorio":"Burgos","longitud":-3.586,"latitud":42.367,"total":13675,"indefinido":1087,"temporal":12588,"provincia":"BU"}},{"type":"Feature","geometry":{"type":"Point","coordinates":[-6.066,40.805]},"properties":{"fecha":"2008-07-31","codigo_territorio":"37","nombre_territorio":"Salamanca","longitud":-6.066,"latitud":40.805,"total":9475,"indefinido":761,"temporal":8714,"provincia":"SA"}},{"type":"Feature","geometry":{"type":"Point","coordinates":[-4.847,41.634]},"properties":{"fecha":"2008-07-31","codigo_territorio":"47","nombre_territorio":"Valladolid","longitud":-4.847,"latitud":41.634,"total":19424,"indefinido":1739,"temporal":17685,"provincia":"VA"}},{"type":"Feature","geometry":{"type":"Point","coordinates":[-5.841,42.62]},"properties":{"fecha":"2008-07-31","codigo_territorio":"24","nombre_territorio":"Le\u00f3n","longitud":-5.841,"latitud":42.62,"total":13868,"indefinido":1383,"temporal":12485,"provincia":"LE"}},{"type":"Feature","geometry":{"type":"Point","coordinates":[-4.535,42.37]},"properties":{"fecha":"2008-07-31","codigo_territorio":"34","nombre_territorio":"Palencia","longitud":-4.535,"latitud":42.37,"total":5837,"indefinido":384,"temporal":5453,"provincia":"PA"}},{"type":"Feature","geometry":{"type":"Point","coordinates":[-4.055,41.171]},"properties":{"fecha":"2008-07-31","codigo_territorio":"40","nombre_territorio":"Segovia","longitud":-4.055,"latitud":41.171,"total":5478,"indefinido":538,"temporal":4940,"provincia":"SE"}},{"type":"Feature","geometry":{"type":"Point","coordinates":[-2.589,41.621]},"properties":{"fecha":"2008-07-31","codigo_territorio":"42","nombre_territorio":"Soria","longitud":-2.589,"latitud":41.621,"total":3702,"indefinido":322,"temporal":3380,"provincia":"SO"}},{"type":"Feature","geometry":{"type":"Point","coordinates":[-5.979,41.727]},"properties":{"fecha":"2008-07-31","codigo_territorio":"49","nombre_territorio":"Zamora","longitud":-5.979,"latitud":41.727,"total":5602,"indefinido":395,"temporal":5207,"provincia":"ZA"}},{"type":"Feature","geometry":{"type":"Point","coordinates":[-4.397,41.835]},"properties":{"fecha":"2008-07-31","codigo_territorio":"07","nombre_territorio":"Castilla Le\u00f3n","longitud":-4.397,"latitud":41.835,"total":81895,"indefinido":6921,"temporal":74974,"provincia":"CYL"}},{"type":"Feature","geometry":{"type":"Point","coordinates":[-5.841,42.62]},"properties":{"fecha":"2008-06-30","codigo_territorio":"24","nombre_territorio":"Le\u00f3n","longitud":-5.841,"latitud":42.62,"total":10022,"indefinido":1151,"temporal":8871,"provincia":"LE"}},{"type":"Feature","geometry":{"type":"Point","coordinates":[-4.535,42.37]},"properties":{"fecha":"2008-06-30","codigo_territorio":"34","nombre_territorio":"Palencia","longitud":-4.535,"latitud":42.37,"total":4358,"indefinido":423,"temporal":3935,"provincia":"PA"}},{"type":"Feature","geometry":{"type":"Point","coordinates":[-6.066,40.805]},"properties":{"fecha":"2008-06-30","codigo_territorio":"37","nombre_territorio":"Salamanca","longitud":-6.066,"latitud":40.805,"total":7880,"indefinido":781,"temporal":7099,"provincia":"SA"}},{"type":"Feature","geometry":{"type":"Point","coordinates":[-2.589,41.621]},"properties":{"fecha":"2008-06-30","codigo_territorio":"42","nombre_territorio":"Soria","longitud":-2.589,"latitud":41.621,"total":2613,"indefinido":254,"temporal":2359,"provincia":"SO"}},{"type":"Feature","geometry":{"type":"Point","coordinates":[-4.847,41.634]},"properties":{"fecha":"2008-06-30","codigo_territorio":"47","nombre_territorio":"Valladolid","longitud":-4.847,"latitud":41.634,"total":16221,"indefinido":1481,"temporal":14740,"provincia":"VA"}},{"type":"Feature","geometry":{"type":"Point","coordinates":[-5.979,41.727]},"properties":{"fecha":"2008-06-30","codigo_territorio":"49","nombre_territorio":"Zamora","longitud":-5.979,"latitud":41.727,"total":4110,"indefinido":382,"temporal":3728,"provincia":"ZA"}},{"type":"Feature","geometry":{"type":"Point","coordinates":[-4.946,40.571]},"properties":{"fecha":"2008-06-30","codigo_territorio":"05","nombre_territorio":"\u00c1vila","longitud":-4.946,"latitud":40.571,"total":3432,"indefinido":358,"temporal":3074,"provincia":"AV"}},{"type":"Feature","geometry":{"type":"Point","coordinates":[-3.586,42.367]},"properties":{"fecha":"2008-06-30","codigo_territorio":"09","nombre_territorio":"Burgos","longitud":-3.586,"latitud":42.367,"total":10706,"indefinido":1031,"temporal":9675,"provincia":"BU"}},{"type":"Feature","geometry":{"type":"Point","coordinates":[-4.055,41.171]},"properties":{"fecha":"2008-06-30","codigo_territorio":"40","nombre_territorio":"Segovia","longitud":-4.055,"latitud":41.171,"total":3684,"indefinido":472,"temporal":3212,"provincia":"SE"}},{"type":"Feature","geometry":{"type":"Point","coordinates":[-4.397,41.835]},"properties":{"fecha":"2008-06-30","codigo_territorio":"07","nombre_territorio":"Castilla Le\u00f3n","longitud":-4.397,"latitud":41.835,"total":63026,"indefinido":6333,"temporal":56693,"provincia":"CYL"}},{"type":"Feature","geometry":{"type":"Point","coordinates":[-4.946,40.571]},"properties":{"fecha":"2008-05-31","codigo_territorio":"05","nombre_territorio":"\u00c1vila","longitud":-4.946,"latitud":40.571,"total":3116,"indefinido":382,"temporal":2734,"provincia":"AV"}},{"type":"Feature","geometry":{"type":"Point","coordinates":[-5.841,42.62]},"properties":{"fecha":"2008-05-31","codigo_territorio":"24","nombre_territorio":"Le\u00f3n","longitud":-5.841,"latitud":42.62,"total":9858,"indefinido":1291,"temporal":8567,"provincia":"LE"}},{"type":"Feature","geometry":{"type":"Point","coordinates":[-6.066,40.805]},"properties":{"fecha":"2008-05-31","codigo_territorio":"37","nombre_territorio":"Salamanca","longitud":-6.066,"latitud":40.805,"total":7724,"indefinido":727,"temporal":6997,"provincia":"SA"}},{"type":"Feature","geometry":{"type":"Point","coordinates":[-2.589,41.621]},"properties":{"fecha":"2008-05-31","codigo_territorio":"42","nombre_territorio":"Soria","longitud":-2.589,"latitud":41.621,"total":2466,"indefinido":280,"temporal":2186,"provincia":"SO"}},{"type":"Feature","geometry":{"type":"Point","coordinates":[-4.535,42.37]},"properties":{"fecha":"2008-05-31","codigo_territorio":"34","nombre_territorio":"Palencia","longitud":-4.535,"latitud":42.37,"total":4063,"indefinido":438,"temporal":3625,"provincia":"PA"}},{"type":"Feature","geometry":{"type":"Point","coordinates":[-4.055,41.171]},"properties":{"fecha":"2008-05-31","codigo_territorio":"40","nombre_territorio":"Segovia","longitud":-4.055,"latitud":41.171,"total":3548,"indefinido":497,"temporal":3051,"provincia":"SE"}},{"type":"Feature","geometry":{"type":"Point","coordinates":[-4.397,41.835]},"properties":{"fecha":"2008-05-31","codigo_territorio":"07","nombre_territorio":"Castilla Le\u00f3n","longitud":-4.397,"latitud":41.835,"total":60081,"indefinido":6506,"temporal":53575,"provincia":"CYL"}},{"type":"Feature","geometry":{"type":"Point","coordinates":[-3.586,42.367]},"properties":{"fecha":"2008-05-31","codigo_territorio":"09","nombre_territorio":"Burgos","longitud":-3.586,"latitud":42.367,"total":9597,"indefinido":1122,"temporal":8475,"provincia":"BU"}},{"type":"Feature","geometry":{"type":"Point","coordinates":[-4.847,41.634]},"properties":{"fecha":"2008-05-31","codigo_territorio":"47","nombre_territorio":"Valladolid","longitud":-4.847,"latitud":41.634,"total":16105,"indefinido":1446,"temporal":14659,"provincia":"VA"}},{"type":"Feature","geometry":{"type":"Point","coordinates":[-5.979,41.727]},"properties":{"fecha":"2008-05-31","codigo_territorio":"49","nombre_territorio":"Zamora","longitud":-5.979,"latitud":41.727,"total":3604,"indefinido":323,"temporal":3281,"provincia":"ZA"}},{"type":"Feature","geometry":{"type":"Point","coordinates":[-6.066,40.805]},"properties":{"fecha":"2008-04-30","codigo_territorio":"37","nombre_territorio":"Salamanca","longitud":-6.066,"latitud":40.805,"total":7219,"indefinido":835,"temporal":6384,"provincia":"SA"}},{"type":"Feature","geometry":{"type":"Point","coordinates":[-4.055,41.171]},"properties":{"fecha":"2008-04-30","codigo_territorio":"40","nombre_territorio":"Segovia","longitud":-4.055,"latitud":41.171,"total":3693,"indefinido":499,"temporal":3194,"provincia":"SE"}},{"type":"Feature","geometry":{"type":"Point","coordinates":[-4.397,41.835]},"properties":{"fecha":"2008-04-30","codigo_territorio":"07","nombre_territorio":"Castilla Le\u00f3n","longitud":-4.397,"latitud":41.835,"total":57713,"indefinido":6953,"temporal":50760,"provincia":"CYL"}},{"type":"Feature","geometry":{"type":"Point","coordinates":[-5.841,42.62]},"properties":{"fecha":"2008-04-30","codigo_territorio":"24","nombre_territorio":"Le\u00f3n","longitud":-5.841,"latitud":42.62,"total":9041,"indefinido":1137,"temporal":7904,"provincia":"LE"}},{"type":"Feature","geometry":{"type":"Point","coordinates":[-4.535,42.37]},"properties":{"fecha":"2008-04-30","codigo_territorio":"34","nombre_territorio":"Palencia","longitud":-4.535,"latitud":42.37,"total":3956,"indefinido":438,"temporal":3518,"provincia":"PA"}},{"type":"Feature","geometry":{"type":"Point","coordinates":[-4.847,41.634]},"properties":{"fecha":"2008-04-30","codigo_territorio":"47","nombre_territorio":"Valladolid","longitud":-4.847,"latitud":41.634,"total":15536,"indefinido":1664,"temporal":13872,"provincia":"VA"}},{"type":"Feature","geometry":{"type":"Point","coordinates":[-4.946,40.571]},"properties":{"fecha":"2008-04-30","codigo_territorio":"05","nombre_territorio":"\u00c1vila","longitud":-4.946,"latitud":40.571,"total":3131,"indefinido":422,"temporal":2709,"provincia":"AV"}},{"type":"Feature","geometry":{"type":"Point","coordinates":[-3.586,42.367]},"properties":{"fecha":"2008-04-30","codigo_territorio":"09","nombre_territorio":"Burgos","longitud":-3.586,"latitud":42.367,"total":9370,"indefinido":1236,"temporal":8134,"provincia":"BU"}},{"type":"Feature","geometry":{"type":"Point","coordinates":[-2.589,41.621]},"properties":{"fecha":"2008-04-30","codigo_territorio":"42","nombre_territorio":"Soria","longitud":-2.589,"latitud":41.621,"total":2516,"indefinido":333,"temporal":2183,"provincia":"SO"}},{"type":"Feature","geometry":{"type":"Point","coordinates":[-5.979,41.727]},"properties":{"fecha":"2008-04-30","codigo_territorio":"49","nombre_territorio":"Zamora","longitud":-5.979,"latitud":41.727,"total":3251,"indefinido":389,"temporal":2862,"provincia":"ZA"}},{"type":"Feature","geometry":{"type":"Point","coordinates":[-4.946,40.571]},"properties":{"fecha":"2008-03-31","codigo_territorio":"05","nombre_territorio":"\u00c1vila","longitud":-4.946,"latitud":40.571,"total":3471,"indefinido":529,"temporal":2942,"provincia":"AV"}},{"type":"Feature","geometry":{"type":"Point","coordinates":[-3.586,42.367]},"properties":{"fecha":"2008-03-31","codigo_territorio":"09","nombre_territorio":"Burgos","longitud":-3.586,"latitud":42.367,"total":8620,"indefinido":1203,"temporal":7417,"provincia":"BU"}},{"type":"Feature","geometry":{"type":"Point","coordinates":[-4.535,42.37]},"properties":{"fecha":"2008-03-31","codigo_territorio":"34","nombre_territorio":"Palencia","longitud":-4.535,"latitud":42.37,"total":3717,"indefinido":389,"temporal":3328,"provincia":"PA"}},{"type":"Feature","geometry":{"type":"Point","coordinates":[-6.066,40.805]},"properties":{"fecha":"2008-03-31","codigo_territorio":"37","nombre_territorio":"Salamanca","longitud":-6.066,"latitud":40.805,"total":6663,"indefinido":843,"temporal":5820,"provincia":"SA"}},{"type":"Feature","geometry":{"type":"Point","coordinates":[-5.979,41.727]},"properties":{"fecha":"2008-03-31","codigo_territorio":"49","nombre_territorio":"Zamora","longitud":-5.979,"latitud":41.727,"total":3367,"indefinido":429,"temporal":2938,"provincia":"ZA"}},{"type":"Feature","geometry":{"type":"Point","coordinates":[-4.055,41.171]},"properties":{"fecha":"2008-03-31","codigo_territorio":"40","nombre_territorio":"Segovia","longitud":-4.055,"latitud":41.171,"total":3296,"indefinido":449,"temporal":2847,"provincia":"SE"}},{"type":"Feature","geometry":{"type":"Point","coordinates":[-4.397,41.835]},"properties":{"fecha":"2008-03-31","codigo_territorio":"07","nombre_territorio":"Castilla Le\u00f3n","longitud":-4.397,"latitud":41.835,"total":54107,"indefinido":7039,"temporal":47068,"provincia":"CYL"}},{"type":"Feature","geometry":{"type":"Point","coordinates":[-5.841,42.62]},"properties":{"fecha":"2008-03-31","codigo_territorio":"24","nombre_territorio":"Le\u00f3n","longitud":-5.841,"latitud":42.62,"total":8515,"indefinido":1294,"temporal":7221,"provincia":"LE"}},{"type":"Feature","geometry":{"type":"Point","coordinates":[-2.589,41.621]},"properties":{"fecha":"2008-03-31","codigo_territorio":"42","nombre_territorio":"Soria","longitud":-2.589,"latitud":41.621,"total":2197,"indefinido":314,"temporal":1883,"provincia":"SO"}},{"type":"Feature","geometry":{"type":"Point","coordinates":[-4.847,41.634]},"properties":{"fecha":"2008-03-31","codigo_territorio":"47","nombre_territorio":"Valladolid","longitud":-4.847,"latitud":41.634,"total":14261,"indefinido":1589,"temporal":12672,"provincia":"VA"}},{"type":"Feature","geometry":{"type":"Point","coordinates":[-5.841,42.62]},"properties":{"fecha":"2008-02-29","codigo_territorio":"24","nombre_territorio":"Le\u00f3n","longitud":-5.841,"latitud":42.62,"total":9232,"indefinido":1441,"temporal":7791,"provincia":"LE"}},{"type":"Feature","geometry":{"type":"Point","coordinates":[-4.535,42.37]},"properties":{"fecha":"2008-02-29","codigo_territorio":"34","nombre_territorio":"Palencia","longitud":-4.535,"latitud":42.37,"total":4332,"indefinido":519,"temporal":3813,"provincia":"PA"}},{"type":"Feature","geometry":{"type":"Point","coordinates":[-4.055,41.171]},"properties":{"fecha":"2008-02-29","codigo_territorio":"40","nombre_territorio":"Segovia","longitud":-4.055,"latitud":41.171,"total":3576,"indefinido":576,"temporal":3000,"provincia":"SE"}},{"type":"Feature","geometry":{"type":"Point","coordinates":[-2.589,41.621]},"properties":{"fecha":"2008-02-29","codigo_territorio":"42","nombre_territorio":"Soria","longitud":-2.589,"latitud":41.621,"total":2525,"indefinido":351,"temporal":2174,"provincia":"SO"}},{"type":"Feature","geometry":{"type":"Point","coordinates":[-4.847,41.634]},"properties":{"fecha":"2008-02-29","codigo_territorio":"47","nombre_territorio":"Valladolid","longitud":-4.847,"latitud":41.634,"total":15292,"indefinido":1884,"temporal":13408,"provincia":"VA"}},{"type":"Feature","geometry":{"type":"Point","coordinates":[-4.397,41.835]},"properties":{"fecha":"2008-02-29","codigo_territorio":"07","nombre_territorio":"Castilla Le\u00f3n","longitud":-4.397,"latitud":41.835,"total":60267,"indefinido":8212,"temporal":52055,"provincia":"CYL"}},{"type":"Feature","geometry":{"type":"Point","coordinates":[-4.946,40.571]},"properties":{"fecha":"2008-02-29","codigo_territorio":"05","nombre_territorio":"\u00c1vila","longitud":-4.946,"latitud":40.571,"total":4922,"indefinido":779,"temporal":4143,"provincia":"AV"}},{"type":"Feature","geometry":{"type":"Point","coordinates":[-6.066,40.805]},"properties":{"fecha":"2008-02-29","codigo_territorio":"37","nombre_territorio":"Salamanca","longitud":-6.066,"latitud":40.805,"total":7538,"indefinido":1018,"temporal":6520,"provincia":"SA"}},{"type":"Feature","geometry":{"type":"Point","coordinates":[-5.979,41.727]},"properties":{"fecha":"2008-02-29","codigo_territorio":"49","nombre_territorio":"Zamora","longitud":-5.979,"latitud":41.727,"total":3686,"indefinido":451,"temporal":3235,"provincia":"ZA"}},{"type":"Feature","geometry":{"type":"Point","coordinates":[-3.586,42.367]},"properties":{"fecha":"2008-02-29","codigo_territorio":"09","nombre_territorio":"Burgos","longitud":-3.586,"latitud":42.367,"total":9164,"indefinido":1193,"temporal":7971,"provincia":"BU"}},{"type":"Feature","geometry":{"type":"Point","coordinates":[-6.066,40.805]},"properties":{"fecha":"2008-01-31","codigo_territorio":"37","nombre_territorio":"Salamanca","longitud":-6.066,"latitud":40.805,"total":7287,"indefinido":1066,"temporal":6221,"provincia":"SA"}},{"type":"Feature","geometry":{"type":"Point","coordinates":[-5.841,42.62]},"properties":{"fecha":"2008-01-31","codigo_territorio":"24","nombre_territorio":"Le\u00f3n","longitud":-5.841,"latitud":42.62,"total":9968,"indefinido":1546,"temporal":8422,"provincia":"LE"}},{"type":"Feature","geometry":{"type":"Point","coordinates":[-4.535,42.37]},"properties":{"fecha":"2008-01-31","codigo_territorio":"34","nombre_territorio":"Palencia","longitud":-4.535,"latitud":42.37,"total":4373,"indefinido":495,"temporal":3878,"provincia":"PA"}},{"type":"Feature","geometry":{"type":"Point","coordinates":[-4.055,41.171]},"properties":{"fecha":"2008-01-31","codigo_territorio":"40","nombre_territorio":"Segovia","longitud":-4.055,"latitud":41.171,"total":3586,"indefinido":608,"temporal":2978,"provincia":"SE"}},{"type":"Feature","geometry":{"type":"Point","coordinates":[-2.589,41.621]},"properties":{"fecha":"2008-01-31","codigo_territorio":"42","nombre_territorio":"Soria","longitud":-2.589,"latitud":41.621,"total":2771,"indefinido":408,"temporal":2363,"provincia":"SO"}},{"type":"Feature","geometry":{"type":"Point","coordinates":[-5.979,41.727]},"properties":{"fecha":"2008-01-31","codigo_territorio":"49","nombre_territorio":"Zamora","longitud":-5.979,"latitud":41.727,"total":4058,"indefinido":496,"temporal":3562,"provincia":"ZA"}},{"type":"Feature","geometry":{"type":"Point","coordinates":[-4.397,41.835]},"properties":{"fecha":"2008-01-31","codigo_territorio":"07","nombre_territorio":"Castilla Le\u00f3n","longitud":-4.397,"latitud":41.835,"total":61191,"indefinido":8133,"temporal":53058,"provincia":"CYL"}},{"type":"Feature","geometry":{"type":"Point","coordinates":[-4.946,40.571]},"properties":{"fecha":"2008-01-31","codigo_territorio":"05","nombre_territorio":"\u00c1vila","longitud":-4.946,"latitud":40.571,"total":2902,"indefinido":346,"temporal":2556,"provincia":"AV"}},{"type":"Feature","geometry":{"type":"Point","coordinates":[-3.586,42.367]},"properties":{"fecha":"2008-01-31","codigo_territorio":"09","nombre_territorio":"Burgos","longitud":-3.586,"latitud":42.367,"total":10163,"indefinido":1346,"temporal":8817,"provincia":"BU"}},{"type":"Feature","geometry":{"type":"Point","coordinates":[-4.847,41.634]},"properties":{"fecha":"2008-01-31","codigo_territorio":"47","nombre_territorio":"Valladolid","longitud":-4.847,"latitud":41.634,"total":16083,"indefinido":1822,"temporal":14261,"provincia":"VA"}},{"type":"Feature","geometry":{"type":"Point","coordinates":[-3.586,42.367]},"properties":{"fecha":"2007-12-31","codigo_territorio":"09","nombre_territorio":"Burgos","longitud":-3.586,"latitud":42.367,"total":7930,"indefinido":946,"temporal":6984,"provincia":"BU"}},{"type":"Feature","geometry":{"type":"Point","coordinates":[-5.841,42.62]},"properties":{"fecha":"2007-12-31","codigo_territorio":"24","nombre_territorio":"Le\u00f3n","longitud":-5.841,"latitud":42.62,"total":7764,"indefinido":1177,"temporal":6587,"provincia":"LE"}},{"type":"Feature","geometry":{"type":"Point","coordinates":[-2.589,41.621]},"properties":{"fecha":"2007-12-31","codigo_territorio":"42","nombre_territorio":"Soria","longitud":-2.589,"latitud":41.621,"total":1811,"indefinido":227,"temporal":1584,"provincia":"SO"}},{"type":"Feature","geometry":{"type":"Point","coordinates":[-5.979,41.727]},"properties":{"fecha":"2007-12-31","codigo_territorio":"49","nombre_territorio":"Zamora","longitud":-5.979,"latitud":41.727,"total":2936,"indefinido":265,"temporal":2671,"provincia":"ZA"}},{"type":"Feature","geometry":{"type":"Point","coordinates":[-4.946,40.571]},"properties":{"fecha":"2007-12-31","codigo_territorio":"05","nombre_territorio":"\u00c1vila","longitud":-4.946,"latitud":40.571,"total":3576,"indefinido":385,"temporal":3191,"provincia":"AV"}},{"type":"Feature","geometry":{"type":"Point","coordinates":[-4.055,41.171]},"properties":{"fecha":"2007-12-31","codigo_territorio":"40","nombre_territorio":"Segovia","longitud":-4.055,"latitud":41.171,"total":2855,"indefinido":411,"temporal":2444,"provincia":"SE"}},{"type":"Feature","geometry":{"type":"Point","coordinates":[-4.847,41.634]},"properties":{"fecha":"2007-12-31","codigo_territorio":"47","nombre_territorio":"Valladolid","longitud":-4.847,"latitud":41.634,"total":13309,"indefinido":1171,"temporal":12138,"provincia":"VA"}},{"type":"Feature","geometry":{"type":"Point","coordinates":[-4.397,41.835]},"properties":{"fecha":"2007-12-31","codigo_territorio":"07","nombre_territorio":"Castilla Le\u00f3n","longitud":-4.397,"latitud":41.835,"total":49931,"indefinido":5757,"temporal":44174,"provincia":"CYL"}},{"type":"Feature","geometry":{"type":"Point","coordinates":[-4.535,42.37]},"properties":{"fecha":"2007-12-31","codigo_territorio":"34","nombre_territorio":"Palencia","longitud":-4.535,"latitud":42.37,"total":3376,"indefinido":368,"temporal":3008,"provincia":"PA"}},{"type":"Feature","geometry":{"type":"Point","coordinates":[-6.066,40.805]},"properties":{"fecha":"2007-12-31","codigo_territorio":"37","nombre_territorio":"Salamanca","longitud":-6.066,"latitud":40.805,"total":6374,"indefinido":807,"temporal":5567,"provincia":"SA"}},{"type":"Feature","geometry":{"type":"Point","coordinates":[-3.586,42.367]},"properties":{"fecha":"2007-11-30","codigo_territorio":"09","nombre_territorio":"Burgos","longitud":-3.586,"latitud":42.367,"total":10272,"indefinido":1120,"temporal":9152,"provincia":"BU"}},{"type":"Feature","geometry":{"type":"Point","coordinates":[-4.535,42.37]},"properties":{"fecha":"2007-11-30","codigo_territorio":"34","nombre_territorio":"Palencia","longitud":-4.535,"latitud":42.37,"total":4180,"indefinido":410,"temporal":3770,"provincia":"PA"}},{"type":"Feature","geometry":{"type":"Point","coordinates":[-2.589,41.621]},"properties":{"fecha":"2007-11-30","codigo_territorio":"42","nombre_territorio":"Soria","longitud":-2.589,"latitud":41.621,"total":2660,"indefinido":309,"temporal":2351,"provincia":"SO"}},{"type":"Feature","geometry":{"type":"Point","coordinates":[-4.397,41.835]},"properties":{"fecha":"2007-11-30","codigo_territorio":"07","nombre_territorio":"Castilla Le\u00f3n","longitud":-4.397,"latitud":41.835,"total":67307,"indefinido":7925,"temporal":59382,"provincia":"CYL"}},{"type":"Feature","geometry":{"type":"Point","coordinates":[-6.066,40.805]},"properties":{"fecha":"2007-11-30","codigo_territorio":"37","nombre_territorio":"Salamanca","longitud":-6.066,"latitud":40.805,"total":9255,"indefinido":1174,"temporal":8081,"provincia":"SA"}},{"type":"Feature","geometry":{"type":"Point","coordinates":[-4.055,41.171]},"properties":{"fecha":"2007-11-30","codigo_territorio":"40","nombre_territorio":"Segovia","longitud":-4.055,"latitud":41.171,"total":4669,"indefinido":596,"temporal":4073,"provincia":"SE"}},{"type":"Feature","geometry":{"type":"Point","coordinates":[-4.847,41.634]},"properties":{"fecha":"2007-11-30","codigo_territorio":"47","nombre_territorio":"Valladolid","longitud":-4.847,"latitud":41.634,"total":17669,"indefinido":1788,"temporal":15881,"provincia":"VA"}},{"type":"Feature","geometry":{"type":"Point","coordinates":[-4.946,40.571]},"properties":{"fecha":"2007-11-30","codigo_territorio":"05","nombre_territorio":"\u00c1vila","longitud":-4.946,"latitud":40.571,"total":3683,"indefinido":489,"temporal":3194,"provincia":"AV"}},{"type":"Feature","geometry":{"type":"Point","coordinates":[-5.841,42.62]},"properties":{"fecha":"2007-11-30","codigo_territorio":"24","nombre_territorio":"Le\u00f3n","longitud":-5.841,"latitud":42.62,"total":10886,"indefinido":1568,"temporal":9318,"provincia":"LE"}},{"type":"Feature","geometry":{"type":"Point","coordinates":[-5.979,41.727]},"properties":{"fecha":"2007-11-30","codigo_territorio":"49","nombre_territorio":"Zamora","longitud":-5.979,"latitud":41.727,"total":4033,"indefinido":471,"temporal":3562,"provincia":"ZA"}},{"type":"Feature","geometry":{"type":"Point","coordinates":[-5.841,42.62]},"properties":{"fecha":"2007-10-31","codigo_territorio":"24","nombre_territorio":"Le\u00f3n","longitud":-5.841,"latitud":42.62,"total":13947,"indefinido":2197,"temporal":11750,"provincia":"LE"}},{"type":"Feature","geometry":{"type":"Point","coordinates":[-6.066,40.805]},"properties":{"fecha":"2007-10-31","codigo_territorio":"37","nombre_territorio":"Salamanca","longitud":-6.066,"latitud":40.805,"total":10942,"indefinido":1515,"temporal":9427,"provincia":"SA"}},{"type":"Feature","geometry":{"type":"Point","coordinates":[-2.589,41.621]},"properties":{"fecha":"2007-10-31","codigo_territorio":"42","nombre_territorio":"Soria","longitud":-2.589,"latitud":41.621,"total":3064,"indefinido":408,"temporal":2656,"provincia":"SO"}},{"type":"Feature","geometry":{"type":"Point","coordinates":[-4.847,41.634]},"properties":{"fecha":"2007-10-31","codigo_territorio":"47","nombre_territorio":"Valladolid","longitud":-4.847,"latitud":41.634,"total":22921,"indefinido":2486,"temporal":20435,"provincia":"VA"}},{"type":"Feature","geometry":{"type":"Point","coordinates":[-4.397,41.835]},"properties":{"fecha":"2007-10-31","codigo_territorio":"07","nombre_territorio":"Castilla Le\u00f3n","longitud":-4.397,"latitud":41.835,"total":89348,"indefinido":10424,"temporal":78924,"provincia":"CYL"}},{"type":"Feature","geometry":{"type":"Point","coordinates":[-3.586,42.367]},"properties":{"fecha":"2007-10-31","codigo_territorio":"09","nombre_territorio":"Burgos","longitud":-3.586,"latitud":42.367,"total":15390,"indefinido":1726,"temporal":13664,"provincia":"BU"}},{"type":"Feature","geometry":{"type":"Point","coordinates":[-4.946,40.571]},"properties":{"fecha":"2007-10-31","codigo_territorio":"05","nombre_territorio":"\u00c1vila","longitud":-4.946,"latitud":40.571,"total":5105,"indefinido":341,"temporal":4764,"provincia":"AV"}},{"type":"Feature","geometry":{"type":"Point","coordinates":[-4.535,42.37]},"properties":{"fecha":"2007-10-31","codigo_territorio":"34","nombre_territorio":"Palencia","longitud":-4.535,"latitud":42.37,"total":5396,"indefinido":542,"temporal":4854,"provincia":"PA"}},{"type":"Feature","geometry":{"type":"Point","coordinates":[-4.055,41.171]},"properties":{"fecha":"2007-10-31","codigo_territorio":"40","nombre_territorio":"Segovia","longitud":-4.055,"latitud":41.171,"total":7271,"indefinido":691,"temporal":6580,"provincia":"SE"}},{"type":"Feature","geometry":{"type":"Point","coordinates":[-5.979,41.727]},"properties":{"fecha":"2007-10-31","codigo_territorio":"49","nombre_territorio":"Zamora","longitud":-5.979,"latitud":41.727,"total":5312,"indefinido":518,"temporal":4794,"provincia":"ZA"}},{"type":"Feature","geometry":{"type":"Point","coordinates":[-3.586,42.367]},"properties":{"fecha":"2007-09-30","codigo_territorio":"09","nombre_territorio":"Burgos","longitud":-3.586,"latitud":42.367,"total":10730,"indefinido":1286,"temporal":9444,"provincia":"BU"}},{"type":"Feature","geometry":{"type":"Point","coordinates":[-4.055,41.171]},"properties":{"fecha":"2007-09-30","codigo_territorio":"40","nombre_territorio":"Segovia","longitud":-4.055,"latitud":41.171,"total":4033,"indefinido":594,"temporal":3439,"provincia":"SE"}},{"type":"Feature","geometry":{"type":"Point","coordinates":[-2.589,41.621]},"properties":{"fecha":"2007-09-30","codigo_territorio":"42","nombre_territorio":"Soria","longitud":-2.589,"latitud":41.621,"total":2830,"indefinido":360,"temporal":2470,"provincia":"SO"}},{"type":"Feature","geometry":{"type":"Point","coordinates":[-4.847,41.634]},"properties":{"fecha":"2007-09-30","codigo_territorio":"47","nombre_territorio":"Valladolid","longitud":-4.847,"latitud":41.634,"total":18992,"indefinido":1992,"temporal":17000,"provincia":"VA"}},{"type":"Feature","geometry":{"type":"Point","coordinates":[-5.979,41.727]},"properties":{"fecha":"2007-09-30","codigo_territorio":"49","nombre_territorio":"Zamora","longitud":-5.979,"latitud":41.727,"total":4346,"indefinido":533,"temporal":3813,"provincia":"ZA"}},{"type":"Feature","geometry":{"type":"Point","coordinates":[-4.946,40.571]},"properties":{"fecha":"2007-09-30","codigo_territorio":"05","nombre_territorio":"\u00c1vila","longitud":-4.946,"latitud":40.571,"total":4267,"indefinido":443,"temporal":3824,"provincia":"AV"}},{"type":"Feature","geometry":{"type":"Point","coordinates":[-5.841,42.62]},"properties":{"fecha":"2007-09-30","codigo_territorio":"24","nombre_territorio":"Le\u00f3n","longitud":-5.841,"latitud":42.62,"total":11550,"indefinido":1410,"temporal":10140,"provincia":"LE"}},{"type":"Feature","geometry":{"type":"Point","coordinates":[-4.535,42.37]},"properties":{"fecha":"2007-09-30","codigo_territorio":"34","nombre_territorio":"Palencia","longitud":-4.535,"latitud":42.37,"total":5047,"indefinido":432,"temporal":4615,"provincia":"PA"}},{"type":"Feature","geometry":{"type":"Point","coordinates":[-6.066,40.805]},"properties":{"fecha":"2007-09-30","codigo_territorio":"37","nombre_territorio":"Salamanca","longitud":-6.066,"latitud":40.805,"total":9667,"indefinido":1106,"temporal":8561,"provincia":"SA"}},{"type":"Feature","geometry":{"type":"Point","coordinates":[-4.397,41.835]},"properties":{"fecha":"2007-09-30","codigo_territorio":"07","nombre_territorio":"Castilla Le\u00f3n","longitud":-4.397,"latitud":41.835,"total":71462,"indefinido":8156,"temporal":63306,"provincia":"CYL"}},{"type":"Feature","geometry":{"type":"Point","coordinates":[-4.946,40.571]},"properties":{"fecha":"2007-08-31","codigo_territorio":"05","nombre_territorio":"\u00c1vila","longitud":-4.946,"latitud":40.571,"total":3779,"indefinido":297,"temporal":3482,"provincia":"AV"}},{"type":"Feature","geometry":{"type":"Point","coordinates":[-3.586,42.367]},"properties":{"fecha":"2007-08-31","codigo_territorio":"09","nombre_territorio":"Burgos","longitud":-3.586,"latitud":42.367,"total":9903,"indefinido":944,"temporal":8959,"provincia":"BU"}},{"type":"Feature","geometry":{"type":"Point","coordinates":[-6.066,40.805]},"properties":{"fecha":"2007-08-31","codigo_territorio":"37","nombre_territorio":"Salamanca","longitud":-6.066,"latitud":40.805,"total":9855,"indefinido":893,"temporal":8962,"provincia":"SA"}},{"type":"Feature","geometry":{"type":"Point","coordinates":[-4.847,41.634]},"properties":{"fecha":"2007-08-31","codigo_territorio":"47","nombre_territorio":"Valladolid","longitud":-4.847,"latitud":41.634,"total":14993,"indefinido":1365,"temporal":13628,"provincia":"VA"}},{"type":"Feature","geometry":{"type":"Point","coordinates":[-5.979,41.727]},"properties":{"fecha":"2007-08-31","codigo_territorio":"49","nombre_territorio":"Zamora","longitud":-5.979,"latitud":41.727,"total":4668,"indefinido":361,"temporal":4307,"provincia":"ZA"}},{"type":"Feature","geometry":{"type":"Point","coordinates":[-4.055,41.171]},"properties":{"fecha":"2007-08-31","codigo_territorio":"40","nombre_territorio":"Segovia","longitud":-4.055,"latitud":41.171,"total":4154,"indefinido":505,"temporal":3649,"provincia":"SE"}},{"type":"Feature","geometry":{"type":"Point","coordinates":[-2.589,41.621]},"properties":{"fecha":"2007-08-31","codigo_territorio":"42","nombre_territorio":"Soria","longitud":-2.589,"latitud":41.621,"total":2570,"indefinido":221,"temporal":2349,"provincia":"SO"}},{"type":"Feature","geometry":{"type":"Point","coordinates":[-5.841,42.62]},"properties":{"fecha":"2007-08-31","codigo_territorio":"24","nombre_territorio":"Le\u00f3n","longitud":-5.841,"latitud":42.62,"total":11070,"indefinido":1228,"temporal":9842,"provincia":"LE"}},{"type":"Feature","geometry":{"type":"Point","coordinates":[-4.535,42.37]},"properties":{"fecha":"2007-08-31","codigo_territorio":"34","nombre_territorio":"Palencia","longitud":-4.535,"latitud":42.37,"total":4489,"indefinido":334,"temporal":4155,"provincia":"PA"}},{"type":"Feature","geometry":{"type":"Point","coordinates":[-4.397,41.835]},"properties":{"fecha":"2007-08-31","codigo_territorio":"07","nombre_territorio":"Castilla Le\u00f3n","longitud":-4.397,"latitud":41.835,"total":65481,"indefinido":6148,"temporal":59333,"provincia":"CYL"}},{"type":"Feature","geometry":{"type":"Point","coordinates":[-3.586,42.367]},"properties":{"fecha":"2007-07-31","codigo_territorio":"09","nombre_territorio":"Burgos","longitud":-3.586,"latitud":42.367,"total":14116,"indefinido":1392,"temporal":12724,"provincia":"BU"}},{"type":"Feature","geometry":{"type":"Point","coordinates":[-5.841,42.62]},"properties":{"fecha":"2007-07-31","codigo_territorio":"24","nombre_territorio":"Le\u00f3n","longitud":-5.841,"latitud":42.62,"total":14166,"indefinido":1766,"temporal":12400,"provincia":"LE"}},{"type":"Feature","geometry":{"type":"Point","coordinates":[-6.066,40.805]},"properties":{"fecha":"2007-07-31","codigo_territorio":"37","nombre_territorio":"Salamanca","longitud":-6.066,"latitud":40.805,"total":11601,"indefinido":980,"temporal":10621,"provincia":"SA"}},{"type":"Feature","geometry":{"type":"Point","coordinates":[-4.055,41.171]},"properties":{"fecha":"2007-07-31","codigo_territorio":"40","nombre_territorio":"Segovia","longitud":-4.055,"latitud":41.171,"total":5534,"indefinido":550,"temporal":4984,"provincia":"SE"}},{"type":"Feature","geometry":{"type":"Point","coordinates":[-2.589,41.621]},"properties":{"fecha":"2007-07-31","codigo_territorio":"42","nombre_territorio":"Soria","longitud":-2.589,"latitud":41.621,"total":3870,"indefinido":332,"temporal":3538,"provincia":"SO"}},{"type":"Feature","geometry":{"type":"Point","coordinates":[-5.979,41.727]},"properties":{"fecha":"2007-07-31","codigo_territorio":"49","nombre_territorio":"Zamora","longitud":-5.979,"latitud":41.727,"total":5482,"indefinido":383,"temporal":5099,"provincia":"ZA"}},{"type":"Feature","geometry":{"type":"Point","coordinates":[-4.946,40.571]},"properties":{"fecha":"2007-07-31","codigo_territorio":"05","nombre_territorio":"\u00c1vila","longitud":-4.946,"latitud":40.571,"total":4996,"indefinido":342,"temporal":4654,"provincia":"AV"}},{"type":"Feature","geometry":{"type":"Point","coordinates":[-4.535,42.37]},"properties":{"fecha":"2007-07-31","codigo_territorio":"34","nombre_territorio":"Palencia","longitud":-4.535,"latitud":42.37,"total":5486,"indefinido":474,"temporal":5012,"provincia":"PA"}},{"type":"Feature","geometry":{"type":"Point","coordinates":[-4.847,41.634]},"properties":{"fecha":"2007-07-31","codigo_territorio":"47","nombre_territorio":"Valladolid","longitud":-4.847,"latitud":41.634,"total":20368,"indefinido":1840,"temporal":18528,"provincia":"VA"}},{"type":"Feature","geometry":{"type":"Point","coordinates":[-4.397,41.835]},"properties":{"fecha":"2007-07-31","codigo_territorio":"07","nombre_territorio":"Castilla Le\u00f3n","longitud":-4.397,"latitud":41.835,"total":85619,"indefinido":8059,"temporal":77560,"provincia":"CYL"}},{"type":"Feature","geometry":{"type":"Point","coordinates":[-5.841,42.62]},"properties":{"fecha":"2007-06-30","codigo_territorio":"24","nombre_territorio":"Le\u00f3n","longitud":-5.841,"latitud":42.62,"total":11502,"indefinido":1576,"temporal":9926,"provincia":"LE"}},{"type":"Feature","geometry":{"type":"Point","coordinates":[-5.979,41.727]},"properties":{"fecha":"2007-06-30","codigo_territorio":"49","nombre_territorio":"Zamora","longitud":-5.979,"latitud":41.727,"total":4374,"indefinido":380,"temporal":3994,"provincia":"ZA"}},{"type":"Feature","geometry":{"type":"Point","coordinates":[-4.397,41.835]},"properties":{"fecha":"2007-06-30","codigo_territorio":"07","nombre_territorio":"Castilla Le\u00f3n","longitud":-4.397,"latitud":41.835,"total":70666,"indefinido":7781,"temporal":62885,"provincia":"CYL"}},{"type":"Feature","geometry":{"type":"Point","coordinates":[-4.535,42.37]},"properties":{"fecha":"2007-06-30","codigo_territorio":"34","nombre_territorio":"Palencia","longitud":-4.535,"latitud":42.37,"total":4409,"indefinido":465,"temporal":3944,"provincia":"PA"}},{"type":"Feature","geometry":{"type":"Point","coordinates":[-6.066,40.805]},"properties":{"fecha":"2007-06-30","codigo_territorio":"37","nombre_territorio":"Salamanca","longitud":-6.066,"latitud":40.805,"total":9697,"indefinido":951,"temporal":8746,"provincia":"SA"}},{"type":"Feature","geometry":{"type":"Point","coordinates":[-2.589,41.621]},"properties":{"fecha":"2007-06-30","codigo_territorio":"42","nombre_territorio":"Soria","longitud":-2.589,"latitud":41.621,"total":2738,"indefinido":300,"temporal":2438,"provincia":"SO"}},{"type":"Feature","geometry":{"type":"Point","coordinates":[-4.847,41.634]},"properties":{"fecha":"2007-06-30","codigo_territorio":"47","nombre_territorio":"Valladolid","longitud":-4.847,"latitud":41.634,"total":18195,"indefinido":1802,"temporal":16393,"provincia":"VA"}},{"type":"Feature","geometry":{"type":"Point","coordinates":[-4.946,40.571]},"properties":{"fecha":"2007-06-30","codigo_territorio":"05","nombre_territorio":"\u00c1vila","longitud":-4.946,"latitud":40.571,"total":3901,"indefinido":500,"temporal":3401,"provincia":"AV"}},{"type":"Feature","geometry":{"type":"Point","coordinates":[-3.586,42.367]},"properties":{"fecha":"2007-06-30","codigo_territorio":"09","nombre_territorio":"Burgos","longitud":-3.586,"latitud":42.367,"total":11305,"indefinido":1227,"temporal":10078,"provincia":"BU"}},{"type":"Feature","geometry":{"type":"Point","coordinates":[-4.055,41.171]},"properties":{"fecha":"2007-06-30","codigo_territorio":"40","nombre_territorio":"Segovia","longitud":-4.055,"latitud":41.171,"total":4545,"indefinido":580,"temporal":3965,"provincia":"SE"}},{"type":"Feature","geometry":{"type":"Point","coordinates":[-5.841,42.62]},"properties":{"fecha":"2007-05-31","codigo_territorio":"24","nombre_territorio":"Le\u00f3n","longitud":-5.841,"latitud":42.62,"total":11054,"indefinido":1469,"temporal":9585,"provincia":"LE"}},{"type":"Feature","geometry":{"type":"Point","coordinates":[-4.847,41.634]},"properties":{"fecha":"2007-05-31","codigo_territorio":"47","nombre_territorio":"Valladolid","longitud":-4.847,"latitud":41.634,"total":17131,"indefinido":1686,"temporal":15445,"provincia":"VA"}},{"type":"Feature","geometry":{"type":"Point","coordinates":[-4.946,40.571]},"properties":{"fecha":"2007-05-31","codigo_territorio":"05","nombre_territorio":"\u00c1vila","longitud":-4.946,"latitud":40.571,"total":3436,"indefinido":482,"temporal":2954,"provincia":"AV"}},{"type":"Feature","geometry":{"type":"Point","coordinates":[-3.586,42.367]},"properties":{"fecha":"2007-05-31","codigo_territorio":"09","nombre_territorio":"Burgos","longitud":-3.586,"latitud":42.367,"total":10689,"indefinido":1181,"temporal":9508,"provincia":"BU"}},{"type":"Feature","geometry":{"type":"Point","coordinates":[-4.535,42.37]},"properties":{"fecha":"2007-05-31","codigo_territorio":"34","nombre_territorio":"Palencia","longitud":-4.535,"latitud":42.37,"total":4163,"indefinido":414,"temporal":3749,"provincia":"PA"}},{"type":"Feature","geometry":{"type":"Point","coordinates":[-6.066,40.805]},"properties":{"fecha":"2007-05-31","codigo_territorio":"37","nombre_territorio":"Salamanca","longitud":-6.066,"latitud":40.805,"total":9679,"indefinido":1080,"temporal":8599,"provincia":"SA"}},{"type":"Feature","geometry":{"type":"Point","coordinates":[-4.055,41.171]},"properties":{"fecha":"2007-05-31","codigo_territorio":"40","nombre_territorio":"Segovia","longitud":-4.055,"latitud":41.171,"total":4269,"indefinido":587,"temporal":3682,"provincia":"SE"}},{"type":"Feature","geometry":{"type":"Point","coordinates":[-5.979,41.727]},"properties":{"fecha":"2007-05-31","codigo_territorio":"49","nombre_territorio":"Zamora","longitud":-5.979,"latitud":41.727,"total":4139,"indefinido":435,"temporal":3704,"provincia":"ZA"}},{"type":"Feature","geometry":{"type":"Point","coordinates":[-2.589,41.621]},"properties":{"fecha":"2007-05-31","codigo_territorio":"42","nombre_territorio":"Soria","longitud":-2.589,"latitud":41.621,"total":2677,"indefinido":308,"temporal":2369,"provincia":"SO"}},{"type":"Feature","geometry":{"type":"Point","coordinates":[-4.397,41.835]},"properties":{"fecha":"2007-05-31","codigo_territorio":"07","nombre_territorio":"Castilla Le\u00f3n","longitud":-4.397,"latitud":41.835,"total":67237,"indefinido":7642,"temporal":59595,"provincia":"CYL"}},{"type":"Feature","geometry":{"type":"Point","coordinates":[-5.841,42.62]},"properties":{"fecha":"2007-04-30","codigo_territorio":"24","nombre_territorio":"Le\u00f3n","longitud":-5.841,"latitud":42.62,"total":9033,"indefinido":1173,"temporal":7860,"provincia":"LE"}},{"type":"Feature","geometry":{"type":"Point","coordinates":[-4.535,42.37]},"properties":{"fecha":"2007-04-30","codigo_territorio":"34","nombre_territorio":"Palencia","longitud":-4.535,"latitud":42.37,"total":3700,"indefinido":368,"temporal":3332,"provincia":"PA"}},{"type":"Feature","geometry":{"type":"Point","coordinates":[-6.066,40.805]},"properties":{"fecha":"2007-04-30","codigo_territorio":"37","nombre_territorio":"Salamanca","longitud":-6.066,"latitud":40.805,"total":6582,"indefinido":848,"temporal":5734,"provincia":"SA"}},{"type":"Feature","geometry":{"type":"Point","coordinates":[-2.589,41.621]},"properties":{"fecha":"2007-04-30","codigo_territorio":"42","nombre_territorio":"Soria","longitud":-2.589,"latitud":41.621,"total":2092,"indefinido":266,"temporal":1826,"provincia":"SO"}},{"type":"Feature","geometry":{"type":"Point","coordinates":[-3.586,42.367]},"properties":{"fecha":"2007-04-30","codigo_territorio":"09","nombre_territorio":"Burgos","longitud":-3.586,"latitud":42.367,"total":8989,"indefinido":1090,"temporal":7899,"provincia":"BU"}},{"type":"Feature","geometry":{"type":"Point","coordinates":[-4.847,41.634]},"properties":{"fecha":"2007-04-30","codigo_territorio":"47","nombre_territorio":"Valladolid","longitud":-4.847,"latitud":41.634,"total":13627,"indefinido":1341,"temporal":12286,"provincia":"VA"}},{"type":"Feature","geometry":{"type":"Point","coordinates":[-4.946,40.571]},"properties":{"fecha":"2007-04-30","codigo_territorio":"05","nombre_territorio":"\u00c1vila","longitud":-4.946,"latitud":40.571,"total":3433,"indefinido":407,"temporal":3026,"provincia":"AV"}},{"type":"Feature","geometry":{"type":"Point","coordinates":[-4.055,41.171]},"properties":{"fecha":"2007-04-30","codigo_territorio":"40","nombre_territorio":"Segovia","longitud":-4.055,"latitud":41.171,"total":3334,"indefinido":503,"temporal":2831,"provincia":"SE"}},{"type":"Feature","geometry":{"type":"Point","coordinates":[-5.979,41.727]},"properties":{"fecha":"2007-04-30","codigo_territorio":"49","nombre_territorio":"Zamora","longitud":-5.979,"latitud":41.727,"total":3734,"indefinido":404,"temporal":3330,"provincia":"ZA"}},{"type":"Feature","geometry":{"type":"Point","coordinates":[-4.397,41.835]},"properties":{"fecha":"2007-04-30","codigo_territorio":"07","nombre_territorio":"Castilla Le\u00f3n","longitud":-4.397,"latitud":41.835,"total":54524,"indefinido":6400,"temporal":48124,"provincia":"CYL"}},{"type":"Feature","geometry":{"type":"Point","coordinates":[-2.589,41.621]},"properties":{"fecha":"2007-03-31","codigo_territorio":"42","nombre_territorio":"Soria","longitud":-2.589,"latitud":41.621,"total":2385,"indefinido":313,"temporal":2072,"provincia":"SO"}},{"type":"Feature","geometry":{"type":"Point","coordinates":[-4.946,40.571]},"properties":{"fecha":"2007-03-31","codigo_territorio":"05","nombre_territorio":"\u00c1vila","longitud":-4.946,"latitud":40.571,"total":4785,"indefinido":727,"temporal":4058,"provincia":"AV"}},{"type":"Feature","geometry":{"type":"Point","coordinates":[-5.841,42.62]},"properties":{"fecha":"2007-03-31","codigo_territorio":"24","nombre_territorio":"Le\u00f3n","longitud":-5.841,"latitud":42.62,"total":9918,"indefinido":1306,"temporal":8612,"provincia":"LE"}},{"type":"Feature","geometry":{"type":"Point","coordinates":[-4.535,42.37]},"properties":{"fecha":"2007-03-31","codigo_territorio":"34","nombre_territorio":"Palencia","longitud":-4.535,"latitud":42.37,"total":3910,"indefinido":417,"temporal":3493,"provincia":"PA"}},{"type":"Feature","geometry":{"type":"Point","coordinates":[-6.066,40.805]},"properties":{"fecha":"2007-03-31","codigo_territorio":"37","nombre_territorio":"Salamanca","longitud":-6.066,"latitud":40.805,"total":8108,"indefinido":1025,"temporal":7083,"provincia":"SA"}},{"type":"Feature","geometry":{"type":"Point","coordinates":[-4.055,41.171]},"properties":{"fecha":"2007-03-31","codigo_territorio":"40","nombre_territorio":"Segovia","longitud":-4.055,"latitud":41.171,"total":3640,"indefinido":579,"temporal":3061,"provincia":"SE"}},{"type":"Feature","geometry":{"type":"Point","coordinates":[-4.847,41.634]},"properties":{"fecha":"2007-03-31","codigo_territorio":"47","nombre_territorio":"Valladolid","longitud":-4.847,"latitud":41.634,"total":15916,"indefinido":1609,"temporal":14307,"provincia":"VA"}},{"type":"Feature","geometry":{"type":"Point","coordinates":[-5.979,41.727]},"properties":{"fecha":"2007-03-31","codigo_territorio":"49","nombre_territorio":"Zamora","longitud":-5.979,"latitud":41.727,"total":4245,"indefinido":380,"temporal":3865,"provincia":"ZA"}},{"type":"Feature","geometry":{"type":"Point","coordinates":[-4.397,41.835]},"properties":{"fecha":"2007-03-31","codigo_territorio":"07","nombre_territorio":"Castilla Le\u00f3n","longitud":-4.397,"latitud":41.835,"total":62703,"indefinido":7487,"temporal":55216,"provincia":"CYL"}},{"type":"Feature","geometry":{"type":"Point","coordinates":[-3.586,42.367]},"properties":{"fecha":"2007-03-31","codigo_territorio":"09","nombre_territorio":"Burgos","longitud":-3.586,"latitud":42.367,"total":9796,"indefinido":1131,"temporal":8665,"provincia":"BU"}},{"type":"Feature","geometry":{"type":"Point","coordinates":[-5.841,42.62]},"properties":{"fecha":"2007-02-28","codigo_territorio":"24","nombre_territorio":"Le\u00f3n","longitud":-5.841,"latitud":42.62,"total":8659,"indefinido":1262,"temporal":7397,"provincia":"LE"}},{"type":"Feature","geometry":{"type":"Point","coordinates":[-4.055,41.171]},"properties":{"fecha":"2007-02-28","codigo_territorio":"40","nombre_territorio":"Segovia","longitud":-4.055,"latitud":41.171,"total":3357,"indefinido":504,"temporal":2853,"provincia":"SE"}},{"type":"Feature","geometry":{"type":"Point","coordinates":[-4.847,41.634]},"properties":{"fecha":"2007-02-28","codigo_territorio":"47","nombre_territorio":"Valladolid","longitud":-4.847,"latitud":41.634,"total":14188,"indefinido":1744,"temporal":12444,"provincia":"VA"}},{"type":"Feature","geometry":{"type":"Point","coordinates":[-3.586,42.367]},"properties":{"fecha":"2007-02-28","codigo_territorio":"09","nombre_territorio":"Burgos","longitud":-3.586,"latitud":42.367,"total":8939,"indefinido":1125,"temporal":7814,"provincia":"BU"}},{"type":"Feature","geometry":{"type":"Point","coordinates":[-6.066,40.805]},"properties":{"fecha":"2007-02-28","codigo_territorio":"37","nombre_territorio":"Salamanca","longitud":-6.066,"latitud":40.805,"total":7794,"indefinido":1189,"temporal":6605,"provincia":"SA"}},{"type":"Feature","geometry":{"type":"Point","coordinates":[-2.589,41.621]},"properties":{"fecha":"2007-02-28","codigo_territorio":"42","nombre_territorio":"Soria","longitud":-2.589,"latitud":41.621,"total":2128,"indefinido":252,"temporal":1876,"provincia":"SO"}},{"type":"Feature","geometry":{"type":"Point","coordinates":[-4.946,40.571]},"properties":{"fecha":"2007-02-28","codigo_territorio":"05","nombre_territorio":"\u00c1vila","longitud":-4.946,"latitud":40.571,"total":4574,"indefinido":935,"temporal":3639,"provincia":"AV"}},{"type":"Feature","geometry":{"type":"Point","coordinates":[-4.535,42.37]},"properties":{"fecha":"2007-02-28","codigo_territorio":"34","nombre_territorio":"Palencia","longitud":-4.535,"latitud":42.37,"total":3140,"indefinido":323,"temporal":2817,"provincia":"PA"}},{"type":"Feature","geometry":{"type":"Point","coordinates":[-5.979,41.727]},"properties":{"fecha":"2007-02-28","codigo_territorio":"49","nombre_territorio":"Zamora","longitud":-5.979,"latitud":41.727,"total":3578,"indefinido":322,"temporal":3256,"provincia":"ZA"}},{"type":"Feature","geometry":{"type":"Point","coordinates":[-4.397,41.835]},"properties":{"fecha":"2007-02-28","codigo_territorio":"07","nombre_territorio":"Castilla Le\u00f3n","longitud":-4.397,"latitud":41.835,"total":56357,"indefinido":7656,"temporal":48701,"provincia":"CYL"}},{"type":"Feature","geometry":{"type":"Point","coordinates":[-4.847,41.634]},"properties":{"fecha":"2007-01-31","codigo_territorio":"47","nombre_territorio":"Valladolid","longitud":-4.847,"latitud":41.634,"total":16239,"indefinido":2735,"temporal":13504,"provincia":"VA"}},{"type":"Feature","geometry":{"type":"Point","coordinates":[-3.586,42.367]},"properties":{"fecha":"2007-01-31","codigo_territorio":"09","nombre_territorio":"Burgos","longitud":-3.586,"latitud":42.367,"total":10721,"indefinido":1986,"temporal":8735,"provincia":"BU"}},{"type":"Feature","geometry":{"type":"Point","coordinates":[-4.535,42.37]},"properties":{"fecha":"2007-01-31","codigo_territorio":"34","nombre_territorio":"Palencia","longitud":-4.535,"latitud":42.37,"total":4627,"indefinido":649,"temporal":3978,"provincia":"PA"}},{"type":"Feature","geometry":{"type":"Point","coordinates":[-4.055,41.171]},"properties":{"fecha":"2007-01-31","codigo_territorio":"40","nombre_territorio":"Segovia","longitud":-4.055,"latitud":41.171,"total":3977,"indefinido":702,"temporal":3275,"provincia":"SE"}},{"type":"Feature","geometry":{"type":"Point","coordinates":[-2.589,41.621]},"properties":{"fecha":"2007-01-31","codigo_territorio":"42","nombre_territorio":"Soria","longitud":-2.589,"latitud":41.621,"total":2524,"indefinido":360,"temporal":2164,"provincia":"SO"}},{"type":"Feature","geometry":{"type":"Point","coordinates":[-5.979,41.727]},"properties":{"fecha":"2007-01-31","codigo_territorio":"49","nombre_territorio":"Zamora","longitud":-5.979,"latitud":41.727,"total":4741,"indefinido":781,"temporal":3960,"provincia":"ZA"}},{"type":"Feature","geometry":{"type":"Point","coordinates":[-4.397,41.835]},"properties":{"fecha":"2007-01-31","codigo_territorio":"07","nombre_territorio":"Castilla Le\u00f3n","longitud":-4.397,"latitud":41.835,"total":66446,"indefinido":12216,"temporal":54230,"provincia":"CYL"}},{"type":"Feature","geometry":{"type":"Point","coordinates":[-4.946,40.571]},"properties":{"fecha":"2007-01-31","codigo_territorio":"05","nombre_territorio":"\u00c1vila","longitud":-4.946,"latitud":40.571,"total":3543,"indefinido":560,"temporal":2983,"provincia":"AV"}},{"type":"Feature","geometry":{"type":"Point","coordinates":[-5.841,42.62]},"properties":{"fecha":"2007-01-31","codigo_territorio":"24","nombre_territorio":"Le\u00f3n","longitud":-5.841,"latitud":42.62,"total":10369,"indefinido":2055,"temporal":8314,"provincia":"LE"}},{"type":"Feature","geometry":{"type":"Point","coordinates":[-6.066,40.805]},"properties":{"fecha":"2007-01-31","codigo_territorio":"37","nombre_territorio":"Salamanca","longitud":-6.066,"latitud":40.805,"total":9705,"indefinido":2388,"temporal":7317,"provincia":"SA"}},{"type":"Feature","geometry":{"type":"Point","coordinates":[-4.946,40.571]},"properties":{"fecha":"2006-12-31","codigo_territorio":"05","nombre_territorio":"\u00c1vila","longitud":-4.946,"latitud":40.571,"total":3565,"indefinido":501,"temporal":3064,"provincia":"AV"}},{"type":"Feature","geometry":{"type":"Point","coordinates":[-4.055,41.171]},"properties":{"fecha":"2006-12-31","codigo_territorio":"40","nombre_territorio":"Segovia","longitud":-4.055,"latitud":41.171,"total":3839,"indefinido":830,"temporal":3009,"provincia":"SE"}},{"type":"Feature","geometry":{"type":"Point","coordinates":[-2.589,41.621]},"properties":{"fecha":"2006-12-31","codigo_territorio":"42","nombre_territorio":"Soria","longitud":-2.589,"latitud":41.621,"total":2137,"indefinido":468,"temporal":1669,"provincia":"SO"}},{"type":"Feature","geometry":{"type":"Point","coordinates":[-4.847,41.634]},"properties":{"fecha":"2006-12-31","codigo_territorio":"47","nombre_territorio":"Valladolid","longitud":-4.847,"latitud":41.634,"total":14867,"indefinido":2753,"temporal":12114,"provincia":"VA"}},{"type":"Feature","geometry":{"type":"Point","coordinates":[-5.841,42.62]},"properties":{"fecha":"2006-12-31","codigo_territorio":"24","nombre_territorio":"Le\u00f3n","longitud":-5.841,"latitud":42.62,"total":9385,"indefinido":2284,"temporal":7101,"provincia":"LE"}},{"type":"Feature","geometry":{"type":"Point","coordinates":[-4.535,42.37]},"properties":{"fecha":"2006-12-31","codigo_territorio":"34","nombre_territorio":"Palencia","longitud":-4.535,"latitud":42.37,"total":3883,"indefinido":730,"temporal":3153,"provincia":"PA"}},{"type":"Feature","geometry":{"type":"Point","coordinates":[-4.397,41.835]},"properties":{"fecha":"2006-12-31","codigo_territorio":"07","nombre_territorio":"Castilla Le\u00f3n","longitud":-4.397,"latitud":41.835,"total":57750,"indefinido":12020,"temporal":45730,"provincia":"CYL"}},{"type":"Feature","geometry":{"type":"Point","coordinates":[-3.586,42.367]},"properties":{"fecha":"2006-12-31","codigo_territorio":"09","nombre_territorio":"Burgos","longitud":-3.586,"latitud":42.367,"total":8948,"indefinido":2137,"temporal":6811,"provincia":"BU"}},{"type":"Feature","geometry":{"type":"Point","coordinates":[-6.066,40.805]},"properties":{"fecha":"2006-12-31","codigo_territorio":"37","nombre_territorio":"Salamanca","longitud":-6.066,"latitud":40.805,"total":7322,"indefinido":1402,"temporal":5920,"provincia":"SA"}},{"type":"Feature","geometry":{"type":"Point","coordinates":[-5.979,41.727]},"properties":{"fecha":"2006-12-31","codigo_territorio":"49","nombre_territorio":"Zamora","longitud":-5.979,"latitud":41.727,"total":3804,"indefinido":915,"temporal":2889,"provincia":"ZA"}},{"type":"Feature","geometry":{"type":"Point","coordinates":[-3.586,42.367]},"properties":{"fecha":"2006-11-30","codigo_territorio":"09","nombre_territorio":"Burgos","longitud":-3.586,"latitud":42.367,"total":10646,"indefinido":1632,"temporal":9014,"provincia":"BU"}},{"type":"Feature","geometry":{"type":"Point","coordinates":[-5.841,42.62]},"properties":{"fecha":"2006-11-30","codigo_territorio":"24","nombre_territorio":"Le\u00f3n","longitud":-5.841,"latitud":42.62,"total":10196,"indefinido":1783,"temporal":8413,"provincia":"LE"}},{"type":"Feature","geometry":{"type":"Point","coordinates":[-2.589,41.621]},"properties":{"fecha":"2006-11-30","codigo_territorio":"42","nombre_territorio":"Soria","longitud":-2.589,"latitud":41.621,"total":2475,"indefinido":364,"temporal":2111,"provincia":"SO"}},{"type":"Feature","geometry":{"type":"Point","coordinates":[-6.066,40.805]},"properties":{"fecha":"2006-11-30","codigo_territorio":"37","nombre_territorio":"Salamanca","longitud":-6.066,"latitud":40.805,"total":8027,"indefinido":1239,"temporal":6788,"provincia":"SA"}},{"type":"Feature","geometry":{"type":"Point","coordinates":[-4.055,41.171]},"properties":{"fecha":"2006-11-30","codigo_territorio":"40","nombre_territorio":"Segovia","longitud":-4.055,"latitud":41.171,"total":4553,"indefinido":884,"temporal":3669,"provincia":"SE"}},{"type":"Feature","geometry":{"type":"Point","coordinates":[-4.397,41.835]},"properties":{"fecha":"2006-11-30","codigo_territorio":"07","nombre_territorio":"Castilla Le\u00f3n","longitud":-4.397,"latitud":41.835,"total":66778,"indefinido":10100,"temporal":56678,"provincia":"CYL"}},{"type":"Feature","geometry":{"type":"Point","coordinates":[-4.946,40.571]},"properties":{"fecha":"2006-11-30","codigo_territorio":"05","nombre_territorio":"\u00c1vila","longitud":-4.946,"latitud":40.571,"total":4558,"indefinido":645,"temporal":3913,"provincia":"AV"}},{"type":"Feature","geometry":{"type":"Point","coordinates":[-4.535,42.37]},"properties":{"fecha":"2006-11-30","codigo_territorio":"34","nombre_territorio":"Palencia","longitud":-4.535,"latitud":42.37,"total":4361,"indefinido":618,"temporal":3743,"provincia":"PA"}},{"type":"Feature","geometry":{"type":"Point","coordinates":[-4.847,41.634]},"properties":{"fecha":"2006-11-30","codigo_territorio":"47","nombre_territorio":"Valladolid","longitud":-4.847,"latitud":41.634,"total":17704,"indefinido":2289,"temporal":15415,"provincia":"VA"}},{"type":"Feature","geometry":{"type":"Point","coordinates":[-5.979,41.727]},"properties":{"fecha":"2006-11-30","codigo_territorio":"49","nombre_territorio":"Zamora","longitud":-5.979,"latitud":41.727,"total":4258,"indefinido":646,"temporal":3612,"provincia":"ZA"}},{"type":"Feature","geometry":{"type":"Point","coordinates":[-5.841,42.62]},"properties":{"fecha":"2006-10-31","codigo_territorio":"24","nombre_territorio":"Le\u00f3n","longitud":-5.841,"latitud":42.62,"total":12063,"indefinido":1735,"temporal":10328,"provincia":"LE"}},{"type":"Feature","geometry":{"type":"Point","coordinates":[-6.066,40.805]},"properties":{"fecha":"2006-10-31","codigo_territorio":"37","nombre_territorio":"Salamanca","longitud":-6.066,"latitud":40.805,"total":9803,"indefinido":1375,"temporal":8428,"provincia":"SA"}},{"type":"Feature","geometry":{"type":"Point","coordinates":[-4.847,41.634]},"properties":{"fecha":"2006-10-31","codigo_territorio":"47","nombre_territorio":"Valladolid","longitud":-4.847,"latitud":41.634,"total":20681,"indefinido":2465,"temporal":18216,"provincia":"VA"}},{"type":"Feature","geometry":{"type":"Point","coordinates":[-4.946,40.571]},"properties":{"fecha":"2006-10-31","codigo_territorio":"05","nombre_territorio":"\u00c1vila","longitud":-4.946,"latitud":40.571,"total":6201,"indefinido":425,"temporal":5776,"provincia":"AV"}},{"type":"Feature","geometry":{"type":"Point","coordinates":[-4.535,42.37]},"properties":{"fecha":"2006-10-31","codigo_territorio":"34","nombre_territorio":"Palencia","longitud":-4.535,"latitud":42.37,"total":5472,"indefinido":593,"temporal":4879,"provincia":"PA"}},{"type":"Feature","geometry":{"type":"Point","coordinates":[-4.055,41.171]},"properties":{"fecha":"2006-10-31","codigo_territorio":"40","nombre_territorio":"Segovia","longitud":-4.055,"latitud":41.171,"total":6386,"indefinido":755,"temporal":5631,"provincia":"SE"}},{"type":"Feature","geometry":{"type":"Point","coordinates":[-2.589,41.621]},"properties":{"fecha":"2006-10-31","codigo_territorio":"42","nombre_territorio":"Soria","longitud":-2.589,"latitud":41.621,"total":2940,"indefinido":431,"temporal":2509,"provincia":"SO"}},{"type":"Feature","geometry":{"type":"Point","coordinates":[-5.979,41.727]},"properties":{"fecha":"2006-10-31","codigo_territorio":"49","nombre_territorio":"Zamora","longitud":-5.979,"latitud":41.727,"total":4974,"indefinido":528,"temporal":4446,"provincia":"ZA"}},{"type":"Feature","geometry":{"type":"Point","coordinates":[-3.586,42.367]},"properties":{"fecha":"2006-10-31","codigo_territorio":"09","nombre_territorio":"Burgos","longitud":-3.586,"latitud":42.367,"total":13757,"indefinido":1675,"temporal":12082,"provincia":"BU"}},{"type":"Feature","geometry":{"type":"Point","coordinates":[-4.397,41.835]},"properties":{"fecha":"2006-10-31","codigo_territorio":"07","nombre_territorio":"Castilla Le\u00f3n","longitud":-4.397,"latitud":41.835,"total":82277,"indefinido":9982,"temporal":72295,"provincia":"CYL"}},{"type":"Feature","geometry":{"type":"Point","coordinates":[-4.946,40.571]},"properties":{"fecha":"2006-09-30","codigo_territorio":"05","nombre_territorio":"\u00c1vila","longitud":-4.946,"latitud":40.571,"total":3847,"indefinido":405,"temporal":3442,"provincia":"AV"}},{"type":"Feature","geometry":{"type":"Point","coordinates":[-4.055,41.171]},"properties":{"fecha":"2006-09-30","codigo_territorio":"40","nombre_territorio":"Segovia","longitud":-4.055,"latitud":41.171,"total":3959,"indefinido":599,"temporal":3360,"provincia":"SE"}},{"type":"Feature","geometry":{"type":"Point","coordinates":[-2.589,41.621]},"properties":{"fecha":"2006-09-30","codigo_territorio":"42","nombre_territorio":"Soria","longitud":-2.589,"latitud":41.621,"total":2867,"indefinido":410,"temporal":2457,"provincia":"SO"}},{"type":"Feature","geometry":{"type":"Point","coordinates":[-4.847,41.634]},"properties":{"fecha":"2006-09-30","codigo_territorio":"47","nombre_territorio":"Valladolid","longitud":-4.847,"latitud":41.634,"total":20780,"indefinido":1818,"temporal":18962,"provincia":"VA"}},{"type":"Feature","geometry":{"type":"Point","coordinates":[-3.586,42.367]},"properties":{"fecha":"2006-09-30","codigo_territorio":"09","nombre_territorio":"Burgos","longitud":-3.586,"latitud":42.367,"total":12550,"indefinido":1415,"temporal":11135,"provincia":"BU"}},{"type":"Feature","geometry":{"type":"Point","coordinates":[-5.841,42.62]},"properties":{"fecha":"2006-09-30","codigo_territorio":"24","nombre_territorio":"Le\u00f3n","longitud":-5.841,"latitud":42.62,"total":12073,"indefinido":1425,"temporal":10648,"provincia":"LE"}},{"type":"Feature","geometry":{"type":"Point","coordinates":[-5.979,41.727]},"properties":{"fecha":"2006-09-30","codigo_territorio":"49","nombre_territorio":"Zamora","longitud":-5.979,"latitud":41.727,"total":5111,"indefinido":470,"temporal":4641,"provincia":"ZA"}},{"type":"Feature","geometry":{"type":"Point","coordinates":[-4.397,41.835]},"properties":{"fecha":"2006-09-30","codigo_territorio":"07","nombre_territorio":"Castilla Le\u00f3n","longitud":-4.397,"latitud":41.835,"total":75621,"indefinido":8212,"temporal":67409,"provincia":"CYL"}},{"type":"Feature","geometry":{"type":"Point","coordinates":[-4.535,42.37]},"properties":{"fecha":"2006-09-30","codigo_territorio":"34","nombre_territorio":"Palencia","longitud":-4.535,"latitud":42.37,"total":4946,"indefinido":424,"temporal":4522,"provincia":"PA"}},{"type":"Feature","geometry":{"type":"Point","coordinates":[-6.066,40.805]},"properties":{"fecha":"2006-09-30","codigo_territorio":"37","nombre_territorio":"Salamanca","longitud":-6.066,"latitud":40.805,"total":9488,"indefinido":1246,"temporal":8242,"provincia":"SA"}},{"type":"Feature","geometry":{"type":"Point","coordinates":[-3.586,42.367]},"properties":{"fecha":"2006-08-31","codigo_territorio":"09","nombre_territorio":"Burgos","longitud":-3.586,"latitud":42.367,"total":10656,"indefinido":1094,"temporal":9562,"provincia":"BU"}},{"type":"Feature","geometry":{"type":"Point","coordinates":[-4.055,41.171]},"properties":{"fecha":"2006-08-31","codigo_territorio":"40","nombre_territorio":"Segovia","longitud":-4.055,"latitud":41.171,"total":4137,"indefinido":451,"temporal":3686,"provincia":"SE"}},{"type":"Feature","geometry":{"type":"Point","coordinates":[-2.589,41.621]},"properties":{"fecha":"2006-08-31","codigo_territorio":"42","nombre_territorio":"Soria","longitud":-2.589,"latitud":41.621,"total":2578,"indefinido":246,"temporal":2332,"provincia":"SO"}},{"type":"Feature","geometry":{"type":"Point","coordinates":[-4.397,41.835]},"properties":{"fecha":"2006-08-31","codigo_territorio":"07","nombre_territorio":"Castilla Le\u00f3n","longitud":-4.397,"latitud":41.835,"total":65971,"indefinido":6399,"temporal":59572,"provincia":"CYL"}},{"type":"Feature","geometry":{"type":"Point","coordinates":[-4.946,40.571]},"properties":{"fecha":"2006-08-31","codigo_territorio":"05","nombre_territorio":"\u00c1vila","longitud":-4.946,"latitud":40.571,"total":4275,"indefinido":362,"temporal":3913,"provincia":"AV"}},{"type":"Feature","geometry":{"type":"Point","coordinates":[-4.847,41.634]},"properties":{"fecha":"2006-08-31","codigo_territorio":"47","nombre_territorio":"Valladolid","longitud":-4.847,"latitud":41.634,"total":14947,"indefinido":1319,"temporal":13628,"provincia":"VA"}},{"type":"Feature","geometry":{"type":"Point","coordinates":[-5.979,41.727]},"properties":{"fecha":"2006-08-31","codigo_territorio":"49","nombre_territorio":"Zamora","longitud":-5.979,"latitud":41.727,"total":4678,"indefinido":446,"temporal":4232,"provincia":"ZA"}},{"type":"Feature","geometry":{"type":"Point","coordinates":[-5.841,42.62]},"properties":{"fecha":"2006-08-31","codigo_territorio":"24","nombre_territorio":"Le\u00f3n","longitud":-5.841,"latitud":42.62,"total":11244,"indefinido":1358,"temporal":9886,"provincia":"LE"}},{"type":"Feature","geometry":{"type":"Point","coordinates":[-4.535,42.37]},"properties":{"fecha":"2006-08-31","codigo_territorio":"34","nombre_territorio":"Palencia","longitud":-4.535,"latitud":42.37,"total":4678,"indefinido":329,"temporal":4349,"provincia":"PA"}},{"type":"Feature","geometry":{"type":"Point","coordinates":[-6.066,40.805]},"properties":{"fecha":"2006-08-31","codigo_territorio":"37","nombre_territorio":"Salamanca","longitud":-6.066,"latitud":40.805,"total":8778,"indefinido":794,"temporal":7984,"provincia":"SA"}},{"type":"Feature","geometry":{"type":"Point","coordinates":[-4.946,40.571]},"properties":{"fecha":"2006-07-31","codigo_territorio":"05","nombre_territorio":"\u00c1vila","longitud":-4.946,"latitud":40.571,"total":4055,"indefinido":246,"temporal":3809,"provincia":"AV"}},{"type":"Feature","geometry":{"type":"Point","coordinates":[-3.586,42.367]},"properties":{"fecha":"2006-07-31","codigo_territorio":"09","nombre_territorio":"Burgos","longitud":-3.586,"latitud":42.367,"total":13156,"indefinido":1115,"temporal":12041,"provincia":"BU"}},{"type":"Feature","geometry":{"type":"Point","coordinates":[-4.055,41.171]},"properties":{"fecha":"2006-07-31","codigo_territorio":"40","nombre_territorio":"Segovia","longitud":-4.055,"latitud":41.171,"total":4830,"indefinido":459,"temporal":4371,"provincia":"SE"}},{"type":"Feature","geometry":{"type":"Point","coordinates":[-2.589,41.621]},"properties":{"fecha":"2006-07-31","codigo_territorio":"42","nombre_territorio":"Soria","longitud":-2.589,"latitud":41.621,"total":3285,"indefinido":239,"temporal":3046,"provincia":"SO"}},{"type":"Feature","geometry":{"type":"Point","coordinates":[-6.066,40.805]},"properties":{"fecha":"2006-07-31","codigo_territorio":"37","nombre_territorio":"Salamanca","longitud":-6.066,"latitud":40.805,"total":10631,"indefinido":996,"temporal":9635,"provincia":"SA"}},{"type":"Feature","geometry":{"type":"Point","coordinates":[-4.847,41.634]},"properties":{"fecha":"2006-07-31","codigo_territorio":"47","nombre_territorio":"Valladolid","longitud":-4.847,"latitud":41.634,"total":17562,"indefinido":1551,"temporal":16011,"provincia":"VA"}},{"type":"Feature","geometry":{"type":"Point","coordinates":[-4.397,41.835]},"properties":{"fecha":"2006-07-31","codigo_territorio":"07","nombre_territorio":"Castilla Le\u00f3n","longitud":-4.397,"latitud":41.835,"total":77131,"indefinido":6966,"temporal":70165,"provincia":"CYL"}},{"type":"Feature","geometry":{"type":"Point","coordinates":[-5.841,42.62]},"properties":{"fecha":"2006-07-31","codigo_territorio":"24","nombre_territorio":"Le\u00f3n","longitud":-5.841,"latitud":42.62,"total":12261,"indefinido":1531,"temporal":10730,"provincia":"LE"}},{"type":"Feature","geometry":{"type":"Point","coordinates":[-4.535,42.37]},"properties":{"fecha":"2006-07-31","codigo_territorio":"34","nombre_territorio":"Palencia","longitud":-4.535,"latitud":42.37,"total":5579,"indefinido":400,"temporal":5179,"provincia":"PA"}},{"type":"Feature","geometry":{"type":"Point","coordinates":[-5.979,41.727]},"properties":{"fecha":"2006-07-31","codigo_territorio":"49","nombre_territorio":"Zamora","longitud":-5.979,"latitud":41.727,"total":5772,"indefinido":429,"temporal":5343,"provincia":"ZA"}},{"type":"Feature","geometry":{"type":"Point","coordinates":[-5.841,42.62]},"properties":{"fecha":"2006-06-30","codigo_territorio":"24","nombre_territorio":"Le\u00f3n","longitud":-5.841,"latitud":42.62,"total":11195,"indefinido":1068,"temporal":10127,"provincia":"LE"}},{"type":"Feature","geometry":{"type":"Point","coordinates":[-4.535,42.37]},"properties":{"fecha":"2006-06-30","codigo_territorio":"34","nombre_territorio":"Palencia","longitud":-4.535,"latitud":42.37,"total":4380,"indefinido":338,"temporal":4042,"provincia":"PA"}},{"type":"Feature","geometry":{"type":"Point","coordinates":[-4.397,41.835]},"properties":{"fecha":"2006-06-30","codigo_territorio":"07","nombre_territorio":"Castilla Le\u00f3n","longitud":-4.397,"latitud":41.835,"total":70486,"indefinido":6210,"temporal":64276,"provincia":"CYL"}},{"type":"Feature","geometry":{"type":"Point","coordinates":[-3.586,42.367]},"properties":{"fecha":"2006-06-30","codigo_territorio":"09","nombre_territorio":"Burgos","longitud":-3.586,"latitud":42.367,"total":11413,"indefinido":1007,"temporal":10406,"provincia":"BU"}},{"type":"Feature","geometry":{"type":"Point","coordinates":[-4.055,41.171]},"properties":{"fecha":"2006-06-30","codigo_territorio":"40","nombre_territorio":"Segovia","longitud":-4.055,"latitud":41.171,"total":4291,"indefinido":480,"temporal":3811,"provincia":"SE"}},{"type":"Feature","geometry":{"type":"Point","coordinates":[-2.589,41.621]},"properties":{"fecha":"2006-06-30","codigo_territorio":"42","nombre_territorio":"Soria","longitud":-2.589,"latitud":41.621,"total":2521,"indefinido":193,"temporal":2328,"provincia":"SO"}},{"type":"Feature","geometry":{"type":"Point","coordinates":[-4.847,41.634]},"properties":{"fecha":"2006-06-30","codigo_territorio":"47","nombre_territorio":"Valladolid","longitud":-4.847,"latitud":41.634,"total":18113,"indefinido":1430,"temporal":16683,"provincia":"VA"}},{"type":"Feature","geometry":{"type":"Point","coordinates":[-4.946,40.571]},"properties":{"fecha":"2006-06-30","codigo_territorio":"05","nombre_territorio":"\u00c1vila","longitud":-4.946,"latitud":40.571,"total":4605,"indefinido":392,"temporal":4213,"provincia":"AV"}},{"type":"Feature","geometry":{"type":"Point","coordinates":[-6.066,40.805]},"properties":{"fecha":"2006-06-30","codigo_territorio":"37","nombre_territorio":"Salamanca","longitud":-6.066,"latitud":40.805,"total":9685,"indefinido":847,"temporal":8838,"provincia":"SA"}},{"type":"Feature","geometry":{"type":"Point","coordinates":[-5.979,41.727]},"properties":{"fecha":"2006-06-30","codigo_territorio":"49","nombre_territorio":"Zamora","longitud":-5.979,"latitud":41.727,"total":4283,"indefinido":455,"temporal":3828,"provincia":"ZA"}},{"type":"Feature","geometry":{"type":"Point","coordinates":[-5.841,42.62]},"properties":{"fecha":"2006-05-31","codigo_territorio":"24","nombre_territorio":"Le\u00f3n","longitud":-5.841,"latitud":42.62,"total":10527,"indefinido":1136,"temporal":9391,"provincia":"LE"}},{"type":"Feature","geometry":{"type":"Point","coordinates":[-2.589,41.621]},"properties":{"fecha":"2006-05-31","codigo_territorio":"42","nombre_territorio":"Soria","longitud":-2.589,"latitud":41.621,"total":2405,"indefinido":245,"temporal":2160,"provincia":"SO"}},{"type":"Feature","geometry":{"type":"Point","coordinates":[-4.946,40.571]},"properties":{"fecha":"2006-05-31","codigo_territorio":"05","nombre_territorio":"\u00c1vila","longitud":-4.946,"latitud":40.571,"total":3533,"indefinido":301,"temporal":3232,"provincia":"AV"}},{"type":"Feature","geometry":{"type":"Point","coordinates":[-3.586,42.367]},"properties":{"fecha":"2006-05-31","codigo_territorio":"09","nombre_territorio":"Burgos","longitud":-3.586,"latitud":42.367,"total":10517,"indefinido":1014,"temporal":9503,"provincia":"BU"}},{"type":"Feature","geometry":{"type":"Point","coordinates":[-4.535,42.37]},"properties":{"fecha":"2006-05-31","codigo_territorio":"34","nombre_territorio":"Palencia","longitud":-4.535,"latitud":42.37,"total":3887,"indefinido":285,"temporal":3602,"provincia":"PA"}},{"type":"Feature","geometry":{"type":"Point","coordinates":[-4.055,41.171]},"properties":{"fecha":"2006-05-31","codigo_territorio":"40","nombre_territorio":"Segovia","longitud":-4.055,"latitud":41.171,"total":4231,"indefinido":549,"temporal":3682,"provincia":"SE"}},{"type":"Feature","geometry":{"type":"Point","coordinates":[-6.066,40.805]},"properties":{"fecha":"2006-05-31","codigo_territorio":"37","nombre_territorio":"Salamanca","longitud":-6.066,"latitud":40.805,"total":8286,"indefinido":768,"temporal":7518,"provincia":"SA"}},{"type":"Feature","geometry":{"type":"Point","coordinates":[-4.847,41.634]},"properties":{"fecha":"2006-05-31","codigo_territorio":"47","nombre_territorio":"Valladolid","longitud":-4.847,"latitud":41.634,"total":17515,"indefinido":1303,"temporal":16212,"provincia":"VA"}},{"type":"Feature","geometry":{"type":"Point","coordinates":[-5.979,41.727]},"properties":{"fecha":"2006-05-31","codigo_territorio":"49","nombre_territorio":"Zamora","longitud":-5.979,"latitud":41.727,"total":4595,"indefinido":322,"temporal":4273,"provincia":"ZA"}},{"type":"Feature","geometry":{"type":"Point","coordinates":[-4.397,41.835]},"properties":{"fecha":"2006-05-31","codigo_territorio":"07","nombre_territorio":"Castilla Le\u00f3n","longitud":-4.397,"latitud":41.835,"total":65496,"indefinido":5923,"temporal":59573,"provincia":"CYL"}},{"type":"Feature","geometry":{"type":"Point","coordinates":[-4.055,41.171]},"properties":{"fecha":"2006-04-30","codigo_territorio":"40","nombre_territorio":"Segovia","longitud":-4.055,"latitud":41.171,"total":3222,"indefinido":495,"temporal":2727,"provincia":"SE"}},{"type":"Feature","geometry":{"type":"Point","coordinates":[-2.589,41.621]},"properties":{"fecha":"2006-04-30","codigo_territorio":"42","nombre_territorio":"Soria","longitud":-2.589,"latitud":41.621,"total":1751,"indefinido":208,"temporal":1543,"provincia":"SO"}},{"type":"Feature","geometry":{"type":"Point","coordinates":[-4.397,41.835]},"properties":{"fecha":"2006-04-30","codigo_territorio":"07","nombre_territorio":"Castilla Le\u00f3n","longitud":-4.397,"latitud":41.835,"total":48603,"indefinido":5390,"temporal":43213,"provincia":"CYL"}},{"type":"Feature","geometry":{"type":"Point","coordinates":[-5.841,42.62]},"properties":{"fecha":"2006-04-30","codigo_territorio":"24","nombre_territorio":"Le\u00f3n","longitud":-5.841,"latitud":42.62,"total":7729,"indefinido":920,"temporal":6809,"provincia":"LE"}},{"type":"Feature","geometry":{"type":"Point","coordinates":[-6.066,40.805]},"properties":{"fecha":"2006-04-30","codigo_territorio":"37","nombre_territorio":"Salamanca","longitud":-6.066,"latitud":40.805,"total":6057,"indefinido":738,"temporal":5319,"provincia":"SA"}},{"type":"Feature","geometry":{"type":"Point","coordinates":[-4.847,41.634]},"properties":{"fecha":"2006-04-30","codigo_territorio":"47","nombre_territorio":"Valladolid","longitud":-4.847,"latitud":41.634,"total":12218,"indefinido":1222,"temporal":10996,"provincia":"VA"}},{"type":"Feature","geometry":{"type":"Point","coordinates":[-4.946,40.571]},"properties":{"fecha":"2006-04-30","codigo_territorio":"05","nombre_territorio":"\u00c1vila","longitud":-4.946,"latitud":40.571,"total":3130,"indefinido":322,"temporal":2808,"provincia":"AV"}},{"type":"Feature","geometry":{"type":"Point","coordinates":[-3.586,42.367]},"properties":{"fecha":"2006-04-30","codigo_territorio":"09","nombre_territorio":"Burgos","longitud":-3.586,"latitud":42.367,"total":8170,"indefinido":891,"temporal":7279,"provincia":"BU"}},{"type":"Feature","geometry":{"type":"Point","coordinates":[-4.535,42.37]},"properties":{"fecha":"2006-04-30","codigo_territorio":"34","nombre_territorio":"Palencia","longitud":-4.535,"latitud":42.37,"total":3105,"indefinido":275,"temporal":2830,"provincia":"PA"}},{"type":"Feature","geometry":{"type":"Point","coordinates":[-5.979,41.727]},"properties":{"fecha":"2006-04-30","codigo_territorio":"49","nombre_territorio":"Zamora","longitud":-5.979,"latitud":41.727,"total":3221,"indefinido":319,"temporal":2902,"provincia":"ZA"}},{"type":"Feature","geometry":{"type":"Point","coordinates":[-3.586,42.367]},"properties":{"fecha":"2006-03-31","codigo_territorio":"09","nombre_territorio":"Burgos","longitud":-3.586,"latitud":42.367,"total":9310,"indefinido":1039,"temporal":8271,"provincia":"BU"}},{"type":"Feature","geometry":{"type":"Point","coordinates":[-4.535,42.37]},"properties":{"fecha":"2006-03-31","codigo_territorio":"34","nombre_territorio":"Palencia","longitud":-4.535,"latitud":42.37,"total":3585,"indefinido":386,"temporal":3199,"provincia":"PA"}},{"type":"Feature","geometry":{"type":"Point","coordinates":[-6.066,40.805]},"properties":{"fecha":"2006-03-31","codigo_territorio":"37","nombre_territorio":"Salamanca","longitud":-6.066,"latitud":40.805,"total":7197,"indefinido":880,"temporal":6317,"provincia":"SA"}},{"type":"Feature","geometry":{"type":"Point","coordinates":[-4.847,41.634]},"properties":{"fecha":"2006-03-31","codigo_territorio":"47","nombre_territorio":"Valladolid","longitud":-4.847,"latitud":41.634,"total":14476,"indefinido":1568,"temporal":12908,"provincia":"VA"}},{"type":"Feature","geometry":{"type":"Point","coordinates":[-5.979,41.727]},"properties":{"fecha":"2006-03-31","codigo_territorio":"49","nombre_territorio":"Zamora","longitud":-5.979,"latitud":41.727,"total":3869,"indefinido":349,"temporal":3520,"provincia":"ZA"}},{"type":"Feature","geometry":{"type":"Point","coordinates":[-4.946,40.571]},"properties":{"fecha":"2006-03-31","codigo_territorio":"05","nombre_territorio":"\u00c1vila","longitud":-4.946,"latitud":40.571,"total":4634,"indefinido":517,"temporal":4117,"provincia":"AV"}},{"type":"Feature","geometry":{"type":"Point","coordinates":[-4.055,41.171]},"properties":{"fecha":"2006-03-31","codigo_territorio":"40","nombre_territorio":"Segovia","longitud":-4.055,"latitud":41.171,"total":3793,"indefinido":548,"temporal":3245,"provincia":"SE"}},{"type":"Feature","geometry":{"type":"Point","coordinates":[-2.589,41.621]},"properties":{"fecha":"2006-03-31","codigo_territorio":"42","nombre_territorio":"Soria","longitud":-2.589,"latitud":41.621,"total":2251,"indefinido":248,"temporal":2003,"provincia":"SO"}},{"type":"Feature","geometry":{"type":"Point","coordinates":[-4.397,41.835]},"properties":{"fecha":"2006-03-31","codigo_territorio":"07","nombre_territorio":"Castilla Le\u00f3n","longitud":-4.397,"latitud":41.835,"total":58686,"indefinido":6887,"temporal":51799,"provincia":"CYL"}},{"type":"Feature","geometry":{"type":"Point","coordinates":[-5.841,42.62]},"properties":{"fecha":"2006-03-31","codigo_territorio":"24","nombre_territorio":"Le\u00f3n","longitud":-5.841,"latitud":42.62,"total":9571,"indefinido":1352,"temporal":8219,"provincia":"LE"}},{"type":"Feature","geometry":{"type":"Point","coordinates":[-5.841,42.62]},"properties":{"fecha":"2006-02-28","codigo_territorio":"24","nombre_territorio":"Le\u00f3n","longitud":-5.841,"latitud":42.62,"total":8416,"indefinido":1139,"temporal":7277,"provincia":"LE"}},{"type":"Feature","geometry":{"type":"Point","coordinates":[-5.979,41.727]},"properties":{"fecha":"2006-02-28","codigo_territorio":"49","nombre_territorio":"Zamora","longitud":-5.979,"latitud":41.727,"total":3455,"indefinido":364,"temporal":3091,"provincia":"ZA"}},{"type":"Feature","geometry":{"type":"Point","coordinates":[-4.397,41.835]},"properties":{"fecha":"2006-02-28","codigo_territorio":"07","nombre_territorio":"Castilla Le\u00f3n","longitud":-4.397,"latitud":41.835,"total":51512,"indefinido":6103,"temporal":45409,"provincia":"CYL"}},{"type":"Feature","geometry":{"type":"Point","coordinates":[-4.055,41.171]},"properties":{"fecha":"2006-02-28","codigo_territorio":"40","nombre_territorio":"Segovia","longitud":-4.055,"latitud":41.171,"total":3065,"indefinido":424,"temporal":2641,"provincia":"SE"}},{"type":"Feature","geometry":{"type":"Point","coordinates":[-2.589,41.621]},"properties":{"fecha":"2006-02-28","codigo_territorio":"42","nombre_territorio":"Soria","longitud":-2.589,"latitud":41.621,"total":2037,"indefinido":267,"temporal":1770,"provincia":"SO"}},{"type":"Feature","geometry":{"type":"Point","coordinates":[-4.946,40.571]},"properties":{"fecha":"2006-02-28","codigo_territorio":"05","nombre_territorio":"\u00c1vila","longitud":-4.946,"latitud":40.571,"total":3780,"indefinido":422,"temporal":3358,"provincia":"AV"}},{"type":"Feature","geometry":{"type":"Point","coordinates":[-3.586,42.367]},"properties":{"fecha":"2006-02-28","codigo_territorio":"09","nombre_territorio":"Burgos","longitud":-3.586,"latitud":42.367,"total":8302,"indefinido":941,"temporal":7361,"provincia":"BU"}},{"type":"Feature","geometry":{"type":"Point","coordinates":[-4.535,42.37]},"properties":{"fecha":"2006-02-28","codigo_territorio":"34","nombre_territorio":"Palencia","longitud":-4.535,"latitud":42.37,"total":3254,"indefinido":341,"temporal":2913,"provincia":"PA"}},{"type":"Feature","geometry":{"type":"Point","coordinates":[-6.066,40.805]},"properties":{"fecha":"2006-02-28","codigo_territorio":"37","nombre_territorio":"Salamanca","longitud":-6.066,"latitud":40.805,"total":6468,"indefinido":751,"temporal":5717,"provincia":"SA"}},{"type":"Feature","geometry":{"type":"Point","coordinates":[-4.847,41.634]},"properties":{"fecha":"2006-02-28","codigo_territorio":"47","nombre_territorio":"Valladolid","longitud":-4.847,"latitud":41.634,"total":12735,"indefinido":1454,"temporal":11281,"provincia":"VA"}},{"type":"Feature","geometry":{"type":"Point","coordinates":[-4.946,40.571]},"properties":{"fecha":"2006-01-31","codigo_territorio":"05","nombre_territorio":"\u00c1vila","longitud":-4.946,"latitud":40.571,"total":3317,"indefinido":348,"temporal":2969,"provincia":"AV"}},{"type":"Feature","geometry":{"type":"Point","coordinates":[-6.066,40.805]},"properties":{"fecha":"2006-01-31","codigo_territorio":"37","nombre_territorio":"Salamanca","longitud":-6.066,"latitud":40.805,"total":6764,"indefinido":843,"temporal":5921,"provincia":"SA"}},{"type":"Feature","geometry":{"type":"Point","coordinates":[-2.589,41.621]},"properties":{"fecha":"2006-01-31","codigo_territorio":"42","nombre_territorio":"Soria","longitud":-2.589,"latitud":41.621,"total":2283,"indefinido":268,"temporal":2015,"provincia":"SO"}},{"type":"Feature","geometry":{"type":"Point","coordinates":[-4.847,41.634]},"properties":{"fecha":"2006-01-31","codigo_territorio":"47","nombre_territorio":"Valladolid","longitud":-4.847,"latitud":41.634,"total":13495,"indefinido":1328,"temporal":12167,"provincia":"VA"}},{"type":"Feature","geometry":{"type":"Point","coordinates":[-5.979,41.727]},"properties":{"fecha":"2006-01-31","codigo_territorio":"49","nombre_territorio":"Zamora","longitud":-5.979,"latitud":41.727,"total":3826,"indefinido":349,"temporal":3477,"provincia":"ZA"}},{"type":"Feature","geometry":{"type":"Point","coordinates":[-3.586,42.367]},"properties":{"fecha":"2006-01-31","codigo_territorio":"09","nombre_territorio":"Burgos","longitud":-3.586,"latitud":42.367,"total":9289,"indefinido":1260,"temporal":8029,"provincia":"BU"}},{"type":"Feature","geometry":{"type":"Point","coordinates":[-4.535,42.37]},"properties":{"fecha":"2006-01-31","codigo_territorio":"34","nombre_territorio":"Palencia","longitud":-4.535,"latitud":42.37,"total":4071,"indefinido":443,"temporal":3628,"provincia":"PA"}},{"type":"Feature","geometry":{"type":"Point","coordinates":[-4.397,41.835]},"properties":{"fecha":"2006-01-31","codigo_territorio":"07","nombre_territorio":"Castilla Le\u00f3n","longitud":-4.397,"latitud":41.835,"total":55925,"indefinido":6530,"temporal":49395,"provincia":"CYL"}},{"type":"Feature","geometry":{"type":"Point","coordinates":[-5.841,42.62]},"properties":{"fecha":"2006-01-31","codigo_territorio":"24","nombre_territorio":"Le\u00f3n","longitud":-5.841,"latitud":42.62,"total":9514,"indefinido":1262,"temporal":8252,"provincia":"LE"}},{"type":"Feature","geometry":{"type":"Point","coordinates":[-4.055,41.171]},"properties":{"fecha":"2006-01-31","codigo_territorio":"40","nombre_territorio":"Segovia","longitud":-4.055,"latitud":41.171,"total":3366,"indefinido":429,"temporal":2937,"provincia":"SE"}},{"type":"Feature","geometry":{"type":"Point","coordinates":[-4.946,40.571]},"properties":{"fecha":"2005-12-31","codigo_territorio":"05","nombre_territorio":"\u00c1vila","longitud":-4.946,"latitud":40.571,"total":3353,"indefinido":234,"temporal":3119,"provincia":"AV"}},{"type":"Feature","geometry":{"type":"Point","coordinates":[-6.066,40.805]},"properties":{"fecha":"2005-12-31","codigo_territorio":"37","nombre_territorio":"Salamanca","longitud":-6.066,"latitud":40.805,"total":6489,"indefinido":608,"temporal":5881,"provincia":"SA"}},{"type":"Feature","geometry":{"type":"Point","coordinates":[-4.055,41.171]},"properties":{"fecha":"2005-12-31","codigo_territorio":"40","nombre_territorio":"Segovia","longitud":-4.055,"latitud":41.171,"total":2903,"indefinido":348,"temporal":2555,"provincia":"SE"}},{"type":"Feature","geometry":{"type":"Point","coordinates":[-2.589,41.621]},"properties":{"fecha":"2005-12-31","codigo_territorio":"42","nombre_territorio":"Soria","longitud":-2.589,"latitud":41.621,"total":1748,"indefinido":232,"temporal":1516,"provincia":"SO"}},{"type":"Feature","geometry":{"type":"Point","coordinates":[-5.979,41.727]},"properties":{"fecha":"2005-12-31","codigo_territorio":"49","nombre_territorio":"Zamora","longitud":-5.979,"latitud":41.727,"total":3590,"indefinido":279,"temporal":3311,"provincia":"ZA"}},{"type":"Feature","geometry":{"type":"Point","coordinates":[-3.586,42.367]},"properties":{"fecha":"2005-12-31","codigo_territorio":"09","nombre_territorio":"Burgos","longitud":-3.586,"latitud":42.367,"total":8179,"indefinido":699,"temporal":7480,"provincia":"BU"}},{"type":"Feature","geometry":{"type":"Point","coordinates":[-5.841,42.62]},"properties":{"fecha":"2005-12-31","codigo_territorio":"24","nombre_territorio":"Le\u00f3n","longitud":-5.841,"latitud":42.62,"total":8575,"indefinido":1049,"temporal":7526,"provincia":"LE"}},{"type":"Feature","geometry":{"type":"Point","coordinates":[-4.847,41.634]},"properties":{"fecha":"2005-12-31","codigo_territorio":"47","nombre_territorio":"Valladolid","longitud":-4.847,"latitud":41.634,"total":12924,"indefinido":888,"temporal":12036,"provincia":"VA"}},{"type":"Feature","geometry":{"type":"Point","coordinates":[-4.535,42.37]},"properties":{"fecha":"2005-12-31","codigo_territorio":"34","nombre_territorio":"Palencia","longitud":-4.535,"latitud":42.37,"total":3326,"indefinido":243,"temporal":3083,"provincia":"PA"}},{"type":"Feature","geometry":{"type":"Point","coordinates":[-4.397,41.835]},"properties":{"fecha":"2005-12-31","codigo_territorio":"07","nombre_territorio":"Castilla Le\u00f3n","longitud":-4.397,"latitud":41.835,"total":51087,"indefinido":4580,"temporal":46507,"provincia":"CYL"}},{"type":"Feature","geometry":{"type":"Point","coordinates":[-3.586,42.367]},"properties":{"fecha":"2005-11-30","codigo_territorio":"09","nombre_territorio":"Burgos","longitud":-3.586,"latitud":42.367,"total":10370,"indefinido":1005,"temporal":9365,"provincia":"BU"}},{"type":"Feature","geometry":{"type":"Point","coordinates":[-5.841,42.62]},"properties":{"fecha":"2005-11-30","codigo_territorio":"24","nombre_territorio":"Le\u00f3n","longitud":-5.841,"latitud":42.62,"total":10828,"indefinido":1108,"temporal":9720,"provincia":"LE"}},{"type":"Feature","geometry":{"type":"Point","coordinates":[-6.066,40.805]},"properties":{"fecha":"2005-11-30","codigo_territorio":"37","nombre_territorio":"Salamanca","longitud":-6.066,"latitud":40.805,"total":8501,"indefinido":818,"temporal":7683,"provincia":"SA"}},{"type":"Feature","geometry":{"type":"Point","coordinates":[-4.055,41.171]},"properties":{"fecha":"2005-11-30","codigo_territorio":"40","nombre_territorio":"Segovia","longitud":-4.055,"latitud":41.171,"total":4329,"indefinido":466,"temporal":3863,"provincia":"SE"}},{"type":"Feature","geometry":{"type":"Point","coordinates":[-2.589,41.621]},"properties":{"fecha":"2005-11-30","codigo_territorio":"42","nombre_territorio":"Soria","longitud":-2.589,"latitud":41.621,"total":2518,"indefinido":314,"temporal":2204,"provincia":"SO"}},{"type":"Feature","geometry":{"type":"Point","coordinates":[-4.847,41.634]},"properties":{"fecha":"2005-11-30","codigo_territorio":"47","nombre_territorio":"Valladolid","longitud":-4.847,"latitud":41.634,"total":16436,"indefinido":1249,"temporal":15187,"provincia":"VA"}},{"type":"Feature","geometry":{"type":"Point","coordinates":[-5.979,41.727]},"properties":{"fecha":"2005-11-30","codigo_territorio":"49","nombre_territorio":"Zamora","longitud":-5.979,"latitud":41.727,"total":3847,"indefinido":410,"temporal":3437,"provincia":"ZA"}},{"type":"Feature","geometry":{"type":"Point","coordinates":[-4.535,42.37]},"properties":{"fecha":"2005-11-30","codigo_territorio":"34","nombre_territorio":"Palencia","longitud":-4.535,"latitud":42.37,"total":3786,"indefinido":360,"temporal":3426,"provincia":"PA"}},{"type":"Feature","geometry":{"type":"Point","coordinates":[-4.397,41.835]},"properties":{"fecha":"2005-11-30","codigo_territorio":"07","nombre_territorio":"Castilla Le\u00f3n","longitud":-4.397,"latitud":41.835,"total":64377,"indefinido":6036,"temporal":58341,"provincia":"CYL"}},{"type":"Feature","geometry":{"type":"Point","coordinates":[-4.946,40.571]},"properties":{"fecha":"2005-11-30","codigo_territorio":"05","nombre_territorio":"\u00c1vila","longitud":-4.946,"latitud":40.571,"total":3762,"indefinido":306,"temporal":3456,"provincia":"AV"}},{"type":"Feature","geometry":{"type":"Point","coordinates":[-2.589,41.621]},"properties":{"fecha":"2005-10-31","codigo_territorio":"42","nombre_territorio":"Soria","longitud":-2.589,"latitud":41.621,"total":2598,"indefinido":252,"temporal":2346,"provincia":"SO"}},{"type":"Feature","geometry":{"type":"Point","coordinates":[-5.979,41.727]},"properties":{"fecha":"2005-10-31","codigo_territorio":"49","nombre_territorio":"Zamora","longitud":-5.979,"latitud":41.727,"total":4622,"indefinido":343,"temporal":4279,"provincia":"ZA"}},{"type":"Feature","geometry":{"type":"Point","coordinates":[-4.946,40.571]},"properties":{"fecha":"2005-10-31","codigo_territorio":"05","nombre_territorio":"\u00c1vila","longitud":-4.946,"latitud":40.571,"total":6365,"indefinido":294,"temporal":6071,"provincia":"AV"}},{"type":"Feature","geometry":{"type":"Point","coordinates":[-4.847,41.634]},"properties":{"fecha":"2005-10-31","codigo_territorio":"47","nombre_territorio":"Valladolid","longitud":-4.847,"latitud":41.634,"total":17858,"indefinido":1514,"temporal":16344,"provincia":"VA"}},{"type":"Feature","geometry":{"type":"Point","coordinates":[-4.397,41.835]},"properties":{"fecha":"2005-10-31","codigo_territorio":"07","nombre_territorio":"Castilla Le\u00f3n","longitud":-4.397,"latitud":41.835,"total":75406,"indefinido":6535,"temporal":68871,"provincia":"CYL"}},{"type":"Feature","geometry":{"type":"Point","coordinates":[-3.586,42.367]},"properties":{"fecha":"2005-10-31","codigo_territorio":"09","nombre_territorio":"Burgos","longitud":-3.586,"latitud":42.367,"total":12803,"indefinido":1228,"temporal":11575,"provincia":"BU"}},{"type":"Feature","geometry":{"type":"Point","coordinates":[-5.841,42.62]},"properties":{"fecha":"2005-10-31","codigo_territorio":"24","nombre_territorio":"Le\u00f3n","longitud":-5.841,"latitud":42.62,"total":11512,"indefinido":1215,"temporal":10297,"provincia":"LE"}},{"type":"Feature","geometry":{"type":"Point","coordinates":[-4.535,42.37]},"properties":{"fecha":"2005-10-31","codigo_territorio":"34","nombre_territorio":"Palencia","longitud":-4.535,"latitud":42.37,"total":4661,"indefinido":382,"temporal":4279,"provincia":"PA"}},{"type":"Feature","geometry":{"type":"Point","coordinates":[-6.066,40.805]},"properties":{"fecha":"2005-10-31","codigo_territorio":"37","nombre_territorio":"Salamanca","longitud":-6.066,"latitud":40.805,"total":9493,"indefinido":942,"temporal":8551,"provincia":"SA"}},{"type":"Feature","geometry":{"type":"Point","coordinates":[-4.055,41.171]},"properties":{"fecha":"2005-10-31","codigo_territorio":"40","nombre_territorio":"Segovia","longitud":-4.055,"latitud":41.171,"total":5494,"indefinido":365,"temporal":5129,"provincia":"SE"}},{"type":"Feature","geometry":{"type":"Point","coordinates":[-4.397,41.835]},"properties":{"fecha":"2005-09-30","codigo_territorio":"07","nombre_territorio":"Castilla Le\u00f3n","longitud":-4.397,"latitud":41.835,"total":70294,"indefinido":5365,"temporal":64929,"provincia":"CYL"}},{"type":"Feature","geometry":{"type":"Point","coordinates":[-4.946,40.571]},"properties":{"fecha":"2005-09-30","codigo_territorio":"05","nombre_territorio":"\u00c1vila","longitud":-4.946,"latitud":40.571,"total":3397,"indefinido":185,"temporal":3212,"provincia":"AV"}},{"type":"Feature","geometry":{"type":"Point","coordinates":[-3.586,42.367]},"properties":{"fecha":"2005-09-30","codigo_territorio":"09","nombre_territorio":"Burgos","longitud":-3.586,"latitud":42.367,"total":11590,"indefinido":989,"temporal":10601,"provincia":"BU"}},{"type":"Feature","geometry":{"type":"Point","coordinates":[-4.535,42.37]},"properties":{"fecha":"2005-09-30","codigo_territorio":"34","nombre_territorio":"Palencia","longitud":-4.535,"latitud":42.37,"total":4617,"indefinido":281,"temporal":4336,"provincia":"PA"}},{"type":"Feature","geometry":{"type":"Point","coordinates":[-4.055,41.171]},"properties":{"fecha":"2005-09-30","codigo_territorio":"40","nombre_territorio":"Segovia","longitud":-4.055,"latitud":41.171,"total":4180,"indefinido":439,"temporal":3741,"provincia":"SE"}},{"type":"Feature","geometry":{"type":"Point","coordinates":[-2.589,41.621]},"properties":{"fecha":"2005-09-30","codigo_territorio":"42","nombre_territorio":"Soria","longitud":-2.589,"latitud":41.621,"total":2532,"indefinido":235,"temporal":2297,"provincia":"SO"}},{"type":"Feature","geometry":{"type":"Point","coordinates":[-5.841,42.62]},"properties":{"fecha":"2005-09-30","codigo_territorio":"24","nombre_territorio":"Le\u00f3n","longitud":-5.841,"latitud":42.62,"total":10701,"indefinido":996,"temporal":9705,"provincia":"LE"}},{"type":"Feature","geometry":{"type":"Point","coordinates":[-6.066,40.805]},"properties":{"fecha":"2005-09-30","codigo_territorio":"37","nombre_territorio":"Salamanca","longitud":-6.066,"latitud":40.805,"total":8949,"indefinido":711,"temporal":8238,"provincia":"SA"}},{"type":"Feature","geometry":{"type":"Point","coordinates":[-4.847,41.634]},"properties":{"fecha":"2005-09-30","codigo_territorio":"47","nombre_territorio":"Valladolid","longitud":-4.847,"latitud":41.634,"total":18900,"indefinido":1221,"temporal":17679,"provincia":"VA"}},{"type":"Feature","geometry":{"type":"Point","coordinates":[-5.979,41.727]},"properties":{"fecha":"2005-09-30","codigo_territorio":"49","nombre_territorio":"Zamora","longitud":-5.979,"latitud":41.727,"total":5428,"indefinido":308,"temporal":5120,"provincia":"ZA"}},{"type":"Feature","geometry":{"type":"Point","coordinates":[-5.841,42.62]},"properties":{"fecha":"2005-08-31","codigo_territorio":"24","nombre_territorio":"Le\u00f3n","longitud":-5.841,"latitud":42.62,"total":10720,"indefinido":792,"temporal":9928,"provincia":"LE"}},{"type":"Feature","geometry":{"type":"Point","coordinates":[-6.066,40.805]},"properties":{"fecha":"2005-08-31","codigo_territorio":"37","nombre_territorio":"Salamanca","longitud":-6.066,"latitud":40.805,"total":9839,"indefinido":715,"temporal":9124,"provincia":"SA"}},{"type":"Feature","geometry":{"type":"Point","coordinates":[-4.397,41.835]},"properties":{"fecha":"2005-08-31","codigo_territorio":"07","nombre_territorio":"Castilla Le\u00f3n","longitud":-4.397,"latitud":41.835,"total":63390,"indefinido":4453,"temporal":58937,"provincia":"CYL"}},{"type":"Feature","geometry":{"type":"Point","coordinates":[-2.589,41.621]},"properties":{"fecha":"2005-08-31","codigo_territorio":"42","nombre_territorio":"Soria","longitud":-2.589,"latitud":41.621,"total":2599,"indefinido":191,"temporal":2408,"provincia":"SO"}},{"type":"Feature","geometry":{"type":"Point","coordinates":[-5.979,41.727]},"properties":{"fecha":"2005-08-31","codigo_territorio":"49","nombre_territorio":"Zamora","longitud":-5.979,"latitud":41.727,"total":4714,"indefinido":346,"temporal":4368,"provincia":"ZA"}},{"type":"Feature","geometry":{"type":"Point","coordinates":[-4.946,40.571]},"properties":{"fecha":"2005-08-31","codigo_territorio":"05","nombre_territorio":"\u00c1vila","longitud":-4.946,"latitud":40.571,"total":3123,"indefinido":187,"temporal":2936,"provincia":"AV"}},{"type":"Feature","geometry":{"type":"Point","coordinates":[-3.586,42.367]},"properties":{"fecha":"2005-08-31","codigo_territorio":"09","nombre_territorio":"Burgos","longitud":-3.586,"latitud":42.367,"total":9839,"indefinido":728,"temporal":9111,"provincia":"BU"}},{"type":"Feature","geometry":{"type":"Point","coordinates":[-4.535,42.37]},"properties":{"fecha":"2005-08-31","codigo_territorio":"34","nombre_territorio":"Palencia","longitud":-4.535,"latitud":42.37,"total":4421,"indefinido":227,"temporal":4194,"provincia":"PA"}},{"type":"Feature","geometry":{"type":"Point","coordinates":[-4.055,41.171]},"properties":{"fecha":"2005-08-31","codigo_territorio":"40","nombre_territorio":"Segovia","longitud":-4.055,"latitud":41.171,"total":4013,"indefinido":385,"temporal":3628,"provincia":"SE"}},{"type":"Feature","geometry":{"type":"Point","coordinates":[-4.847,41.634]},"properties":{"fecha":"2005-08-31","codigo_territorio":"47","nombre_territorio":"Valladolid","longitud":-4.847,"latitud":41.634,"total":14122,"indefinido":882,"temporal":13240,"provincia":"VA"}},{"type":"Feature","geometry":{"type":"Point","coordinates":[-3.586,42.367]},"properties":{"fecha":"2005-07-31","codigo_territorio":"09","nombre_territorio":"Burgos","longitud":-3.586,"latitud":42.367,"total":12862,"indefinido":784,"temporal":12078,"provincia":"BU"}},{"type":"Feature","geometry":{"type":"Point","coordinates":[-4.847,41.634]},"properties":{"fecha":"2005-07-31","codigo_territorio":"47","nombre_territorio":"Valladolid","longitud":-4.847,"latitud":41.634,"total":16629,"indefinido":954,"temporal":15675,"provincia":"VA"}},{"type":"Feature","geometry":{"type":"Point","coordinates":[-4.535,42.37]},"properties":{"fecha":"2005-07-31","codigo_territorio":"34","nombre_territorio":"Palencia","longitud":-4.535,"latitud":42.37,"total":5398,"indefinido":291,"temporal":5107,"provincia":"PA"}},{"type":"Feature","geometry":{"type":"Point","coordinates":[-4.055,41.171]},"properties":{"fecha":"2005-07-31","codigo_territorio":"40","nombre_territorio":"Segovia","longitud":-4.055,"latitud":41.171,"total":4239,"indefinido":328,"temporal":3911,"provincia":"SE"}},{"type":"Feature","geometry":{"type":"Point","coordinates":[-5.979,41.727]},"properties":{"fecha":"2005-07-31","codigo_territorio":"49","nombre_territorio":"Zamora","longitud":-5.979,"latitud":41.727,"total":4042,"indefinido":247,"temporal":3795,"provincia":"ZA"}},{"type":"Feature","geometry":{"type":"Point","coordinates":[-4.397,41.835]},"properties":{"fecha":"2005-07-31","codigo_territorio":"07","nombre_territorio":"Castilla Le\u00f3n","longitud":-4.397,"latitud":41.835,"total":71912,"indefinido":4299,"temporal":67613,"provincia":"CYL"}},{"type":"Feature","geometry":{"type":"Point","coordinates":[-4.946,40.571]},"properties":{"fecha":"2005-07-31","codigo_territorio":"05","nombre_territorio":"\u00c1vila","longitud":-4.946,"latitud":40.571,"total":3620,"indefinido":168,"temporal":3452,"provincia":"AV"}},{"type":"Feature","geometry":{"type":"Point","coordinates":[-5.841,42.62]},"properties":{"fecha":"2005-07-31","codigo_territorio":"24","nombre_territorio":"Le\u00f3n","longitud":-5.841,"latitud":42.62,"total":12024,"indefinido":822,"temporal":11202,"provincia":"LE"}},{"type":"Feature","geometry":{"type":"Point","coordinates":[-6.066,40.805]},"properties":{"fecha":"2005-07-31","codigo_territorio":"37","nombre_territorio":"Salamanca","longitud":-6.066,"latitud":40.805,"total":9981,"indefinido":511,"temporal":9470,"provincia":"SA"}},{"type":"Feature","geometry":{"type":"Point","coordinates":[-2.589,41.621]},"properties":{"fecha":"2005-07-31","codigo_territorio":"42","nombre_territorio":"Soria","longitud":-2.589,"latitud":41.621,"total":3117,"indefinido":194,"temporal":2923,"provincia":"SO"}},{"type":"Feature","geometry":{"type":"Point","coordinates":[-5.841,42.62]},"properties":{"fecha":"2005-06-30","codigo_territorio":"24","nombre_territorio":"Le\u00f3n","longitud":-5.841,"latitud":42.62,"total":11317,"indefinido":926,"temporal":10391,"provincia":"LE"}},{"type":"Feature","geometry":{"type":"Point","coordinates":[-5.979,41.727]},"properties":{"fecha":"2005-06-30","codigo_territorio":"49","nombre_territorio":"Zamora","longitud":-5.979,"latitud":41.727,"total":3972,"indefinido":304,"temporal":3668,"provincia":"ZA"}},{"type":"Feature","geometry":{"type":"Point","coordinates":[-4.946,40.571]},"properties":{"fecha":"2005-06-30","codigo_territorio":"05","nombre_territorio":"\u00c1vila","longitud":-4.946,"latitud":40.571,"total":3919,"indefinido":319,"temporal":3600,"provincia":"AV"}},{"type":"Feature","geometry":{"type":"Point","coordinates":[-4.055,41.171]},"properties":{"fecha":"2005-06-30","codigo_territorio":"40","nombre_territorio":"Segovia","longitud":-4.055,"latitud":41.171,"total":3694,"indefinido":362,"temporal":3332,"provincia":"SE"}},{"type":"Feature","geometry":{"type":"Point","coordinates":[-3.586,42.367]},"properties":{"fecha":"2005-06-30","codigo_territorio":"09","nombre_territorio":"Burgos","longitud":-3.586,"latitud":42.367,"total":11072,"indefinido":927,"temporal":10145,"provincia":"BU"}},{"type":"Feature","geometry":{"type":"Point","coordinates":[-4.535,42.37]},"properties":{"fecha":"2005-06-30","codigo_territorio":"34","nombre_territorio":"Palencia","longitud":-4.535,"latitud":42.37,"total":4338,"indefinido":338,"temporal":4000,"provincia":"PA"}},{"type":"Feature","geometry":{"type":"Point","coordinates":[-6.066,40.805]},"properties":{"fecha":"2005-06-30","codigo_territorio":"37","nombre_territorio":"Salamanca","longitud":-6.066,"latitud":40.805,"total":9058,"indefinido":748,"temporal":8310,"provincia":"SA"}},{"type":"Feature","geometry":{"type":"Point","coordinates":[-2.589,41.621]},"properties":{"fecha":"2005-06-30","codigo_territorio":"42","nombre_territorio":"Soria","longitud":-2.589,"latitud":41.621,"total":2931,"indefinido":250,"temporal":2681,"provincia":"SO"}},{"type":"Feature","geometry":{"type":"Point","coordinates":[-4.847,41.634]},"properties":{"fecha":"2005-06-30","codigo_territorio":"47","nombre_territorio":"Valladolid","longitud":-4.847,"latitud":41.634,"total":17412,"indefinido":1302,"temporal":16110,"provincia":"VA"}},{"type":"Feature","geometry":{"type":"Point","coordinates":[-4.397,41.835]},"properties":{"fecha":"2005-06-30","codigo_territorio":"07","nombre_territorio":"Castilla Le\u00f3n","longitud":-4.397,"latitud":41.835,"total":67713,"indefinido":5476,"temporal":62237,"provincia":"CYL"}},{"type":"Feature","geometry":{"type":"Point","coordinates":[-4.535,42.37]},"properties":{"fecha":"2005-05-31","codigo_territorio":"34","nombre_territorio":"Palencia","longitud":-4.535,"latitud":42.37,"total":3888,"indefinido":304,"temporal":3584,"provincia":"PA"}},{"type":"Feature","geometry":{"type":"Point","coordinates":[-4.055,41.171]},"properties":{"fecha":"2005-05-31","codigo_territorio":"40","nombre_territorio":"Segovia","longitud":-4.055,"latitud":41.171,"total":2927,"indefinido":351,"temporal":2576,"provincia":"SE"}},{"type":"Feature","geometry":{"type":"Point","coordinates":[-2.589,41.621]},"properties":{"fecha":"2005-05-31","codigo_territorio":"42","nombre_territorio":"Soria","longitud":-2.589,"latitud":41.621,"total":2298,"indefinido":223,"temporal":2075,"provincia":"SO"}},{"type":"Feature","geometry":{"type":"Point","coordinates":[-4.847,41.634]},"properties":{"fecha":"2005-05-31","codigo_territorio":"47","nombre_territorio":"Valladolid","longitud":-4.847,"latitud":41.634,"total":16201,"indefinido":1134,"temporal":15067,"provincia":"VA"}},{"type":"Feature","geometry":{"type":"Point","coordinates":[-5.979,41.727]},"properties":{"fecha":"2005-05-31","codigo_territorio":"49","nombre_territorio":"Zamora","longitud":-5.979,"latitud":41.727,"total":3157,"indefinido":379,"temporal":2778,"provincia":"ZA"}},{"type":"Feature","geometry":{"type":"Point","coordinates":[-4.946,40.571]},"properties":{"fecha":"2005-05-31","codigo_territorio":"05","nombre_territorio":"\u00c1vila","longitud":-4.946,"latitud":40.571,"total":2394,"indefinido":201,"temporal":2193,"provincia":"AV"}},{"type":"Feature","geometry":{"type":"Point","coordinates":[-5.841,42.62]},"properties":{"fecha":"2005-05-31","codigo_territorio":"24","nombre_territorio":"Le\u00f3n","longitud":-5.841,"latitud":42.62,"total":9400,"indefinido":1131,"temporal":8269,"provincia":"LE"}},{"type":"Feature","geometry":{"type":"Point","coordinates":[-6.066,40.805]},"properties":{"fecha":"2005-05-31","codigo_territorio":"37","nombre_territorio":"Salamanca","longitud":-6.066,"latitud":40.805,"total":7069,"indefinido":663,"temporal":6406,"provincia":"SA"}},{"type":"Feature","geometry":{"type":"Point","coordinates":[-3.586,42.367]},"properties":{"fecha":"2005-05-31","codigo_territorio":"09","nombre_territorio":"Burgos","longitud":-3.586,"latitud":42.367,"total":9419,"indefinido":869,"temporal":8550,"provincia":"BU"}},{"type":"Feature","geometry":{"type":"Point","coordinates":[-4.397,41.835]},"properties":{"fecha":"2005-05-31","codigo_territorio":"07","nombre_territorio":"Castilla Le\u00f3n","longitud":-4.397,"latitud":41.835,"total":56753,"indefinido":5255,"temporal":51498,"provincia":"CYL"}},{"type":"Feature","geometry":{"type":"Point","coordinates":[-4.535,42.37]},"properties":{"fecha":"2005-04-30","codigo_territorio":"34","nombre_territorio":"Palencia","longitud":-4.535,"latitud":42.37,"total":3745,"indefinido":350,"temporal":3395,"provincia":"PA"}},{"type":"Feature","geometry":{"type":"Point","coordinates":[-4.055,41.171]},"properties":{"fecha":"2005-04-30","codigo_territorio":"40","nombre_territorio":"Segovia","longitud":-4.055,"latitud":41.171,"total":2851,"indefinido":379,"temporal":2472,"provincia":"SE"}},{"type":"Feature","geometry":{"type":"Point","coordinates":[-4.847,41.634]},"properties":{"fecha":"2005-04-30","codigo_territorio":"47","nombre_territorio":"Valladolid","longitud":-4.847,"latitud":41.634,"total":13594,"indefinido":1191,"temporal":12403,"provincia":"VA"}},{"type":"Feature","geometry":{"type":"Point","coordinates":[-5.979,41.727]},"properties":{"fecha":"2005-04-30","codigo_territorio":"49","nombre_territorio":"Zamora","longitud":-5.979,"latitud":41.727,"total":3389,"indefinido":334,"temporal":3055,"provincia":"ZA"}},{"type":"Feature","geometry":{"type":"Point","coordinates":[-4.397,41.835]},"properties":{"fecha":"2005-04-30","codigo_territorio":"07","nombre_territorio":"Castilla Le\u00f3n","longitud":-4.397,"latitud":41.835,"total":51795,"indefinido":5413,"temporal":46382,"provincia":"CYL"}},{"type":"Feature","geometry":{"type":"Point","coordinates":[-3.586,42.367]},"properties":{"fecha":"2005-04-30","codigo_territorio":"09","nombre_territorio":"Burgos","longitud":-3.586,"latitud":42.367,"total":8135,"indefinido":906,"temporal":7229,"provincia":"BU"}},{"type":"Feature","geometry":{"type":"Point","coordinates":[-2.589,41.621]},"properties":{"fecha":"2005-04-30","codigo_territorio":"42","nombre_territorio":"Soria","longitud":-2.589,"latitud":41.621,"total":1953,"indefinido":175,"temporal":1778,"provincia":"SO"}},{"type":"Feature","geometry":{"type":"Point","coordinates":[-4.946,40.571]},"properties":{"fecha":"2005-04-30","codigo_territorio":"05","nombre_territorio":"\u00c1vila","longitud":-4.946,"latitud":40.571,"total":2903,"indefinido":297,"temporal":2606,"provincia":"AV"}},{"type":"Feature","geometry":{"type":"Point","coordinates":[-5.841,42.62]},"properties":{"fecha":"2005-04-30","codigo_territorio":"24","nombre_territorio":"Le\u00f3n","longitud":-5.841,"latitud":42.62,"total":8850,"indefinido":1057,"temporal":7793,"provincia":"LE"}},{"type":"Feature","geometry":{"type":"Point","coordinates":[-6.066,40.805]},"properties":{"fecha":"2005-04-30","codigo_territorio":"37","nombre_territorio":"Salamanca","longitud":-6.066,"latitud":40.805,"total":6375,"indefinido":724,"temporal":5651,"provincia":"SA"}},{"type":"Feature","geometry":{"type":"Point","coordinates":[-3.586,42.367]},"properties":{"fecha":"2005-03-31","codigo_territorio":"09","nombre_territorio":"Burgos","longitud":-3.586,"latitud":42.367,"total":8684,"indefinido":930,"temporal":7754,"provincia":"BU"}},{"type":"Feature","geometry":{"type":"Point","coordinates":[-5.841,42.62]},"properties":{"fecha":"2005-03-31","codigo_territorio":"24","nombre_territorio":"Le\u00f3n","longitud":-5.841,"latitud":42.62,"total":9006,"indefinido":1169,"temporal":7837,"provincia":"LE"}},{"type":"Feature","geometry":{"type":"Point","coordinates":[-2.589,41.621]},"properties":{"fecha":"2005-03-31","codigo_territorio":"42","nombre_territorio":"Soria","longitud":-2.589,"latitud":41.621,"total":2082,"indefinido":224,"temporal":1858,"provincia":"SO"}},{"type":"Feature","geometry":{"type":"Point","coordinates":[-4.397,41.835]},"properties":{"fecha":"2005-03-31","codigo_territorio":"07","nombre_territorio":"Castilla Le\u00f3n","longitud":-4.397,"latitud":41.835,"total":52273,"indefinido":5726,"temporal":46547,"provincia":"CYL"}},{"type":"Feature","geometry":{"type":"Point","coordinates":[-4.946,40.571]},"properties":{"fecha":"2005-03-31","codigo_territorio":"05","nombre_territorio":"\u00c1vila","longitud":-4.946,"latitud":40.571,"total":2800,"indefinido":288,"temporal":2512,"provincia":"AV"}},{"type":"Feature","geometry":{"type":"Point","coordinates":[-4.535,42.37]},"properties":{"fecha":"2005-03-31","codigo_territorio":"34","nombre_territorio":"Palencia","longitud":-4.535,"latitud":42.37,"total":3388,"indefinido":309,"temporal":3079,"provincia":"PA"}},{"type":"Feature","geometry":{"type":"Point","coordinates":[-6.066,40.805]},"properties":{"fecha":"2005-03-31","codigo_territorio":"37","nombre_territorio":"Salamanca","longitud":-6.066,"latitud":40.805,"total":6471,"indefinido":789,"temporal":5682,"provincia":"SA"}},{"type":"Feature","geometry":{"type":"Point","coordinates":[-4.055,41.171]},"properties":{"fecha":"2005-03-31","codigo_territorio":"40","nombre_territorio":"Segovia","longitud":-4.055,"latitud":41.171,"total":2691,"indefinido":367,"temporal":2324,"provincia":"SE"}},{"type":"Feature","geometry":{"type":"Point","coordinates":[-4.847,41.634]},"properties":{"fecha":"2005-03-31","codigo_territorio":"47","nombre_territorio":"Valladolid","longitud":-4.847,"latitud":41.634,"total":13673,"indefinido":1279,"temporal":12394,"provincia":"VA"}},{"type":"Feature","geometry":{"type":"Point","coordinates":[-5.979,41.727]},"properties":{"fecha":"2005-03-31","codigo_territorio":"49","nombre_territorio":"Zamora","longitud":-5.979,"latitud":41.727,"total":3478,"indefinido":371,"temporal":3107,"provincia":"ZA"}},{"type":"Feature","geometry":{"type":"Point","coordinates":[-4.946,40.571]},"properties":{"fecha":"2005-02-28","codigo_territorio":"05","nombre_territorio":"\u00c1vila","longitud":-4.946,"latitud":40.571,"total":2625,"indefinido":305,"temporal":2320,"provincia":"AV"}},{"type":"Feature","geometry":{"type":"Point","coordinates":[-2.589,41.621]},"properties":{"fecha":"2005-02-28","codigo_territorio":"42","nombre_territorio":"Soria","longitud":-2.589,"latitud":41.621,"total":1714,"indefinido":245,"temporal":1469,"provincia":"SO"}},{"type":"Feature","geometry":{"type":"Point","coordinates":[-5.841,42.62]},"properties":{"fecha":"2005-02-28","codigo_territorio":"24","nombre_territorio":"Le\u00f3n","longitud":-5.841,"latitud":42.62,"total":8478,"indefinido":1043,"temporal":7435,"provincia":"LE"}},{"type":"Feature","geometry":{"type":"Point","coordinates":[-4.535,42.37]},"properties":{"fecha":"2005-02-28","codigo_territorio":"34","nombre_territorio":"Palencia","longitud":-4.535,"latitud":42.37,"total":2980,"indefinido":292,"temporal":2688,"provincia":"PA"}},{"type":"Feature","geometry":{"type":"Point","coordinates":[-4.055,41.171]},"properties":{"fecha":"2005-02-28","codigo_territorio":"40","nombre_territorio":"Segovia","longitud":-4.055,"latitud":41.171,"total":2701,"indefinido":425,"temporal":2276,"provincia":"SE"}},{"type":"Feature","geometry":{"type":"Point","coordinates":[-3.586,42.367]},"properties":{"fecha":"2005-02-28","codigo_territorio":"09","nombre_territorio":"Burgos","longitud":-3.586,"latitud":42.367,"total":7924,"indefinido":891,"temporal":7033,"provincia":"BU"}},{"type":"Feature","geometry":{"type":"Point","coordinates":[-6.066,40.805]},"properties":{"fecha":"2005-02-28","codigo_territorio":"37","nombre_territorio":"Salamanca","longitud":-6.066,"latitud":40.805,"total":6232,"indefinido":732,"temporal":5500,"provincia":"SA"}},{"type":"Feature","geometry":{"type":"Point","coordinates":[-4.847,41.634]},"properties":{"fecha":"2005-02-28","codigo_territorio":"47","nombre_territorio":"Valladolid","longitud":-4.847,"latitud":41.634,"total":12744,"indefinido":1269,"temporal":11475,"provincia":"VA"}},{"type":"Feature","geometry":{"type":"Point","coordinates":[-5.979,41.727]},"properties":{"fecha":"2005-02-28","codigo_territorio":"49","nombre_territorio":"Zamora","longitud":-5.979,"latitud":41.727,"total":3313,"indefinido":336,"temporal":2977,"provincia":"ZA"}},{"type":"Feature","geometry":{"type":"Point","coordinates":[-4.397,41.835]},"properties":{"fecha":"2005-02-28","codigo_territorio":"07","nombre_territorio":"Castilla Le\u00f3n","longitud":-4.397,"latitud":41.835,"total":48711,"indefinido":5538,"temporal":43173,"provincia":"CYL"}},{"type":"Feature","geometry":{"type":"Point","coordinates":[-4.946,40.571]},"properties":{"fecha":"2005-01-31","codigo_territorio":"05","nombre_territorio":"\u00c1vila","longitud":-4.946,"latitud":40.571,"total":2356,"indefinido":286,"temporal":2070,"provincia":"AV"}},{"type":"Feature","geometry":{"type":"Point","coordinates":[-6.066,40.805]},"properties":{"fecha":"2005-01-31","codigo_territorio":"37","nombre_territorio":"Salamanca","longitud":-6.066,"latitud":40.805,"total":7159,"indefinido":681,"temporal":6478,"provincia":"SA"}},{"type":"Feature","geometry":{"type":"Point","coordinates":[-4.055,41.171]},"properties":{"fecha":"2005-01-31","codigo_territorio":"40","nombre_territorio":"Segovia","longitud":-4.055,"latitud":41.171,"total":2536,"indefinido":362,"temporal":2174,"provincia":"SE"}},{"type":"Feature","geometry":{"type":"Point","coordinates":[-2.589,41.621]},"properties":{"fecha":"2005-01-31","codigo_territorio":"42","nombre_territorio":"Soria","longitud":-2.589,"latitud":41.621,"total":2037,"indefinido":251,"temporal":1786,"provincia":"SO"}},{"type":"Feature","geometry":{"type":"Point","coordinates":[-4.397,41.835]},"properties":{"fecha":"2005-01-31","codigo_territorio":"07","nombre_territorio":"Castilla Le\u00f3n","longitud":-4.397,"latitud":41.835,"total":53126,"indefinido":5256,"temporal":47870,"provincia":"CYL"}},{"type":"Feature","geometry":{"type":"Point","coordinates":[-3.586,42.367]},"properties":{"fecha":"2005-01-31","codigo_territorio":"09","nombre_territorio":"Burgos","longitud":-3.586,"latitud":42.367,"total":8899,"indefinido":907,"temporal":7992,"provincia":"BU"}},{"type":"Feature","geometry":{"type":"Point","coordinates":[-5.841,42.62]},"properties":{"fecha":"2005-01-31","codigo_territorio":"24","nombre_territorio":"Le\u00f3n","longitud":-5.841,"latitud":42.62,"total":9248,"indefinido":899,"temporal":8349,"provincia":"LE"}},{"type":"Feature","geometry":{"type":"Point","coordinates":[-4.535,42.37]},"properties":{"fecha":"2005-01-31","codigo_territorio":"34","nombre_territorio":"Palencia","longitud":-4.535,"latitud":42.37,"total":3569,"indefinido":333,"temporal":3236,"provincia":"PA"}},{"type":"Feature","geometry":{"type":"Point","coordinates":[-4.847,41.634]},"properties":{"fecha":"2005-01-31","codigo_territorio":"47","nombre_territorio":"Valladolid","longitud":-4.847,"latitud":41.634,"total":12868,"indefinido":1186,"temporal":11682,"provincia":"VA"}},{"type":"Feature","geometry":{"type":"Point","coordinates":[-5.979,41.727]},"properties":{"fecha":"2005-01-31","codigo_territorio":"49","nombre_territorio":"Zamora","longitud":-5.979,"latitud":41.727,"total":4454,"indefinido":351,"temporal":4103,"provincia":"ZA"}}]}